Workbook
Name Dataload: TickerList!$B$2:$E$75
Name SelRow: 5
Name SelRowNum: 5
Name StripName: TickerList!$H$2:$H$96
Name StripTick: TickerList!$F$2:$F$75
Name T_List: TickerList!$A$2:$A$75

Sheet DataRT
A1: =MAX(E3:E96) | B1: Today | E1: Today | F1: =NOW() | P1: 58505147 | X1: From DataLocal Sheet2
A2: Ticker_Symbol | B2: ExchR | C2: Company Name | D2: Currency | E2: Last_trade_time | F2: Close | G2: Open | H2: M_Price | I2: Low | J2: High | K2: P/E | L2: Change | M2: Change% | N2: 52_week_low | O2: 52_week_high | P2: Volume | Q2: Volume average | R2: Beta | S2: suffix | T2: Custody2 | U2: Exchange abbreviation | V2: V/VA | W2: Column1 | X2: 1YT | Y2: Ddate | Z2: EarningDate | AA2: RepDiv | AB2: Broker | AC2: Stamp | AD2: Old1YT | AE2: YTChange | AF2: Column2
A3: {=_xlfn.SINGLE(DataRT!$S$3:$S$96)&_FV(DataRT!$C3,"Ticker symbol",TRUE)} | B3: =D99 | C3: #VALUE! | D3: {=_FV(DataRT!$C3,"Currency")} | E3: {=_FV(DataRT!$C3,"Last trade time",TRUE)} | F3: {=_FV(DataRT!$C3,"Previous close",TRUE)} | G3: {=IFERROR(_FV(DataRT!$C3,"Open"),DataRT!$F3)} | H3: {=_FV(DataRT!$C3,"Price")} | I3: {=IFERROR(_FV(DataRT!$C3,"Low"),0)} | J3: {=IFERROR(_FV(DataRT!$C3,"High"),0)} | K3: {=IFERROR(_FV(DataRT!$C3,"P/E",TRUE),99)} | L3: {=_FV(DataRT!$C3,"Change")} | M3: {=_FV(DataRT!$C3,"Change (%)",TRUE)} | N3: {=_FV(DataRT!$C3,"52 week low",TRUE)} | O3: {=_FV(DataRT!$C3,"52 week high",TRUE)} | P3: {=_FV(DataRT!$C3,"Volume")} | Q3: {=_FV(DataRT!$C3,"Volume average",TRUE)} | R3: {=_FV(DataRT!$C3,"Beta")} | T3: V | U3: {=_FV(DataRT!$C3,"Exchange abbreviation",TRUE)} | V3: =IFERROR(DataRT!$P3/DataRT!$Q3,1) | X3: =_xlfn.XLOOKUP(DataRT!$A3,TickerList!$G2:$G96,TickerList!L2:L96) | Y3: =_xlfn.XLOOKUP(DataRT!$A3,TickerList!$G2:$G96,TickerList!M2:M96) | Z3: =_xlfn.XLOOKUP(DataRT!$A3,TickerList!$G2:$G96,TickerList!N2:N96) | AA3: =_xlfn.XLOOKUP(DataRT!$A3,TickerList!$G2:$G96,TickerList!O2:O96) | AB3: 0.0001 | AC3: 0.003 | AD3: 245.31 | AE3: =_xlfn.LET(_xlpm.New1YT,DataRT!$X3, _xlpm.Old1YT,IF(ISNUMBER(DataRT!$AD3),DataRT!$AD3,VALUE(LEFT(DataRT!$AD3,FIND("/",DataRT!$AD3,1)-1))), IF(OR(DataRT!$X3=0,_xlpm.Old1YT=0),0,(_xlpm.New1YT-_xlpm.Old1YT)/_xlpm.Old1YT)) | AF3: =TEXT(DataRT!$X3,"#,#0.00")&" < "&DataRT!$AD3
A4: {=_xlfn.SINGLE(DataRT!$S$3:$S$96)&_FV(DataRT!$C4,"Ticker symbol",TRUE)} | B4: =D99 | C4: #VALUE! | D4: {=_FV(DataRT!$C4,"Currency")} | E4: {=_FV(DataRT!$C4,"Last trade time",TRUE)} | F4: {=_FV(DataRT!$C4,"Previous close",TRUE)} | G4: {=IFERROR(_FV(DataRT!$C4,"Open"),DataRT!$F4)} | H4: {=_FV(DataRT!$C4,"Price")} | I4: {=IFERROR(_FV(DataRT!$C4,"Low"),0)} | J4: {=IFERROR(_FV(DataRT!$C4,"High"),0)} | K4: {=IFERROR(_FV(DataRT!$C4,"P/E",TRUE),99)} | L4: {=_FV(DataRT!$C4,"Change")} | M4: {=_FV(DataRT!$C4,"Change (%)",TRUE)} | N4: {=_FV(DataRT!$C4,"52 week low",TRUE)} | O4: {=_FV(DataRT!$C4,"52 week high",TRUE)} | P4: {=_FV(DataRT!$C4,"Volume")} | Q4: {=_FV(DataRT!$C4,"Volume average",TRUE)} | R4: {=_FV(DataRT!$C4,"Beta")} | T4: V | U4: {=_FV(DataRT!$C4,"Exchange abbreviation",TRUE)} | V4: =IFERROR(DataRT!$P4/DataRT!$Q4,1) | X4: =_xlfn.XLOOKUP(DataRT!$A4,TickerList!$G3:$G97,TickerList!L3:L97) | Y4: =_xlfn.XLOOKUP(DataRT!$A4,TickerList!$G3:$G97,TickerList!M3:M97) | Z4: =_xlfn.XLOOKUP(DataRT!$A4,TickerList!$G3:$G97,TickerList!N3:N97) | AA4: =_xlfn.XLOOKUP(DataRT!$A4,TickerList!$G3:$G97,TickerList!O3:O97) | AB4: 0.0001 | AC4: 0.003 | AD4: 15.33 | AE4: =_xlfn.LET(_xlpm.New1YT,DataRT!$X4, _xlpm.Old1YT,IF(ISNUMBER(DataRT!$AD4),DataRT!$AD4,VALUE(LEFT(DataRT!$AD4,FIND("/",DataRT!$AD4,1)-1))), IF(OR(DataRT!$X4=0,_xlpm.Old1YT=0),0,(_xlpm.New1YT-_xlpm.Old1YT)/_xlpm.Old1YT)) | AF4: =TEXT(DataRT!$X4,"#,#0.00")&" < "&DataRT!$AD4
A5: {=_xlfn.SINGLE(DataRT!$S$3:$S$96)&_FV(DataRT!$C5,"Ticker symbol",TRUE)} | B5: =D101/100 | C5: #VALUE! | D5: {=_FV(DataRT!$C5,"Currency")} | E5: {=_FV(DataRT!$C5,"Last trade time",TRUE)} | F5: {=_FV(DataRT!$C5,"Previous close",TRUE)} | G5: {=IFERROR(_FV(DataRT!$C5,"Open"),DataRT!$F5)} | H5: {=_FV(DataRT!$C5,"Price")} | I5: {=IFERROR(_FV(DataRT!$C5,"Low"),0)} | J5: {=IFERROR(_FV(DataRT!$C5,"High"),0)} | K5: {=IFERROR(_FV(DataRT!$C5,"P/E",TRUE),99)} | L5: {=_FV(DataRT!$C5,"Change")} | M5: {=_FV(DataRT!$C5,"Change (%)",TRUE)} | N5: {=_FV(DataRT!$C5,"52 week low",TRUE)} | O5: {=_FV(DataRT!$C5,"52 week high",TRUE)} | P5: {=_FV(DataRT!$C5,"Volume")} | Q5: {=_FV(DataRT!$C5,"Volume average",TRUE)} | R5: {=_FV(DataRT!$C5,"Beta")} | T5: V | U5: {=_FV(DataRT!$C5,"Exchange abbreviation",TRUE)} | V5: =IFERROR(DataRT!$P5/DataRT!$Q5,1) | X5: =_xlfn.XLOOKUP(DataRT!$A5,TickerList!$G4:$G98,TickerList!L4:L98) | Y5: =_xlfn.XLOOKUP(DataRT!$A5,TickerList!$G4:$G98,TickerList!M4:M98) | Z5: =_xlfn.XLOOKUP(DataRT!$A5,TickerList!$G4:$G98,TickerList!N4:N98) | AA5: =_xlfn.XLOOKUP(DataRT!$A5,TickerList!$G4:$G98,TickerList!O4:O98) | AC5: 0.003 | AD5: 91.96/86.78 | AE5: =_xlfn.LET(_xlpm.New1YT,DataRT!$X5, _xlpm.Old1YT,IF(ISNUMBER(DataRT!$AD5),DataRT!$AD5,VALUE(LEFT(DataRT!$AD5,FIND("/",DataRT!$AD5,1)-1))), IF(OR(DataRT!$X5=0,_xlpm.Old1YT=0),0,(_xlpm.New1YT-_xlpm.Old1YT)/_xlpm.Old1YT)) | AF5: =TEXT(DataRT!$X5,"#,#0.00")&" < "&DataRT!$AD5
A6: {=_xlfn.SINGLE(DataRT!$S$3:$S$96)&_FV(DataRT!$C6,"Ticker symbol",TRUE)} | B6: =D99 | C6: #VALUE! | D6: {=_FV(DataRT!$C6,"Currency")} | E6: {=_FV(DataRT!$C6,"Last trade time",TRUE)} | F6: {=_FV(DataRT!$C6,"Previous close",TRUE)} | G6: {=IFERROR(_FV(DataRT!$C6,"Open"),DataRT!$F6)} | H6: {=_FV(DataRT!$C6,"Price")} | I6: {=IFERROR(_FV(DataRT!$C6,"Low"),0)} | J6: {=IFERROR(_FV(DataRT!$C6,"High"),0)} | K6: {=IFERROR(_FV(DataRT!$C6,"P/E",TRUE),99)} | L6: {=_FV(DataRT!$C6,"Change")} | M6: {=_FV(DataRT!$C6,"Change (%)",TRUE)} | N6: {=_FV(DataRT!$C6,"52 week low",TRUE)} | O6: {=_FV(DataRT!$C6,"52 week high",TRUE)} | P6: {=_FV(DataRT!$C6,"Volume")} | Q6: {=_FV(DataRT!$C6,"Volume average",TRUE)} | R6: {=_FV(DataRT!$C6,"Beta")} | T6: V | U6: {=_FV(DataRT!$C6,"Exchange abbreviation",TRUE)} | V6: =IFERROR(DataRT!$P6/DataRT!$Q6,1) | X6: =_xlfn.XLOOKUP(DataRT!$A6,TickerList!$G5:$G99,TickerList!L5:L99) | Y6: =_xlfn.XLOOKUP(DataRT!$A6,TickerList!$G5:$G99,TickerList!M5:M99) | Z6: =_xlfn.XLOOKUP(DataRT!$A6,TickerList!$G5:$G99,TickerList!N5:N99) | AA6: =_xlfn.XLOOKUP(DataRT!$A6,TickerList!$G5:$G99,TickerList!O5:O99) | AB6: 0.0001 | AC6: 0.003 | AD6: 238.96/218.19 | AE6: =_xlfn.LET(_xlpm.New1YT,DataRT!$X6, _xlpm.Old1YT,IF(ISNUMBER(DataRT!$AD6),DataRT!$AD6,VALUE(LEFT(DataRT!$AD6,FIND("/",DataRT!$AD6,1)-1))), IF(OR(DataRT!$X6=0,_xlpm.Old1YT=0),0,(_xlpm.New1YT-_xlpm.Old1YT)/_xlpm.Old1YT)) | AF6: =TEXT(DataRT!$X6,"#,#0.00")&" < "&DataRT!$AD6
A7: {=_xlfn.SINGLE(DataRT!$S$3:$S$96)&_FV(DataRT!$C7,"Ticker symbol",TRUE)} | B7: 1 | C7: #VALUE! | D7: {=_FV(DataRT!$C7,"Currency")} | E7: {=_FV(DataRT!$C7,"Last trade time",TRUE)} | F7: {=_FV(DataRT!$C7,"Previous close",TRUE)} | G7: {=IFERROR(_FV(DataRT!$C7,"Open"),DataRT!$F7)} | H7: {=_FV(DataRT!$C7,"Price")} | I7: {=IFERROR(_FV(DataRT!$C7,"Low"),0)} | J7: {=IFERROR(_FV(DataRT!$C7,"High"),0)} | K7: {=IFERROR(_FV(DataRT!$C7,"P/E",TRUE),99)} | L7: {=_FV(DataRT!$C7,"Change")} | M7: {=_FV(DataRT!$C7,"Change (%)",TRUE)} | N7: {=_FV(DataRT!$C7,"52 week low",TRUE)} | O7: {=_FV(DataRT!$C7,"52 week high",TRUE)} | P7: {=_FV(DataRT!$C7,"Volume")} | Q7: {=_FV(DataRT!$C7,"Volume average",TRUE)} | R7: {=_FV(DataRT!$C7,"Beta")} | T7: V | U7: {=_FV(DataRT!$C7,"Exchange abbreviation",TRUE)} | V7: =IFERROR(DataRT!$P7/DataRT!$Q7,1) | X7: =_xlfn.XLOOKUP(DataRT!$A7,TickerList!$G6:$G100,TickerList!L6:L100) | Y7: =_xlfn.XLOOKUP(DataRT!$A7,TickerList!$G6:$G100,TickerList!M6:M100) | Z7: =_xlfn.XLOOKUP(DataRT!$A7,TickerList!$G6:$G100,TickerList!N6:N100) | AA7: =_xlfn.XLOOKUP(DataRT!$A7,TickerList!$G6:$G100,TickerList!O6:O100) | AC7: 0.003 | AD7: 3.87 | AE7: =_xlfn.LET(_xlpm.New1YT,DataRT!$X7, _xlpm.Old1YT,IF(ISNUMBER(DataRT!$AD7),DataRT!$AD7,VALUE(LEFT(DataRT!$AD7,FIND("/",DataRT!$AD7,1)-1))), IF(OR(DataRT!$X7=0,_xlpm.Old1YT=0),0,(_xlpm.New1YT-_xlpm.Old1YT)/_xlpm.Old1YT)) | AF7: =TEXT(DataRT!$X7,"#,#0.00")&" < "&DataRT!$AD7
A8: {=_xlfn.SINGLE(DataRT!$S$3:$S$96)&_FV(DataRT!$C8,"Ticker symbol",TRUE)} | B8: 1 | C8: #VALUE! | D8: {=_FV(DataRT!$C8,"Currency")} | E8: {=_FV(DataRT!$C8,"Last trade time",TRUE)} | F8: {=_FV(DataRT!$C8,"Previous close",TRUE)} | G8: {=IFERROR(_FV(DataRT!$C8,"Open"),DataRT!$F8)} | H8: {=_FV(DataRT!$C8,"Price")} | I8: {=IFERROR(_FV(DataRT!$C8,"Low"),0)} | J8: {=IFERROR(_FV(DataRT!$C8,"High"),0)} | K8: {=IFERROR(_FV(DataRT!$C8,"P/E",TRUE),99)} | L8: {=_FV(DataRT!$C8,"Change")} | M8: {=_FV(DataRT!$C8,"Change (%)",TRUE)} | N8: {=_FV(DataRT!$C8,"52 week low",TRUE)} | O8: {=_FV(DataRT!$C8,"52 week high",TRUE)} | P8: {=_FV(DataRT!$C8,"Volume")} | Q8: {=_FV(DataRT!$C8,"Volume average",TRUE)} | R8: {=_FV(DataRT!$C8,"Beta")} | T8: V | U8: {=_FV(DataRT!$C8,"Exchange abbreviation",TRUE)} | V8: =IFERROR(DataRT!$P8/DataRT!$Q8,1) | X8: =_xlfn.XLOOKUP(DataRT!$A8,TickerList!$G7:$G101,TickerList!L7:L101) | Y8: =_xlfn.XLOOKUP(DataRT!$A8,TickerList!$G7:$G101,TickerList!M7:M101) | Z8: =_xlfn.XLOOKUP(DataRT!$A8,TickerList!$G7:$G101,TickerList!N7:N101) | AA8: =_xlfn.XLOOKUP(DataRT!$A8,TickerList!$G7:$G101,TickerList!O7:O101) | AC8: 0.003 | AD8: 847.58 | AE8: =_xlfn.LET(_xlpm.New1YT,DataRT!$X8, _xlpm.Old1YT,IF(ISNUMBER(DataRT!$AD8),DataRT!$AD8,VALUE(LEFT(DataRT!$AD8,FIND("/",DataRT!$AD8,1)-1))), IF(OR(DataRT!$X8=0,_xlpm.Old1YT=0),0,(_xlpm.New1YT-_xlpm.Old1YT)/_xlpm.Old1YT)) | AF8: =TEXT(DataRT!$X8,"#,#0.00")&" < "&DataRT!$AD8
A9: {=_xlfn.SINGLE(DataRT!$S$3:$S$96)&_FV(DataRT!$C9,"Ticker symbol",TRUE)} | B9: 1 | C9: #VALUE! | D9: {=_FV(DataRT!$C9,"Currency")} | E9: {=_FV(DataRT!$C9,"Last trade time",TRUE)} | F9: {=_FV(DataRT!$C9,"Previous close",TRUE)} | G9: {=IFERROR(_FV(DataRT!$C9,"Open"),DataRT!$F9)} | H9: {=_FV(DataRT!$C9,"Price")} | I9: {=IFERROR(_FV(DataRT!$C9,"Low"),0)} | J9: {=IFERROR(_FV(DataRT!$C9,"High"),0)} | K9: {=IFERROR(_FV(DataRT!$C9,"P/E",TRUE),99)} | L9: {=_FV(DataRT!$C9,"Change")} | M9: {=_FV(DataRT!$C9,"Change (%)",TRUE)} | N9: {=_FV(DataRT!$C9,"52 week low",TRUE)} | O9: {=_FV(DataRT!$C9,"52 week high",TRUE)} | P9: {=_FV(DataRT!$C9,"Volume")} | Q9: {=_FV(DataRT!$C9,"Volume average",TRUE)} | R9: {=_FV(DataRT!$C9,"Beta")} | U9: {=_FV(DataRT!$C9,"Exchange abbreviation",TRUE)} | V9: =IFERROR(DataRT!$P9/DataRT!$Q9,1) | X9: =_xlfn.XLOOKUP(DataRT!$A9,TickerList!$G8:$G102,TickerList!L8:L102) | Y9: =_xlfn.XLOOKUP(DataRT!$A9,TickerList!$G8:$G102,TickerList!M8:M102) | Z9: =_xlfn.XLOOKUP(DataRT!$A9,TickerList!$G8:$G102,TickerList!N8:N102) | AA9: =_xlfn.XLOOKUP(DataRT!$A9,TickerList!$G8:$G102,TickerList!O8:O102) | AC9: 0.003 | AD9: 848.58 | AE9: =_xlfn.LET(_xlpm.New1YT,DataRT!$X9, _xlpm.Old1YT,IF(ISNUMBER(DataRT!$AD9),DataRT!$AD9,VALUE(LEFT(DataRT!$AD9,FIND("/",DataRT!$AD9,1)-1))), IF(OR(DataRT!$X9=0,_xlpm.Old1YT=0),0,(_xlpm.New1YT-_xlpm.Old1YT)/_xlpm.Old1YT)) | AF9: =TEXT(DataRT!$X9,"#,#0.00")&" < "&DataRT!$AD9
A10: {=_xlfn.SINGLE(DataRT!$S$3:$S$96)&_FV(DataRT!$C10,"Ticker symbol",TRUE)} | B10: 1 | C10: #VALUE! | D10: {=_FV(DataRT!$C10,"Currency")} | E10: {=_FV(DataRT!$C10,"Last trade time",TRUE)} | F10: {=_FV(DataRT!$C10,"Previous close",TRUE)} | G10: {=IFERROR(_FV(DataRT!$C10,"Open"),DataRT!$F10)} | H10: {=_FV(DataRT!$C10,"Price")} | I10: {=IFERROR(_FV(DataRT!$C10,"Low"),0)} | J10: {=IFERROR(_FV(DataRT!$C10,"High"),0)} | K10: {=IFERROR(_FV(DataRT!$C10,"P/E",TRUE),99)} | L10: {=_FV(DataRT!$C10,"Change")} | M10: {=_FV(DataRT!$C10,"Change (%)",TRUE)} | N10: {=_FV(DataRT!$C10,"52 week low",TRUE)} | O10: {=_FV(DataRT!$C10,"52 week high",TRUE)} | P10: {=_FV(DataRT!$C10,"Volume")} | Q10: {=_FV(DataRT!$C10,"Volume average",TRUE)} | R10: {=_FV(DataRT!$C10,"Beta")} | U10: {=_FV(DataRT!$C10,"Exchange abbreviation",TRUE)} | V10: =IFERROR(DataRT!$P10/DataRT!$Q10,1) | X10: =_xlfn.XLOOKUP(DataRT!$A10,TickerList!$G9:$G103,TickerList!L9:L103) | Y10: =_xlfn.XLOOKUP(DataRT!$A10,TickerList!$G9:$G103,TickerList!M9:M103) | Z10: =_xlfn.XLOOKUP(DataRT!$A10,TickerList!$G9:$G103,TickerList!N9:N103) | AA10: =_xlfn.XLOOKUP(DataRT!$A10,TickerList!$G9:$G103,TickerList!O9:O103) | AC10: 0.003 | AD10: 849.58 | AE10: =_xlfn.LET(_xlpm.New1YT,DataRT!$X10, _xlpm.Old1YT,IF(ISNUMBER(DataRT!$AD10),DataRT!$AD10,VALUE(LEFT(DataRT!$AD10,FIND("/",DataRT!$AD10,1)-1))), IF(OR(DataRT!$X10=0,_xlpm.Old1YT=0),0,(_xlpm.New1YT-_xlpm.Old1YT)/_xlpm.Old1YT)) | AF10: =TEXT(DataRT!$X10,"#,#0.00")&" < "&DataRT!$AD10
A11: {=_xlfn.SINGLE(DataRT!$S$3:$S$96)&_FV(DataRT!$C11,"Ticker symbol",TRUE)} | B11: =D99 | C11: #VALUE! | D11: {=_FV(DataRT!$C11,"Currency")} | E11: {=_FV(DataRT!$C11,"Last trade time",TRUE)} | F11: {=_FV(DataRT!$C11,"Previous close",TRUE)} | G11: {=IFERROR(_FV(DataRT!$C11,"Open"),DataRT!$F11)} | H11: {=_FV(DataRT!$C11,"Price")} | I11: {=IFERROR(_FV(DataRT!$C11,"Low"),0)} | J11: {=IFERROR(_FV(DataRT!$C11,"High"),0)} | K11: {=IFERROR(_FV(DataRT!$C11,"P/E",TRUE),99)} | L11: {=_FV(DataRT!$C11,"Change")} | M11: {=_FV(DataRT!$C11,"Change (%)",TRUE)} | N11: {=_FV(DataRT!$C11,"52 week low",TRUE)} | O11: {=_FV(DataRT!$C11,"52 week high",TRUE)} | P11: {=_FV(DataRT!$C11,"Volume")} | Q11: {=_FV(DataRT!$C11,"Volume average",TRUE)} | R11: {=_FV(DataRT!$C11,"Beta")} | T11: V | U11: {=_FV(DataRT!$C11,"Exchange abbreviation",TRUE)} | V11: =IFERROR(DataRT!$P11/DataRT!$Q11,1) | X11: =_xlfn.XLOOKUP(DataRT!$A11,TickerList!$G10:$G104,TickerList!L10:L104) | Y11: =_xlfn.XLOOKUP(DataRT!$A11,TickerList!$G10:$G104,TickerList!M10:M104) | Z11: =_xlfn.XLOOKUP(DataRT!$A11,TickerList!$G10:$G104,TickerList!N10:N104) | AA11: =_xlfn.XLOOKUP(DataRT!$A11,TickerList!$G10:$G104,TickerList!O10:O104) | AB11: 0.0001 | AC11: 0.003 | AD11: 90.46 | AE11: =_xlfn.LET(_xlpm.New1YT,DataRT!$X11, _xlpm.Old1YT,IF(ISNUMBER(DataRT!$AD11),DataRT!$AD11,VALUE(LEFT(DataRT!$AD11,FIND("/",DataRT!$AD11,1)-1))), IF(OR(DataRT!$X11=0,_xlpm.Old1YT=0),0,(_xlpm.New1YT-_xlpm.Old1YT)/_xlpm.Old1YT)) | AF11: =TEXT(DataRT!$X11,"#,#0.00")&" < "&DataRT!$AD11
A12: {=_xlfn.SINGLE(DataRT!$S$3:$S$96)&_FV(DataRT!$C12,"Ticker symbol",TRUE)} | B12: =D99 | C12: #VALUE! | D12: {=_FV(DataRT!$C12,"Currency")} | E12: {=_FV(DataRT!$C12,"Last trade time",TRUE)} | F12: {=_FV(DataRT!$C12,"Previous close",TRUE)} | G12: {=IFERROR(_FV(DataRT!$C12,"Open"),DataRT!$F12)} | H12: {=_FV(DataRT!$C12,"Price")} | I12: {=IFERROR(_FV(DataRT!$C12,"Low"),0)} | J12: {=IFERROR(_FV(DataRT!$C12,"High"),0)} | K12: {=IFERROR(_FV(DataRT!$C12,"P/E",TRUE),99)} | L12: {=_FV(DataRT!$C12,"Change")} | M12: {=_FV(DataRT!$C12,"Change (%)",TRUE)} | N12: {=_FV(DataRT!$C12,"52 week low",TRUE)} | O12: {=_FV(DataRT!$C12,"52 week high",TRUE)} | P12: {=_FV(DataRT!$C12,"Volume")} | Q12: {=_FV(DataRT!$C12,"Volume average",TRUE)} | R12: {=_FV(DataRT!$C12,"Beta")} | T12: V | U12: {=_FV(DataRT!$C12,"Exchange abbreviation",TRUE)} | V12: =IFERROR(DataRT!$P12/DataRT!$Q12,1) | X12: =_xlfn.XLOOKUP(DataRT!$A12,TickerList!$G11:$G105,TickerList!L11:L105) | Y12: =_xlfn.XLOOKUP(DataRT!$A12,TickerList!$G11:$G105,TickerList!M11:M105) | Z12: =_xlfn.XLOOKUP(DataRT!$A12,TickerList!$G11:$G105,TickerList!N11:N105) | AA12: =_xlfn.XLOOKUP(DataRT!$A12,TickerList!$G11:$G105,TickerList!O11:O105) | AB12: 0.0001 | AC12: 0.003 | AD12: 2.73 | AE12: =_xlfn.LET(_xlpm.New1YT,DataRT!$X12, _xlpm.Old1YT,IF(ISNUMBER(DataRT!$AD12),DataRT!$AD12,VALUE(LEFT(DataRT!$AD12,FIND("/",DataRT!$AD12,1)-1))), IF(OR(DataRT!$X12=0,_xlpm.Old1YT=0),0,(_xlpm.New1YT-_xlpm.Old1YT)/_xlpm.Old1YT)) | AF12: =TEXT(DataRT!$X12,"#,#0.00")&" < "&DataRT!$AD12
A13: {=_xlfn.SINGLE(DataRT!$S$3:$S$96)&_FV(DataRT!$C13,"Ticker symbol",TRUE)} | B13: =D99 | C13: #VALUE! | D13: {=_FV(DataRT!$C13,"Currency")} | E13: {=_FV(DataRT!$C13,"Last trade time",TRUE)} | F13: {=_FV(DataRT!$C13,"Previous close",TRUE)} | G13: {=IFERROR(_FV(DataRT!$C13,"Open"),DataRT!$F13)} | H13: {=_FV(DataRT!$C13,"Price")} | I13: {=IFERROR(_FV(DataRT!$C13,"Low"),0)} | J13: {=IFERROR(_FV(DataRT!$C13,"High"),0)} | K13: {=IFERROR(_FV(DataRT!$C13,"P/E",TRUE),99)} | L13: {=_FV(DataRT!$C13,"Change")} | M13: {=_FV(DataRT!$C13,"Change (%)",TRUE)} | N13: {=_FV(DataRT!$C13,"52 week low",TRUE)} | O13: {=_FV(DataRT!$C13,"52 week high",TRUE)} | P13: {=_FV(DataRT!$C13,"Volume")} | Q13: {=_FV(DataRT!$C13,"Volume average",TRUE)} | R13: {=_FV(DataRT!$C13,"Beta")} | T13: V | U13: {=_FV(DataRT!$C13,"Exchange abbreviation",TRUE)} | V13: =IFERROR(DataRT!$P13/DataRT!$Q13,1) | X13: =_xlfn.XLOOKUP(DataRT!$A13,TickerList!$G12:$G106,TickerList!L12:L106) | Y13: =_xlfn.XLOOKUP(DataRT!$A13,TickerList!$G12:$G106,TickerList!M12:M106) | Z13: =_xlfn.XLOOKUP(DataRT!$A13,TickerList!$G12:$G106,TickerList!N12:N106) | AA13: =_xlfn.XLOOKUP(DataRT!$A13,TickerList!$G12:$G106,TickerList!O12:O106) | AB13: 0.0001 | AC13: 0.003 | AD13: 13.26 | AE13: =_xlfn.LET(_xlpm.New1YT,DataRT!$X13, _xlpm.Old1YT,IF(ISNUMBER(DataRT!$AD13),DataRT!$AD13,VALUE(LEFT(DataRT!$AD13,FIND("/",DataRT!$AD13,1)-1))), IF(OR(DataRT!$X13=0,_xlpm.Old1YT=0),0,(_xlpm.New1YT-_xlpm.Old1YT)/_xlpm.Old1YT)) | AF13: =TEXT(DataRT!$X13,"#,#0.00")&" < "&DataRT!$AD13
A14: {=_xlfn.SINGLE(DataRT!$S$3:$S$96)&_FV(DataRT!$C14,"Ticker symbol",TRUE)} | B14: =D99 | C14: #VALUE! | D14: {=_FV(DataRT!$C14,"Currency")} | E14: {=_FV(DataRT!$C14,"Last trade time",TRUE)} | F14: {=_FV(DataRT!$C14,"Previous close",TRUE)} | G14: {=IFERROR(_FV(DataRT!$C14,"Open"),DataRT!$F14)} | H14: {=_FV(DataRT!$C14,"Price")} | I14: {=IFERROR(_FV(DataRT!$C14,"Low"),0)} | J14: {=IFERROR(_FV(DataRT!$C14,"High"),0)} | K14: {=IFERROR(_FV(DataRT!$C14,"P/E",TRUE),99)} | L14: {=_FV(DataRT!$C14,"Change")} | M14: {=_FV(DataRT!$C14,"Change (%)",TRUE)} | N14: {=_FV(DataRT!$C14,"52 week low",TRUE)} | O14: {=_FV(DataRT!$C14,"52 week high",TRUE)} | P14: {=_FV(DataRT!$C14,"Volume")} | Q14: {=_FV(DataRT!$C14,"Volume average",TRUE)} | R14: {=_FV(DataRT!$C14,"Beta")} | T14: V | U14: {=_FV(DataRT!$C14,"Exchange abbreviation",TRUE)} | V14: =IFERROR(DataRT!$P14/DataRT!$Q14,1) | X14: =_xlfn.XLOOKUP(DataRT!$A14,TickerList!$G13:$G107,TickerList!L13:L107) | Y14: =_xlfn.XLOOKUP(DataRT!$A14,TickerList!$G13:$G107,TickerList!M13:M107) | Z14: =_xlfn.XLOOKUP(DataRT!$A14,TickerList!$G13:$G107,TickerList!N13:N107) | AA14: =_xlfn.XLOOKUP(DataRT!$A14,TickerList!$G13:$G107,TickerList!O13:O107) | AB14: 0.0001 | AC14: 0.003 | AD14: 87.38/72.32 | AE14: =_xlfn.LET(_xlpm.New1YT,DataRT!$X14, _xlpm.Old1YT,IF(ISNUMBER(DataRT!$AD14),DataRT!$AD14,VALUE(LEFT(DataRT!$AD14,FIND("/",DataRT!$AD14,1)-1))), IF(OR(DataRT!$X14=0,_xlpm.Old1YT=0),0,(_xlpm.New1YT-_xlpm.Old1YT)/_xlpm.Old1YT)) | AF14: =TEXT(DataRT!$X14,"#,#0.00")&" < "&DataRT!$AD14
A15: {=_xlfn.SINGLE(DataRT!$S$3:$S$96)&_FV(DataRT!$C15,"Ticker symbol",TRUE)} | B15: =D99 | C15: #VALUE! | D15: {=_FV(DataRT!$C15,"Currency")} | E15: {=_FV(DataRT!$C15,"Last trade time",TRUE)} | F15: {=_FV(DataRT!$C15,"Previous close",TRUE)} | G15: {=IFERROR(_FV(DataRT!$C15,"Open"),DataRT!$F15)} | H15: {=_FV(DataRT!$C15,"Price")} | I15: {=IFERROR(_FV(DataRT!$C15,"Low"),0)} | J15: {=IFERROR(_FV(DataRT!$C15,"High"),0)} | K15: {=IFERROR(_FV(DataRT!$C15,"P/E",TRUE),99)} | L15: {=_FV(DataRT!$C15,"Change")} | M15: {=_FV(DataRT!$C15,"Change (%)",TRUE)} | N15: {=_FV(DataRT!$C15,"52 week low",TRUE)} | O15: {=_FV(DataRT!$C15,"52 week high",TRUE)} | P15: {=_FV(DataRT!$C15,"Volume")} | Q15: {=_FV(DataRT!$C15,"Volume average",TRUE)} | R15: {=_FV(DataRT!$C15,"Beta")} | T15: V | U15: {=_FV(DataRT!$C15,"Exchange abbreviation",TRUE)} | V15: =IFERROR(DataRT!$P15/DataRT!$Q15,1) | X15: =_xlfn.XLOOKUP(DataRT!$A15,TickerList!$G14:$G108,TickerList!L14:L108) | Y15: =_xlfn.XLOOKUP(DataRT!$A15,TickerList!$G14:$G108,TickerList!M14:M108) | Z15: =_xlfn.XLOOKUP(DataRT!$A15,TickerList!$G14:$G108,TickerList!N14:N108) | AA15: =_xlfn.XLOOKUP(DataRT!$A15,TickerList!$G14:$G108,TickerList!O14:O108) | AB15: 0.0001 | AC15: 0.003 | AD15: 75.81476/55.04 | AE15: =_xlfn.LET(_xlpm.New1YT,DataRT!$X15, _xlpm.Old1YT,IF(ISNUMBER(DataRT!$AD15),DataRT!$AD15,VALUE(LEFT(DataRT!$AD15,FIND("/",DataRT!$AD15,1)-1))), IF(OR(DataRT!$X15=0,_xlpm.Old1YT=0),0,(_xlpm.New1YT-_xlpm.Old1YT)/_xlpm.Old1YT)) | AF15: =TEXT(DataRT!$X15,"#,#0.00")&" < "&DataRT!$AD15
A16: {=_xlfn.SINGLE(DataRT!$S$3:$S$96)&_FV(DataRT!$C16,"Ticker symbol",TRUE)} | B16: =D99 | C16: #VALUE! | D16: {=_FV(DataRT!$C16,"Currency")} | E16: {=_FV(DataRT!$C16,"Last trade time",TRUE)} | F16: {=_FV(DataRT!$C16,"Previous close",TRUE)} | G16: {=IFERROR(_FV(DataRT!$C16,"Open"),DataRT!$F16)} | H16: {=_FV(DataRT!$C16,"Price")} | I16: {=IFERROR(_FV(DataRT!$C16,"Low"),0)} | J16: {=IFERROR(_FV(DataRT!$C16,"High"),0)} | K16: {=IFERROR(_FV(DataRT!$C16,"P/E",TRUE),99)} | L16: {=_FV(DataRT!$C16,"Change")} | M16: {=_FV(DataRT!$C16,"Change (%)",TRUE)} | N16: {=_FV(DataRT!$C16,"52 week low",TRUE)} | O16: {=_FV(DataRT!$C16,"52 week high",TRUE)} | P16: {=_FV(DataRT!$C16,"Volume")} | Q16: {=_FV(DataRT!$C16,"Volume average",TRUE)} | R16: {=_FV(DataRT!$C16,"Beta")} | T16: V | U16: {=_FV(DataRT!$C16,"Exchange abbreviation",TRUE)} | V16: =IFERROR(DataRT!$P16/DataRT!$Q16,1) | X16: =_xlfn.XLOOKUP(DataRT!$A16,TickerList!$G15:$G109,TickerList!L15:L109) | Y16: =_xlfn.XLOOKUP(DataRT!$A16,TickerList!$G15:$G109,TickerList!M15:M109) | Z16: =_xlfn.XLOOKUP(DataRT!$A16,TickerList!$G15:$G109,TickerList!N15:N109) | AA16: =_xlfn.XLOOKUP(DataRT!$A16,TickerList!$G15:$G109,TickerList!O15:O109) | AB16: 0.0001 | AC16: 0.003 | AD16: 72.3 | AE16: =_xlfn.LET(_xlpm.New1YT,DataRT!$X16, _xlpm.Old1YT,IF(ISNUMBER(DataRT!$AD16),DataRT!$AD16,VALUE(LEFT(DataRT!$AD16,FIND("/",DataRT!$AD16,1)-1))), IF(OR(DataRT!$X16=0,_xlpm.Old1YT=0),0,(_xlpm.New1YT-_xlpm.Old1YT)/_xlpm.Old1YT)) | AF16: =TEXT(DataRT!$X16,"#,#0.00")&" < "&DataRT!$AD16
A17: {=_xlfn.SINGLE(DataRT!$S$3:$S$96)&_FV(DataRT!$C17,"Ticker symbol",TRUE)} | B17: =D99 | C17: #VALUE! | D17: {=_FV(DataRT!$C17,"Currency")} | E17: {=_FV(DataRT!$C17,"Last trade time",TRUE)} | F17: {=_FV(DataRT!$C17,"Previous close",TRUE)} | G17: {=IFERROR(_FV(DataRT!$C17,"Open"),DataRT!$F17)} | H17: {=_FV(DataRT!$C17,"Price")} | I17: {=IFERROR(_FV(DataRT!$C17,"Low"),0)} | J17: {=IFERROR(_FV(DataRT!$C17,"High"),0)} | K17: {=IFERROR(_FV(DataRT!$C17,"P/E",TRUE),99)} | L17: {=_FV(DataRT!$C17,"Change")} | M17: {=_FV(DataRT!$C17,"Change (%)",TRUE)} | N17: {=_FV(DataRT!$C17,"52 week low",TRUE)} | O17: {=_FV(DataRT!$C17,"52 week high",TRUE)} | P17: {=_FV(DataRT!$C17,"Volume")} | Q17: {=_FV(DataRT!$C17,"Volume average",TRUE)} | R17: {=_FV(DataRT!$C17,"Beta")} | T17: V | U17: {=_FV(DataRT!$C17,"Exchange abbreviation",TRUE)} | V17: =IFERROR(DataRT!$P17/DataRT!$Q17,1) | X17: =_xlfn.XLOOKUP(DataRT!$A17,TickerList!$G16:$G110,TickerList!L16:L110) | Y17: =_xlfn.XLOOKUP(DataRT!$A17,TickerList!$G16:$G110,TickerList!M16:M110) | Z17: =_xlfn.XLOOKUP(DataRT!$A17,TickerList!$G16:$G110,TickerList!N16:N110) | AA17: =_xlfn.XLOOKUP(DataRT!$A17,TickerList!$G16:$G110,TickerList!O16:O110) | AB17: 0.0001 | AC17: 0.003 | AD17: 3.94 | AE17: =_xlfn.LET(_xlpm.New1YT,DataRT!$X17, _xlpm.Old1YT,IF(ISNUMBER(DataRT!$AD17),DataRT!$AD17,VALUE(LEFT(DataRT!$AD17,FIND("/",DataRT!$AD17,1)-1))), IF(OR(DataRT!$X17=0,_xlpm.Old1YT=0),0,(_xlpm.New1YT-_xlpm.Old1YT)/_xlpm.Old1YT)) | AF17: =TEXT(DataRT!$X17,"#,#0.00")&" < "&DataRT!$AD17
A18: {=_xlfn.SINGLE(DataRT!$S$3:$S$96)&_FV(DataRT!$C18,"Ticker symbol",TRUE)} | B18: =D99 | C18: #VALUE! | D18: {=_FV(DataRT!$C18,"Currency")} | E18: {=_FV(DataRT!$C18,"Last trade time",TRUE)} | F18: {=_FV(DataRT!$C18,"Previous close",TRUE)} | G18: {=IFERROR(_FV(DataRT!$C18,"Open"),DataRT!$F18)} | H18: {=_FV(DataRT!$C18,"Price")} | I18: {=IFERROR(_FV(DataRT!$C18,"Low"),0)} | J18: {=IFERROR(_FV(DataRT!$C18,"High"),0)} | K18: {=IFERROR(_FV(DataRT!$C18,"P/E",TRUE),99)} | L18: {=_FV(DataRT!$C18,"Change")} | M18: {=_FV(DataRT!$C18,"Change (%)",TRUE)} | N18: {=_FV(DataRT!$C18,"52 week low",TRUE)} | O18: {=_FV(DataRT!$C18,"52 week high",TRUE)} | P18: {=_FV(DataRT!$C18,"Volume")} | Q18: {=_FV(DataRT!$C18,"Volume average",TRUE)} | R18: {=_FV(DataRT!$C18,"Beta")} | T18: V | U18: {=_FV(DataRT!$C18,"Exchange abbreviation",TRUE)} | V18: =IFERROR(DataRT!$P18/DataRT!$Q18,1) | X18: =_xlfn.XLOOKUP(DataRT!$A18,TickerList!$G17:$G111,TickerList!L17:L111) | Y18: =_xlfn.XLOOKUP(DataRT!$A18,TickerList!$G17:$G111,TickerList!M17:M111) | Z18: =_xlfn.XLOOKUP(DataRT!$A18,TickerList!$G17:$G111,TickerList!N17:N111) | AA18: =_xlfn.XLOOKUP(DataRT!$A18,TickerList!$G17:$G111,TickerList!O17:O111) | AB18: 0.0001 | AC18: 0.003 | AD18: 111.22 | AE18: =_xlfn.LET(_xlpm.New1YT,DataRT!$X18, _xlpm.Old1YT,IF(ISNUMBER(DataRT!$AD18),DataRT!$AD18,VALUE(LEFT(DataRT!$AD18,FIND("/",DataRT!$AD18,1)-1))), IF(OR(DataRT!$X18=0,_xlpm.Old1YT=0),0,(_xlpm.New1YT-_xlpm.Old1YT)/_xlpm.Old1YT)) | AF18: =TEXT(DataRT!$X18,"#,#0.00")&" < "&DataRT!$AD18
A19: {=_xlfn.SINGLE(DataRT!$S$3:$S$96)&_FV(DataRT!$C19,"Ticker symbol",TRUE)} | B19: 1 | C19: #VALUE! | D19: {=_FV(DataRT!$C19,"Currency")} | E19: {=_FV(DataRT!$C19,"Last trade time",TRUE)} | F19: {=_FV(DataRT!$C19,"Previous close",TRUE)} | G19: {=IFERROR(_FV(DataRT!$C19,"Open"),DataRT!$F19)} | H19: {=_FV(DataRT!$C19,"Price")} | I19: {=IFERROR(_FV(DataRT!$C19,"Low"),0)} | J19: {=IFERROR(_FV(DataRT!$C19,"High"),0)} | K19: {=IFERROR(_FV(DataRT!$C19,"P/E",TRUE),99)} | L19: {=_FV(DataRT!$C19,"Change")} | M19: {=_FV(DataRT!$C19,"Change (%)",TRUE)} | N19: {=_FV(DataRT!$C19,"52 week low",TRUE)} | O19: {=_FV(DataRT!$C19,"52 week high",TRUE)} | P19: {=_FV(DataRT!$C19,"Volume")} | Q19: {=_FV(DataRT!$C19,"Volume average",TRUE)} | R19: {=_FV(DataRT!$C19,"Beta")} | T19: V | U19: {=_FV(DataRT!$C19,"Exchange abbreviation",TRUE)} | V19: =IFERROR(DataRT!$P19/DataRT!$Q19,1) | X19: =_xlfn.XLOOKUP(DataRT!$A19,TickerList!$G18:$G112,TickerList!L18:L112) | Y19: =_xlfn.XLOOKUP(DataRT!$A19,TickerList!$G18:$G112,TickerList!M18:M112) | Z19: =_xlfn.XLOOKUP(DataRT!$A19,TickerList!$G18:$G112,TickerList!N18:N112) | AA19: =_xlfn.XLOOKUP(DataRT!$A19,TickerList!$G18:$G112,TickerList!O18:O112) | AC19: 0.003 | AD19: 37.97/38.13/38.23 | AE19: =_xlfn.LET(_xlpm.New1YT,DataRT!$X19, _xlpm.Old1YT,IF(ISNUMBER(DataRT!$AD19),DataRT!$AD19,VALUE(LEFT(DataRT!$AD19,FIND("/",DataRT!$AD19,1)-1))), IF(OR(DataRT!$X19=0,_xlpm.Old1YT=0),0,(_xlpm.New1YT-_xlpm.Old1YT)/_xlpm.Old1YT)) | AF19: =TEXT(DataRT!$X19,"#,#0.00")&" < "&DataRT!$AD19
A20: {=_xlfn.SINGLE(DataRT!$S$3:$S$96)&_FV(DataRT!$C20,"Ticker symbol",TRUE)} | B20: =D99 | C20: #VALUE! | D20: {=_FV(DataRT!$C20,"Currency")} | E20: {=_FV(DataRT!$C20,"Last trade time",TRUE)} | F20: {=_FV(DataRT!$C20,"Previous close",TRUE)} | G20: {=IFERROR(_FV(DataRT!$C20,"Open"),DataRT!$F20)} | H20: {=_FV(DataRT!$C20,"Price")} | I20: {=IFERROR(_FV(DataRT!$C20,"Low"),0)} | J20: {=IFERROR(_FV(DataRT!$C20,"High"),0)} | K20: {=IFERROR(_FV(DataRT!$C20,"P/E",TRUE),99)} | L20: {=_FV(DataRT!$C20,"Change")} | M20: {=_FV(DataRT!$C20,"Change (%)",TRUE)} | N20: {=_FV(DataRT!$C20,"52 week low",TRUE)} | O20: {=_FV(DataRT!$C20,"52 week high",TRUE)} | P20: {=_FV(DataRT!$C20,"Volume")} | Q20: {=_FV(DataRT!$C20,"Volume average",TRUE)} | R20: {=_FV(DataRT!$C20,"Beta")} | T20: V | U20: {=_FV(DataRT!$C20,"Exchange abbreviation",TRUE)} | V20: =IFERROR(DataRT!$P20/DataRT!$Q20,1) | X20: =_xlfn.XLOOKUP(DataRT!$A20,TickerList!$G19:$G113,TickerList!L19:L113) | Y20: =_xlfn.XLOOKUP(DataRT!$A20,TickerList!$G19:$G113,TickerList!M19:M113) | Z20: =_xlfn.XLOOKUP(DataRT!$A20,TickerList!$G19:$G113,TickerList!N19:N113) | AA20: =_xlfn.XLOOKUP(DataRT!$A20,TickerList!$G19:$G113,TickerList!O19:O113) | AB20: 0.0001 | AC20: 0.003 | AD20: 157.9 | AE20: =_xlfn.LET(_xlpm.New1YT,DataRT!$X20, _xlpm.Old1YT,IF(ISNUMBER(DataRT!$AD20),DataRT!$AD20,VALUE(LEFT(DataRT!$AD20,FIND("/",DataRT!$AD20,1)-1))), IF(OR(DataRT!$X20=0,_xlpm.Old1YT=0),0,(_xlpm.New1YT-_xlpm.Old1YT)/_xlpm.Old1YT)) | AF20: =TEXT(DataRT!$X20,"#,#0.00")&" < "&DataRT!$AD20
A21: {=_xlfn.SINGLE(DataRT!$S$3:$S$96)&_FV(DataRT!$C21,"Ticker symbol",TRUE)} | B21: =D99 | C21: #VALUE! | D21: {=_FV(DataRT!$C21,"Currency")} | E21: {=_FV(DataRT!$C21,"Last trade time",TRUE)} | F21: {=_FV(DataRT!$C21,"Previous close",TRUE)} | G21: {=IFERROR(_FV(DataRT!$C21,"Open"),DataRT!$F21)} | H21: {=_FV(DataRT!$C21,"Price")} | I21: {=IFERROR(_FV(DataRT!$C21,"Low"),0)} | J21: {=IFERROR(_FV(DataRT!$C21,"High"),0)} | K21: {=IFERROR(_FV(DataRT!$C21,"P/E",TRUE),99)} | L21: {=_FV(DataRT!$C21,"Change")} | M21: {=_FV(DataRT!$C21,"Change (%)",TRUE)} | N21: {=_FV(DataRT!$C21,"52 week low",TRUE)} | O21: {=_FV(DataRT!$C21,"52 week high",TRUE)} | P21: {=_FV(DataRT!$C21,"Volume")} | Q21: {=_FV(DataRT!$C21,"Volume average",TRUE)} | R21: {=_FV(DataRT!$C21,"Beta")} | T21: V | U21: {=_FV(DataRT!$C21,"Exchange abbreviation",TRUE)} | V21: =IFERROR(DataRT!$P21/DataRT!$Q21,1) | X21: =_xlfn.XLOOKUP(DataRT!$A21,TickerList!$G20:$G114,TickerList!L20:L114) | Y21: =_xlfn.XLOOKUP(DataRT!$A21,TickerList!$G20:$G114,TickerList!M20:M114) | Z21: =_xlfn.XLOOKUP(DataRT!$A21,TickerList!$G20:$G114,TickerList!N20:N114) | AA21: =_xlfn.XLOOKUP(DataRT!$A21,TickerList!$G20:$G114,TickerList!O20:O114) | AB21: 0.0001 | AC21: 0.003 | AD21: 19.77 | AE21: =_xlfn.LET(_xlpm.New1YT,DataRT!$X21, _xlpm.Old1YT,IF(ISNUMBER(DataRT!$AD21),DataRT!$AD21,VALUE(LEFT(DataRT!$AD21,FIND("/",DataRT!$AD21,1)-1))), IF(OR(DataRT!$X21=0,_xlpm.Old1YT=0),0,(_xlpm.New1YT-_xlpm.Old1YT)/_xlpm.Old1YT)) | AF21: =TEXT(DataRT!$X21,"#,#0.00")&" < "&DataRT!$AD21
A22: {=_xlfn.SINGLE(DataRT!$S$3:$S$96)&_FV(DataRT!$C22,"Ticker symbol",TRUE)} | B22: 1 | C22: #VALUE! | D22: {=_FV(DataRT!$C22,"Currency")} | E22: {=_FV(DataRT!$C22,"Last trade time",TRUE)} | F22: {=_FV(DataRT!$C22,"Previous close",TRUE)} | G22: {=IFERROR(_FV(DataRT!$C22,"Open"),DataRT!$F22)} | H22: {=_FV(DataRT!$C22,"Price")} | I22: {=IFERROR(_FV(DataRT!$C22,"Low"),0)} | J22: {=IFERROR(_FV(DataRT!$C22,"High"),0)} | K22: {=IFERROR(_FV(DataRT!$C22,"P/E",TRUE),99)} | L22: {=_FV(DataRT!$C22,"Change")} | M22: {=_FV(DataRT!$C22,"Change (%)",TRUE)} | N22: {=_FV(DataRT!$C22,"52 week low",TRUE)} | O22: {=_FV(DataRT!$C22,"52 week high",TRUE)} | P22: {=_FV(DataRT!$C22,"Volume")} | Q22: {=_FV(DataRT!$C22,"Volume average",TRUE)} | R22: {=_FV(DataRT!$C22,"Beta")} | T22: V | U22: {=_FV(DataRT!$C22,"Exchange abbreviation",TRUE)} | V22: =IFERROR(DataRT!$P22/DataRT!$Q22,1) | X22: =_xlfn.XLOOKUP(DataRT!$A22,TickerList!$G21:$G115,TickerList!L21:L115) | Y22: =_xlfn.XLOOKUP(DataRT!$A22,TickerList!$G21:$G115,TickerList!M21:M115) | Z22: =_xlfn.XLOOKUP(DataRT!$A22,TickerList!$G21:$G115,TickerList!N21:N115) | AA22: =_xlfn.XLOOKUP(DataRT!$A22,TickerList!$G21:$G115,TickerList!O21:O115) | AC22: 0.003 | AD22: 16.71/16.47/14.8 | AE22: =_xlfn.LET(_xlpm.New1YT,DataRT!$X22, _xlpm.Old1YT,IF(ISNUMBER(DataRT!$AD22),DataRT!$AD22,VALUE(LEFT(DataRT!$AD22,FIND("/",DataRT!$AD22,1)-1))), IF(OR(DataRT!$X22=0,_xlpm.Old1YT=0),0,(_xlpm.New1YT-_xlpm.Old1YT)/_xlpm.Old1YT)) | AF22: =TEXT(DataRT!$X22,"#,#0.00")&" < "&DataRT!$AD22
A23: {=_xlfn.SINGLE(DataRT!$S$3:$S$96)&_FV(DataRT!$C23,"Ticker symbol",TRUE)} | B23: =D99 | C23: #VALUE! | D23: {=_FV(DataRT!$C23,"Currency")} | E23: {=_FV(DataRT!$C23,"Last trade time",TRUE)} | F23: {=_FV(DataRT!$C23,"Previous close",TRUE)} | G23: {=IFERROR(_FV(DataRT!$C23,"Open"),DataRT!$F23)} | H23: {=_FV(DataRT!$C23,"Price")} | I23: {=IFERROR(_FV(DataRT!$C23,"Low"),0)} | J23: {=IFERROR(_FV(DataRT!$C23,"High"),0)} | K23: {=IFERROR(_FV(DataRT!$C23,"P/E",TRUE),99)} | L23: {=_FV(DataRT!$C23,"Change")} | M23: {=_FV(DataRT!$C23,"Change (%)",TRUE)} | N23: {=_FV(DataRT!$C23,"52 week low",TRUE)} | O23: {=_FV(DataRT!$C23,"52 week high",TRUE)} | P23: {=_FV(DataRT!$C23,"Volume")} | Q23: {=_FV(DataRT!$C23,"Volume average",TRUE)} | R23: {=_FV(DataRT!$C23,"Beta")} | T23: V | U23: {=_FV(DataRT!$C23,"Exchange abbreviation",TRUE)} | V23: =IFERROR(DataRT!$P23/DataRT!$Q23,1) | X23: =_xlfn.XLOOKUP(DataRT!$A23,TickerList!$G22:$G116,TickerList!L22:L116) | Y23: =_xlfn.XLOOKUP(DataRT!$A23,TickerList!$G22:$G116,TickerList!M22:M116) | Z23: =_xlfn.XLOOKUP(DataRT!$A23,TickerList!$G22:$G116,TickerList!N22:N116) | AA23: =_xlfn.XLOOKUP(DataRT!$A23,TickerList!$G22:$G116,TickerList!O22:O116) | AB23: 0.0001 | AC23: 0.003 | AD23: 9.32 | AE23: =_xlfn.LET(_xlpm.New1YT,DataRT!$X23, _xlpm.Old1YT,IF(ISNUMBER(DataRT!$AD23),DataRT!$AD23,VALUE(LEFT(DataRT!$AD23,FIND("/",DataRT!$AD23,1)-1))), IF(OR(DataRT!$X23=0,_xlpm.Old1YT=0),0,(_xlpm.New1YT-_xlpm.Old1YT)/_xlpm.Old1YT)) | AF23: =TEXT(DataRT!$X23,"#,#0.00")&" < "&DataRT!$AD23
A24: {=_xlfn.SINGLE(DataRT!$S$3:$S$96)&_FV(DataRT!$C24,"Ticker symbol",TRUE)} | B24: =D99 | C24: #VALUE! | D24: {=_FV(DataRT!$C24,"Currency")} | E24: {=_FV(DataRT!$C24,"Last trade time",TRUE)} | F24: {=_FV(DataRT!$C24,"Previous close",TRUE)} | G24: {=IFERROR(_FV(DataRT!$C24,"Open"),DataRT!$F24)} | H24: {=_FV(DataRT!$C24,"Price")} | I24: {=IFERROR(_FV(DataRT!$C24,"Low"),0)} | J24: {=IFERROR(_FV(DataRT!$C24,"High"),0)} | K24: {=IFERROR(_FV(DataRT!$C24,"P/E",TRUE),99)} | L24: {=_FV(DataRT!$C24,"Change")} | M24: {=_FV(DataRT!$C24,"Change (%)",TRUE)} | N24: {=_FV(DataRT!$C24,"52 week low",TRUE)} | O24: {=_FV(DataRT!$C24,"52 week high",TRUE)} | P24: {=_FV(DataRT!$C24,"Volume")} | Q24: {=_FV(DataRT!$C24,"Volume average",TRUE)} | R24: {=_FV(DataRT!$C24,"Beta")} | T24: V | U24: {=_FV(DataRT!$C24,"Exchange abbreviation",TRUE)} | V24: =IFERROR(DataRT!$P24/DataRT!$Q24,1) | X24: =_xlfn.XLOOKUP(DataRT!$A24,TickerList!$G23:$G117,TickerList!L23:L117) | Y24: =_xlfn.XLOOKUP(DataRT!$A24,TickerList!$G23:$G117,TickerList!M23:M117) | Z24: =_xlfn.XLOOKUP(DataRT!$A24,TickerList!$G23:$G117,TickerList!N23:N117) | AA24: =_xlfn.XLOOKUP(DataRT!$A24,TickerList!$G23:$G117,TickerList!O23:O117) | AB24: 0.0001 | AC24: 0.003 | AD24: 56.25 | AE24: =_xlfn.LET(_xlpm.New1YT,DataRT!$X24, _xlpm.Old1YT,IF(ISNUMBER(DataRT!$AD24),DataRT!$AD24,VALUE(LEFT(DataRT!$AD24,FIND("/",DataRT!$AD24,1)-1))), IF(OR(DataRT!$X24=0,_xlpm.Old1YT=0),0,(_xlpm.New1YT-_xlpm.Old1YT)/_xlpm.Old1YT)) | AF24: =TEXT(DataRT!$X24,"#,#0.00")&" < "&DataRT!$AD24
A25: {=_xlfn.SINGLE(DataRT!$S$3:$S$96)&_FV(DataRT!$C25,"Ticker symbol",TRUE)} | B25: =D99 | C25: #VALUE! | D25: {=_FV(DataRT!$C25,"Currency")} | E25: {=_FV(DataRT!$C25,"Last trade time",TRUE)} | F25: {=_FV(DataRT!$C25,"Previous close",TRUE)} | G25: {=IFERROR(_FV(DataRT!$C25,"Open"),DataRT!$F25)} | H25: {=_FV(DataRT!$C25,"Price")} | I25: {=IFERROR(_FV(DataRT!$C25,"Low"),0)} | J25: {=IFERROR(_FV(DataRT!$C25,"High"),0)} | K25: {=IFERROR(_FV(DataRT!$C25,"P/E",TRUE),99)} | L25: {=_FV(DataRT!$C25,"Change")} | M25: {=_FV(DataRT!$C25,"Change (%)",TRUE)} | N25: {=_FV(DataRT!$C25,"52 week low",TRUE)} | O25: {=_FV(DataRT!$C25,"52 week high",TRUE)} | P25: {=_FV(DataRT!$C25,"Volume")} | Q25: {=_FV(DataRT!$C25,"Volume average",TRUE)} | R25: {=_FV(DataRT!$C25,"Beta")} | T25: V | U25: {=_FV(DataRT!$C25,"Exchange abbreviation",TRUE)} | V25: =IFERROR(DataRT!$P25/DataRT!$Q25,1) | X25: =_xlfn.XLOOKUP(DataRT!$A25,TickerList!$G24:$G118,TickerList!L24:L118) | Y25: =_xlfn.XLOOKUP(DataRT!$A25,TickerList!$G24:$G118,TickerList!M24:M118) | Z25: =_xlfn.XLOOKUP(DataRT!$A25,TickerList!$G24:$G118,TickerList!N24:N118) | AA25: =_xlfn.XLOOKUP(DataRT!$A25,TickerList!$G24:$G118,TickerList!O24:O118) | AB25: 0.0001 | AC25: 0.003 | AD25: 21.47/20.14 | AE25: =_xlfn.LET(_xlpm.New1YT,DataRT!$X25, _xlpm.Old1YT,IF(ISNUMBER(DataRT!$AD25),DataRT!$AD25,VALUE(LEFT(DataRT!$AD25,FIND("/",DataRT!$AD25,1)-1))), IF(OR(DataRT!$X25=0,_xlpm.Old1YT=0),0,(_xlpm.New1YT-_xlpm.Old1YT)/_xlpm.Old1YT)) | AF25: =TEXT(DataRT!$X25,"#,#0.00")&" < "&DataRT!$AD25
A26: {=_xlfn.SINGLE(DataRT!$S$3:$S$96)&_FV(DataRT!$C26,"Ticker symbol",TRUE)} | B26: =D99 | C26: #VALUE! | D26: {=_FV(DataRT!$C26,"Currency")} | E26: {=_FV(DataRT!$C26,"Last trade time",TRUE)} | F26: {=_FV(DataRT!$C26,"Previous close",TRUE)} | G26: {=IFERROR(_FV(DataRT!$C26,"Open"),DataRT!$F26)} | H26: {=_FV(DataRT!$C26,"Price")} | I26: {=IFERROR(_FV(DataRT!$C26,"Low"),0)} | J26: {=IFERROR(_FV(DataRT!$C26,"High"),0)} | K26: {=IFERROR(_FV(DataRT!$C26,"P/E",TRUE),99)} | L26: {=_FV(DataRT!$C26,"Change")} | M26: {=_FV(DataRT!$C26,"Change (%)",TRUE)} | N26: {=_FV(DataRT!$C26,"52 week low",TRUE)} | O26: {=_FV(DataRT!$C26,"52 week high",TRUE)} | P26: {=_FV(DataRT!$C26,"Volume")} | Q26: {=_FV(DataRT!$C26,"Volume average",TRUE)} | R26: {=_FV(DataRT!$C26,"Beta")} | T26: V | U26: {=_FV(DataRT!$C26,"Exchange abbreviation",TRUE)} | V26: =IFERROR(DataRT!$P26/DataRT!$Q26,1) | X26: =_xlfn.XLOOKUP(DataRT!$A26,TickerList!$G25:$G119,TickerList!L25:L119) | Y26: =_xlfn.XLOOKUP(DataRT!$A26,TickerList!$G25:$G119,TickerList!M25:M119) | Z26: =_xlfn.XLOOKUP(DataRT!$A26,TickerList!$G25:$G119,TickerList!N25:N119) | AA26: =_xlfn.XLOOKUP(DataRT!$A26,TickerList!$G25:$G119,TickerList!O25:O119) | AB26: 0.0001 | AC26: 0.003 | AD26: 36.26 | AE26: =_xlfn.LET(_xlpm.New1YT,DataRT!$X26, _xlpm.Old1YT,IF(ISNUMBER(DataRT!$AD26),DataRT!$AD26,VALUE(LEFT(DataRT!$AD26,FIND("/",DataRT!$AD26,1)-1))), IF(OR(DataRT!$X26=0,_xlpm.Old1YT=0),0,(_xlpm.New1YT-_xlpm.Old1YT)/_xlpm.Old1YT)) | AF26: =TEXT(DataRT!$X26,"#,#0.00")&" < "&DataRT!$AD26
A27: {=_xlfn.SINGLE(DataRT!$S$3:$S$96)&_FV(DataRT!$C27,"Ticker symbol",TRUE)} | B27: =D101/100 | C27: #VALUE! | D27: {=_FV(DataRT!$C27,"Currency")} | E27: {=_FV(DataRT!$C27,"Last trade time",TRUE)} | F27: {=_FV(DataRT!$C27,"Previous close",TRUE)} | G27: {=IFERROR(_FV(DataRT!$C27,"Open"),DataRT!$F27)} | H27: {=_FV(DataRT!$C27,"Price")} | I27: {=IFERROR(_FV(DataRT!$C27,"Low"),0)} | J27: {=IFERROR(_FV(DataRT!$C27,"High"),0)} | K27: {=IFERROR(_FV(DataRT!$C27,"P/E",TRUE),99)} | L27: {=_FV(DataRT!$C27,"Change")} | M27: {=_FV(DataRT!$C27,"Change (%)",TRUE)} | N27: {=_FV(DataRT!$C27,"52 week low",TRUE)} | O27: {=_FV(DataRT!$C27,"52 week high",TRUE)} | P27: {=_FV(DataRT!$C27,"Volume")} | Q27: {=_FV(DataRT!$C27,"Volume average",TRUE)} | R27: {=_FV(DataRT!$C27,"Beta")} | T27: V | U27: {=_FV(DataRT!$C27,"Exchange abbreviation",TRUE)} | V27: =IFERROR(DataRT!$P27/DataRT!$Q27,1) | X27: =_xlfn.XLOOKUP(DataRT!$A27,TickerList!$G26:$G120,TickerList!L26:L120) | Y27: =_xlfn.XLOOKUP(DataRT!$A27,TickerList!$G26:$G120,TickerList!M26:M120) | Z27: =_xlfn.XLOOKUP(DataRT!$A27,TickerList!$G26:$G120,TickerList!N26:N120) | AA27: =_xlfn.XLOOKUP(DataRT!$A27,TickerList!$G26:$G120,TickerList!O26:O120) | AC27: 0.003 | AD27: 393.1 | AE27: =_xlfn.LET(_xlpm.New1YT,DataRT!$X27, _xlpm.Old1YT,IF(ISNUMBER(DataRT!$AD27),DataRT!$AD27,VALUE(LEFT(DataRT!$AD27,FIND("/",DataRT!$AD27,1)-1))), IF(OR(DataRT!$X27=0,_xlpm.Old1YT=0),0,(_xlpm.New1YT-_xlpm.Old1YT)/_xlpm.Old1YT)) | AF27: =TEXT(DataRT!$X27,"#,#0.00")&" < "&DataRT!$AD27
A28: {=_xlfn.SINGLE(DataRT!$S$3:$S$96)&_FV(DataRT!$C28,"Ticker symbol",TRUE)} | B28: =D99 | C28: #VALUE! | D28: {=_FV(DataRT!$C28,"Currency")} | E28: {=_FV(DataRT!$C28,"Last trade time",TRUE)} | F28: {=_FV(DataRT!$C28,"Previous close",TRUE)} | G28: {=IFERROR(_FV(DataRT!$C28,"Open"),DataRT!$F28)} | H28: {=_FV(DataRT!$C28,"Price")} | I28: {=IFERROR(_FV(DataRT!$C28,"Low"),0)} | J28: {=IFERROR(_FV(DataRT!$C28,"High"),0)} | K28: {=IFERROR(_FV(DataRT!$C28,"P/E",TRUE),99)} | L28: {=_FV(DataRT!$C28,"Change")} | M28: {=_FV(DataRT!$C28,"Change (%)",TRUE)} | N28: {=_FV(DataRT!$C28,"52 week low",TRUE)} | O28: {=_FV(DataRT!$C28,"52 week high",TRUE)} | P28: {=_FV(DataRT!$C28,"Volume")} | Q28: {=_FV(DataRT!$C28,"Volume average",TRUE)} | R28: {=_FV(DataRT!$C28,"Beta")} | T28: V | U28: {=_FV(DataRT!$C28,"Exchange abbreviation",TRUE)} | V28: =IFERROR(DataRT!$P28/DataRT!$Q28,1) | X28: =_xlfn.XLOOKUP(DataRT!$A28,TickerList!$G27:$G121,TickerList!L27:L121) | Y28: =_xlfn.XLOOKUP(DataRT!$A28,TickerList!$G27:$G121,TickerList!M27:M121) | Z28: =_xlfn.XLOOKUP(DataRT!$A28,TickerList!$G27:$G121,TickerList!N27:N121) | AA28: =_xlfn.XLOOKUP(DataRT!$A28,TickerList!$G27:$G121,TickerList!O27:O121) | AB28: 0.0001 | AC28: 0.003 | AD28: 66.5 | AE28: =_xlfn.LET(_xlpm.New1YT,DataRT!$X28, _xlpm.Old1YT,IF(ISNUMBER(DataRT!$AD28),DataRT!$AD28,VALUE(LEFT(DataRT!$AD28,FIND("/",DataRT!$AD28,1)-1))), IF(OR(DataRT!$X28=0,_xlpm.Old1YT=0),0,(_xlpm.New1YT-_xlpm.Old1YT)/_xlpm.Old1YT)) | AF28: =TEXT(DataRT!$X28,"#,#0.00")&" < "&DataRT!$AD28
A29: {=_xlfn.SINGLE(DataRT!$S$3:$S$96)&_FV(DataRT!$C29,"Ticker symbol",TRUE)} | B29: =D99 | C29: #VALUE! | D29: {=_FV(DataRT!$C29,"Currency")} | E29: {=_FV(DataRT!$C29,"Last trade time",TRUE)} | F29: {=_FV(DataRT!$C29,"Previous close",TRUE)} | G29: {=IFERROR(_FV(DataRT!$C29,"Open"),DataRT!$F29)} | H29: {=_FV(DataRT!$C29,"Price")} | I29: {=IFERROR(_FV(DataRT!$C29,"Low"),0)} | J29: {=IFERROR(_FV(DataRT!$C29,"High"),0)} | K29: {=IFERROR(_FV(DataRT!$C29,"P/E",TRUE),99)} | L29: {=_FV(DataRT!$C29,"Change")} | M29: {=_FV(DataRT!$C29,"Change (%)",TRUE)} | N29: {=_FV(DataRT!$C29,"52 week low",TRUE)} | O29: {=_FV(DataRT!$C29,"52 week high",TRUE)} | P29: {=_FV(DataRT!$C29,"Volume")} | Q29: {=_FV(DataRT!$C29,"Volume average",TRUE)} | R29: {=_FV(DataRT!$C29,"Beta")} | T29: V | U29: {=_FV(DataRT!$C29,"Exchange abbreviation",TRUE)} | V29: =IFERROR(DataRT!$P29/DataRT!$Q29,1) | X29: =_xlfn.XLOOKUP(DataRT!$A29,TickerList!$G28:$G122,TickerList!L28:L122) | Y29: =_xlfn.XLOOKUP(DataRT!$A29,TickerList!$G28:$G122,TickerList!M28:M122) | Z29: =_xlfn.XLOOKUP(DataRT!$A29,TickerList!$G28:$G122,TickerList!N28:N122) | AA29: =_xlfn.XLOOKUP(DataRT!$A29,TickerList!$G28:$G122,TickerList!O28:O122) | AB29: 0.0001 | AC29: 0.003 | AD29: 15.5 | AE29: =_xlfn.LET(_xlpm.New1YT,DataRT!$X29, _xlpm.Old1YT,IF(ISNUMBER(DataRT!$AD29),DataRT!$AD29,VALUE(LEFT(DataRT!$AD29,FIND("/",DataRT!$AD29,1)-1))), IF(OR(DataRT!$X29=0,_xlpm.Old1YT=0),0,(_xlpm.New1YT-_xlpm.Old1YT)/_xlpm.Old1YT)) | AF29: =TEXT(DataRT!$X29,"#,#0.00")&" < "&DataRT!$AD29
A30: {=_xlfn.SINGLE(DataRT!$S$3:$S$96)&_FV(DataRT!$C30,"Ticker symbol",TRUE)} | B30: =D99 | C30: #VALUE! | D30: {=_FV(DataRT!$C30,"Currency")} | E30: {=_FV(DataRT!$C30,"Last trade time",TRUE)} | F30: {=_FV(DataRT!$C30,"Previous close",TRUE)} | G30: {=IFERROR(_FV(DataRT!$C30,"Open"),DataRT!$F30)} | H30: {=_FV(DataRT!$C30,"Price")} | I30: {=IFERROR(_FV(DataRT!$C30,"Low"),0)} | J30: {=IFERROR(_FV(DataRT!$C30,"High"),0)} | K30: {=IFERROR(_FV(DataRT!$C30,"P/E",TRUE),99)} | L30: {=_FV(DataRT!$C30,"Change")} | M30: {=_FV(DataRT!$C30,"Change (%)",TRUE)} | N30: {=_FV(DataRT!$C30,"52 week low",TRUE)} | O30: {=_FV(DataRT!$C30,"52 week high",TRUE)} | P30: {=_FV(DataRT!$C30,"Volume")} | Q30: {=_FV(DataRT!$C30,"Volume average",TRUE)} | R30: {=_FV(DataRT!$C30,"Beta")} | T30: V | U30: {=_FV(DataRT!$C30,"Exchange abbreviation",TRUE)} | V30: =IFERROR(DataRT!$P30/DataRT!$Q30,1) | X30: =_xlfn.XLOOKUP(DataRT!$A30,TickerList!$G29:$G123,TickerList!L29:L123) | Y30: =_xlfn.XLOOKUP(DataRT!$A30,TickerList!$G29:$G123,TickerList!M29:M123) | Z30: =_xlfn.XLOOKUP(DataRT!$A30,TickerList!$G29:$G123,TickerList!N29:N123) | AA30: =_xlfn.XLOOKUP(DataRT!$A30,TickerList!$G29:$G123,TickerList!O29:O123) | AB30: 0.0001 | AC30: 0.003 | AD30: 4.62 | AE30: =_xlfn.LET(_xlpm.New1YT,DataRT!$X30, _xlpm.Old1YT,IF(ISNUMBER(DataRT!$AD30),DataRT!$AD30,VALUE(LEFT(DataRT!$AD30,FIND("/",DataRT!$AD30,1)-1))), IF(OR(DataRT!$X30=0,_xlpm.Old1YT=0),0,(_xlpm.New1YT-_xlpm.Old1YT)/_xlpm.Old1YT)) | AF30: =TEXT(DataRT!$X30,"#,#0.00")&" < "&DataRT!$AD30
A31: {=_xlfn.SINGLE(DataRT!$S$3:$S$96)&_FV(DataRT!$C31,"Ticker symbol",TRUE)} | B31: =D99 | C31: #VALUE! | D31: {=_FV(DataRT!$C31,"Currency")} | E31: {=_FV(DataRT!$C31,"Last trade time",TRUE)} | F31: {=_FV(DataRT!$C31,"Previous close",TRUE)} | G31: {=IFERROR(_FV(DataRT!$C31,"Open"),DataRT!$F31)} | H31: {=_FV(DataRT!$C31,"Price")} | I31: {=IFERROR(_FV(DataRT!$C31,"Low"),0)} | J31: {=IFERROR(_FV(DataRT!$C31,"High"),0)} | K31: {=IFERROR(_FV(DataRT!$C31,"P/E",TRUE),99)} | L31: {=_FV(DataRT!$C31,"Change")} | M31: {=_FV(DataRT!$C31,"Change (%)",TRUE)} | N31: {=_FV(DataRT!$C31,"52 week low",TRUE)} | O31: {=_FV(DataRT!$C31,"52 week high",TRUE)} | P31: {=_FV(DataRT!$C31,"Volume")} | Q31: {=_FV(DataRT!$C31,"Volume average",TRUE)} | R31: {=_FV(DataRT!$C31,"Beta")} | T31: V | U31: {=_FV(DataRT!$C31,"Exchange abbreviation",TRUE)} | V31: =IFERROR(DataRT!$P31/DataRT!$Q31,1) | X31: =_xlfn.XLOOKUP(DataRT!$A31,TickerList!$G30:$G124,TickerList!L30:L124) | Y31: =_xlfn.XLOOKUP(DataRT!$A31,TickerList!$G30:$G124,TickerList!M30:M124) | Z31: =_xlfn.XLOOKUP(DataRT!$A31,TickerList!$G30:$G124,TickerList!N30:N124) | AA31: =_xlfn.XLOOKUP(DataRT!$A31,TickerList!$G30:$G124,TickerList!O30:O124) | AB31: 0.0001 | AC31: 0.003 | AD31: 99.83 | AE31: =_xlfn.LET(_xlpm.New1YT,DataRT!$X31, _xlpm.Old1YT,IF(ISNUMBER(DataRT!$AD31),DataRT!$AD31,VALUE(LEFT(DataRT!$AD31,FIND("/",DataRT!$AD31,1)-1))), IF(OR(DataRT!$X31=0,_xlpm.Old1YT=0),0,(_xlpm.New1YT-_xlpm.Old1YT)/_xlpm.Old1YT)) | AF31: =TEXT(DataRT!$X31,"#,#0.00")&" < "&DataRT!$AD31
A32: {=_xlfn.SINGLE(DataRT!$S$3:$S$96)&_FV(DataRT!$C32,"Ticker symbol",TRUE)} | B32: =D99 | C32: #VALUE! | D32: {=_FV(DataRT!$C32,"Currency")} | E32: {=_FV(DataRT!$C32,"Last trade time",TRUE)} | F32: {=_FV(DataRT!$C32,"Previous close",TRUE)} | G32: {=IFERROR(_FV(DataRT!$C32,"Open"),DataRT!$F32)} | H32: {=_FV(DataRT!$C32,"Price")} | I32: {=IFERROR(_FV(DataRT!$C32,"Low"),0)} | J32: {=IFERROR(_FV(DataRT!$C32,"High"),0)} | K32: {=IFERROR(_FV(DataRT!$C32,"P/E",TRUE),99)} | L32: {=_FV(DataRT!$C32,"Change")} | M32: {=_FV(DataRT!$C32,"Change (%)",TRUE)} | N32: {=_FV(DataRT!$C32,"52 week low",TRUE)} | O32: {=_FV(DataRT!$C32,"52 week high",TRUE)} | P32: {=_FV(DataRT!$C32,"Volume")} | Q32: {=_FV(DataRT!$C32,"Volume average",TRUE)} | R32: {=_FV(DataRT!$C32,"Beta")} | T32: V | U32: {=_FV(DataRT!$C32,"Exchange abbreviation",TRUE)} | V32: =IFERROR(DataRT!$P32/DataRT!$Q32,1) | X32: =_xlfn.XLOOKUP(DataRT!$A32,TickerList!$G31:$G125,TickerList!L31:L125) | Y32: =_xlfn.XLOOKUP(DataRT!$A32,TickerList!$G31:$G125,TickerList!M31:M125) | Z32: =_xlfn.XLOOKUP(DataRT!$A32,TickerList!$G31:$G125,TickerList!N31:N125) | AA32: =_xlfn.XLOOKUP(DataRT!$A32,TickerList!$G31:$G125,TickerList!O31:O125) | AB32: 0.0001 | AC32: 0.003 | AD32: 505.94 | AE32: =_xlfn.LET(_xlpm.New1YT,DataRT!$X32, _xlpm.Old1YT,IF(ISNUMBER(DataRT!$AD32),DataRT!$AD32,VALUE(LEFT(DataRT!$AD32,FIND("/",DataRT!$AD32,1)-1))), IF(OR(DataRT!$X32=0,_xlpm.Old1YT=0),0,(_xlpm.New1YT-_xlpm.Old1YT)/_xlpm.Old1YT)) | AF32: =TEXT(DataRT!$X32,"#,#0.00")&" < "&DataRT!$AD32
A33: {=_xlfn.SINGLE(DataRT!$S$3:$S$96)&_FV(DataRT!$C33,"Ticker symbol",TRUE)} | B33: =D99 | C33: #VALUE! | D33: {=_FV(DataRT!$C33,"Currency")} | E33: {=_FV(DataRT!$C33,"Last trade time",TRUE)} | F33: {=_FV(DataRT!$C33,"Previous close",TRUE)} | G33: {=IFERROR(_FV(DataRT!$C33,"Open"),DataRT!$F33)} | H33: {=_FV(DataRT!$C33,"Price")} | I33: {=IFERROR(_FV(DataRT!$C33,"Low"),0)} | J33: {=IFERROR(_FV(DataRT!$C33,"High"),0)} | K33: {=IFERROR(_FV(DataRT!$C33,"P/E",TRUE),99)} | L33: {=_FV(DataRT!$C33,"Change")} | M33: {=_FV(DataRT!$C33,"Change (%)",TRUE)} | N33: {=_FV(DataRT!$C33,"52 week low",TRUE)} | O33: {=_FV(DataRT!$C33,"52 week high",TRUE)} | P33: {=_FV(DataRT!$C33,"Volume")} | Q33: {=_FV(DataRT!$C33,"Volume average",TRUE)} | R33: {=_FV(DataRT!$C33,"Beta")} | T33: V | U33: {=_FV(DataRT!$C33,"Exchange abbreviation",TRUE)} | V33: =IFERROR(DataRT!$P33/DataRT!$Q33,1) | X33: =_xlfn.XLOOKUP(DataRT!$A33,TickerList!$G32:$G126,TickerList!L32:L126) | Y33: =_xlfn.XLOOKUP(DataRT!$A33,TickerList!$G32:$G126,TickerList!M32:M126) | Z33: =_xlfn.XLOOKUP(DataRT!$A33,TickerList!$G32:$G126,TickerList!N32:N126) | AA33: =_xlfn.XLOOKUP(DataRT!$A33,TickerList!$G32:$G126,TickerList!O32:O126) | AB33: 0.0001 | AC33: 0.003 | AD33: 81.10/84.6 | AE33: =_xlfn.LET(_xlpm.New1YT,DataRT!$X33, _xlpm.Old1YT,IF(ISNUMBER(DataRT!$AD33),DataRT!$AD33,VALUE(LEFT(DataRT!$AD33,FIND("/",DataRT!$AD33,1)-1))), IF(OR(DataRT!$X33=0,_xlpm.Old1YT=0),0,(_xlpm.New1YT-_xlpm.Old1YT)/_xlpm.Old1YT)) | AF33: =TEXT(DataRT!$X33,"#,#0.00")&" < "&DataRT!$AD33
A34: {=_xlfn.SINGLE(DataRT!$S$3:$S$96)&_FV(DataRT!$C34,"Ticker symbol",TRUE)} | B34: =D99 | C34: #VALUE! | D34: {=_FV(DataRT!$C34,"Currency")} | E34: {=_FV(DataRT!$C34,"Last trade time",TRUE)} | F34: {=_FV(DataRT!$C34,"Previous close",TRUE)} | G34: {=IFERROR(_FV(DataRT!$C34,"Open"),DataRT!$F34)} | H34: {=_FV(DataRT!$C34,"Price")} | I34: {=IFERROR(_FV(DataRT!$C34,"Low"),0)} | J34: {=IFERROR(_FV(DataRT!$C34,"High"),0)} | K34: {=IFERROR(_FV(DataRT!$C34,"P/E",TRUE),99)} | L34: {=_FV(DataRT!$C34,"Change")} | M34: {=_FV(DataRT!$C34,"Change (%)",TRUE)} | N34: {=_FV(DataRT!$C34,"52 week low",TRUE)} | O34: {=_FV(DataRT!$C34,"52 week high",TRUE)} | P34: {=_FV(DataRT!$C34,"Volume")} | Q34: {=_FV(DataRT!$C34,"Volume average",TRUE)} | R34: {=_FV(DataRT!$C34,"Beta")} | T34: V | U34: {=_FV(DataRT!$C34,"Exchange abbreviation",TRUE)} | V34: =IFERROR(DataRT!$P34/DataRT!$Q34,1) | X34: =_xlfn.XLOOKUP(DataRT!$A34,TickerList!$G33:$G127,TickerList!L33:L127) | Y34: =_xlfn.XLOOKUP(DataRT!$A34,TickerList!$G33:$G127,TickerList!M33:M127) | Z34: =_xlfn.XLOOKUP(DataRT!$A34,TickerList!$G33:$G127,TickerList!N33:N127) | AA34: =_xlfn.XLOOKUP(DataRT!$A34,TickerList!$G33:$G127,TickerList!O33:O127) | AB34: 0.0001 | AC34: 0.003 | AD34: 59.51 | AE34: =_xlfn.LET(_xlpm.New1YT,DataRT!$X34, _xlpm.Old1YT,IF(ISNUMBER(DataRT!$AD34),DataRT!$AD34,VALUE(LEFT(DataRT!$AD34,FIND("/",DataRT!$AD34,1)-1))), IF(OR(DataRT!$X34=0,_xlpm.Old1YT=0),0,(_xlpm.New1YT-_xlpm.Old1YT)/_xlpm.Old1YT)) | AF34: =TEXT(DataRT!$X34,"#,#0.00")&" < "&DataRT!$AD34
A35: {=_xlfn.SINGLE(DataRT!$S$3:$S$96)&_FV(DataRT!$C35,"Ticker symbol",TRUE)} | B35: =D99 | C35: #VALUE! | D35: {=_FV(DataRT!$C35,"Currency")} | E35: {=_FV(DataRT!$C35,"Last trade time",TRUE)} | F35: {=_FV(DataRT!$C35,"Previous close",TRUE)} | G35: {=IFERROR(_FV(DataRT!$C35,"Open"),DataRT!$F35)} | H35: {=_FV(DataRT!$C35,"Price")} | I35: {=IFERROR(_FV(DataRT!$C35,"Low"),0)} | J35: {=IFERROR(_FV(DataRT!$C35,"High"),0)} | K35: {=IFERROR(_FV(DataRT!$C35,"P/E",TRUE),99)} | L35: {=_FV(DataRT!$C35,"Change")} | M35: {=_FV(DataRT!$C35,"Change (%)",TRUE)} | N35: {=_FV(DataRT!$C35,"52 week low",TRUE)} | O35: {=_FV(DataRT!$C35,"52 week high",TRUE)} | P35: {=_FV(DataRT!$C35,"Volume")} | Q35: {=_FV(DataRT!$C35,"Volume average",TRUE)} | R35: {=_FV(DataRT!$C35,"Beta")} | T35: V | U35: {=_FV(DataRT!$C35,"Exchange abbreviation",TRUE)} | V35: =IFERROR(DataRT!$P35/DataRT!$Q35,1) | X35: =_xlfn.XLOOKUP(DataRT!$A35,TickerList!$G34:$G128,TickerList!L34:L128) | Y35: =_xlfn.XLOOKUP(DataRT!$A35,TickerList!$G34:$G128,TickerList!M34:M128) | Z35: =_xlfn.XLOOKUP(DataRT!$A35,TickerList!$G34:$G128,TickerList!N34:N128) | AA35: =_xlfn.XLOOKUP(DataRT!$A35,TickerList!$G34:$G128,TickerList!O34:O128) | AB35: 0.0001 | AC35: 0.003 | AD35: 764.34 | AE35: =_xlfn.LET(_xlpm.New1YT,DataRT!$X35, _xlpm.Old1YT,IF(ISNUMBER(DataRT!$AD35),DataRT!$AD35,VALUE(LEFT(DataRT!$AD35,FIND("/",DataRT!$AD35,1)-1))), IF(OR(DataRT!$X35=0,_xlpm.Old1YT=0),0,(_xlpm.New1YT-_xlpm.Old1YT)/_xlpm.Old1YT)) | AF35: =TEXT(DataRT!$X35,"#,#0.00")&" < "&DataRT!$AD35
A36: {=_xlfn.SINGLE(DataRT!$S$3:$S$96)&_FV(DataRT!$C36,"Ticker symbol",TRUE)} | B36: =D99 | C36: #VALUE! | D36: {=_FV(DataRT!$C36,"Currency")} | E36: {=_FV(DataRT!$C36,"Last trade time",TRUE)} | F36: {=_FV(DataRT!$C36,"Previous close",TRUE)} | G36: {=IFERROR(_FV(DataRT!$C36,"Open"),DataRT!$F36)} | H36: {=_FV(DataRT!$C36,"Price")} | I36: {=IFERROR(_FV(DataRT!$C36,"Low"),0)} | J36: {=IFERROR(_FV(DataRT!$C36,"High"),0)} | K36: {=IFERROR(_FV(DataRT!$C36,"P/E",TRUE),99)} | L36: {=_FV(DataRT!$C36,"Change")} | M36: {=_FV(DataRT!$C36,"Change (%)",TRUE)} | N36: {=_FV(DataRT!$C36,"52 week low",TRUE)} | O36: {=_FV(DataRT!$C36,"52 week high",TRUE)} | P36: {=_FV(DataRT!$C36,"Volume")} | Q36: {=_FV(DataRT!$C36,"Volume average",TRUE)} | R36: {=_FV(DataRT!$C36,"Beta")} | T36: V | U36: {=_FV(DataRT!$C36,"Exchange abbreviation",TRUE)} | V36: =IFERROR(DataRT!$P36/DataRT!$Q36,1) | X36: =_xlfn.XLOOKUP(DataRT!$A36,TickerList!$G35:$G129,TickerList!L35:L129) | Y36: =_xlfn.XLOOKUP(DataRT!$A36,TickerList!$G35:$G129,TickerList!M35:M129) | Z36: =_xlfn.XLOOKUP(DataRT!$A36,TickerList!$G35:$G129,TickerList!N35:N129) | AA36: =_xlfn.XLOOKUP(DataRT!$A36,TickerList!$G35:$G129,TickerList!O35:O129) | AB36: 0.0001 | AC36: 0.003 | AD36: 31.5 | AE36: =_xlfn.LET(_xlpm.New1YT,DataRT!$X36, _xlpm.Old1YT,IF(ISNUMBER(DataRT!$AD36),DataRT!$AD36,VALUE(LEFT(DataRT!$AD36,FIND("/",DataRT!$AD36,1)-1))), IF(OR(DataRT!$X36=0,_xlpm.Old1YT=0),0,(_xlpm.New1YT-_xlpm.Old1YT)/_xlpm.Old1YT)) | AF36: =TEXT(DataRT!$X36,"#,#0.00")&" < "&DataRT!$AD36
A37: {=_xlfn.SINGLE(DataRT!$S$3:$S$96)&_FV(DataRT!$C37,"Ticker symbol",TRUE)} | B37: =D99 | C37: #VALUE! | D37: {=_FV(DataRT!$C37,"Currency")} | E37: {=_FV(DataRT!$C37,"Last trade time",TRUE)} | F37: {=_FV(DataRT!$C37,"Previous close",TRUE)} | G37: {=IFERROR(_FV(DataRT!$C37,"Open"),DataRT!$F37)} | H37: {=_FV(DataRT!$C37,"Price")} | I37: {=IFERROR(_FV(DataRT!$C37,"Low"),0)} | J37: {=IFERROR(_FV(DataRT!$C37,"High"),0)} | K37: {=IFERROR(_FV(DataRT!$C37,"P/E",TRUE),99)} | L37: {=_FV(DataRT!$C37,"Change")} | M37: {=_FV(DataRT!$C37,"Change (%)",TRUE)} | N37: {=_FV(DataRT!$C37,"52 week low",TRUE)} | O37: {=_FV(DataRT!$C37,"52 week high",TRUE)} | P37: {=_FV(DataRT!$C37,"Volume")} | Q37: {=_FV(DataRT!$C37,"Volume average",TRUE)} | R37: {=_FV(DataRT!$C37,"Beta")} | T37: V | U37: {=_FV(DataRT!$C37,"Exchange abbreviation",TRUE)} | V37: =IFERROR(DataRT!$P37/DataRT!$Q37,1) | X37: =_xlfn.XLOOKUP(DataRT!$A37,TickerList!$G36:$G130,TickerList!L36:L130) | Y37: =_xlfn.XLOOKUP(DataRT!$A37,TickerList!$G36:$G130,TickerList!M36:M130) | Z37: =_xlfn.XLOOKUP(DataRT!$A37,TickerList!$G36:$G130,TickerList!N36:N130) | AA37: =_xlfn.XLOOKUP(DataRT!$A37,TickerList!$G36:$G130,TickerList!O36:O130) | AB37: 0.0001 | AC37: 0.003 | AD37: 36.49 | AE37: =_xlfn.LET(_xlpm.New1YT,DataRT!$X37, _xlpm.Old1YT,IF(ISNUMBER(DataRT!$AD37),DataRT!$AD37,VALUE(LEFT(DataRT!$AD37,FIND("/",DataRT!$AD37,1)-1))), IF(OR(DataRT!$X37=0,_xlpm.Old1YT=0),0,(_xlpm.New1YT-_xlpm.Old1YT)/_xlpm.Old1YT)) | AF37: =TEXT(DataRT!$X37,"#,#0.00")&" < "&DataRT!$AD37
A38: {=_xlfn.SINGLE(DataRT!$S$3:$S$96)&_FV(DataRT!$C38,"Ticker symbol",TRUE)} | B38: =D99 | C38: #VALUE! | D38: {=_FV(DataRT!$C38,"Currency")} | E38: {=_FV(DataRT!$C38,"Last trade time",TRUE)} | F38: {=_FV(DataRT!$C38,"Previous close",TRUE)} | G38: {=IFERROR(_FV(DataRT!$C38,"Open"),DataRT!$F38)} | H38: {=_FV(DataRT!$C38,"Price")} | I38: {=IFERROR(_FV(DataRT!$C38,"Low"),0)} | J38: {=IFERROR(_FV(DataRT!$C38,"High"),0)} | K38: {=IFERROR(_FV(DataRT!$C38,"P/E",TRUE),99)} | L38: {=_FV(DataRT!$C38,"Change")} | M38: {=_FV(DataRT!$C38,"Change (%)",TRUE)} | N38: {=_FV(DataRT!$C38,"52 week low",TRUE)} | O38: {=_FV(DataRT!$C38,"52 week high",TRUE)} | P38: {=_FV(DataRT!$C38,"Volume")} | Q38: {=_FV(DataRT!$C38,"Volume average",TRUE)} | R38: {=_FV(DataRT!$C38,"Beta")} | T38: V | U38: {=_FV(DataRT!$C38,"Exchange abbreviation",TRUE)} | V38: =IFERROR(DataRT!$P38/DataRT!$Q38,1) | X38: =_xlfn.XLOOKUP(DataRT!$A38,TickerList!$G37:$G131,TickerList!L37:L131) | Y38: =_xlfn.XLOOKUP(DataRT!$A38,TickerList!$G37:$G131,TickerList!M37:M131) | Z38: =_xlfn.XLOOKUP(DataRT!$A38,TickerList!$G37:$G131,TickerList!N37:N131) | AA38: =_xlfn.XLOOKUP(DataRT!$A38,TickerList!$G37:$G131,TickerList!O37:O131) | AB38: 0.0001 | AC38: 0.003 | AD38: 15.17 | AE38: =_xlfn.LET(_xlpm.New1YT,DataRT!$X38, _xlpm.Old1YT,IF(ISNUMBER(DataRT!$AD38),DataRT!$AD38,VALUE(LEFT(DataRT!$AD38,FIND("/",DataRT!$AD38,1)-1))), IF(OR(DataRT!$X38=0,_xlpm.Old1YT=0),0,(_xlpm.New1YT-_xlpm.Old1YT)/_xlpm.Old1YT)) | AF38: =TEXT(DataRT!$X38,"#,#0.00")&" < "&DataRT!$AD38
A39: {=_xlfn.SINGLE(DataRT!$S$3:$S$96)&_FV(DataRT!$C39,"Ticker symbol",TRUE)} | B39: =D103 | C39: #VALUE! | D39: {=_FV(DataRT!$C39,"Currency")} | E39: {=_FV(DataRT!$C39,"Last trade time",TRUE)} | F39: {=_FV(DataRT!$C39,"Previous close",TRUE)} | G39: {=IFERROR(_FV(DataRT!$C39,"Open"),DataRT!$F39)} | H39: {=_FV(DataRT!$C39,"Price")} | I39: {=IFERROR(_FV(DataRT!$C39,"Low"),0)} | J39: {=IFERROR(_FV(DataRT!$C39,"High"),0)} | K39: {=IFERROR(_FV(DataRT!$C39,"P/E",TRUE),99)} | L39: {=_FV(DataRT!$C39,"Change")} | M39: {=_FV(DataRT!$C39,"Change (%)",TRUE)} | N39: {=_FV(DataRT!$C39,"52 week low",TRUE)} | O39: {=_FV(DataRT!$C39,"52 week high",TRUE)} | P39: {=_FV(DataRT!$C39,"Volume")} | Q39: {=_FV(DataRT!$C39,"Volume average",TRUE)} | R39: {=_FV(DataRT!$C39,"Beta")} | T39: V | U39: {=_FV(DataRT!$C39,"Exchange abbreviation",TRUE)} | V39: =IFERROR(DataRT!$P39/DataRT!$Q39,1) | X39: =_xlfn.XLOOKUP(DataRT!$A39,TickerList!$G38:$G132,TickerList!L38:L132) | Y39: =_xlfn.XLOOKUP(DataRT!$A39,TickerList!$G38:$G132,TickerList!M38:M132) | Z39: =_xlfn.XLOOKUP(DataRT!$A39,TickerList!$G38:$G132,TickerList!N38:N132) | AA39: =_xlfn.XLOOKUP(DataRT!$A39,TickerList!$G38:$G132,TickerList!O38:O132) | AB39: 0.0001 | AC39: 0.003 | AD39: 4.3 | AE39: =_xlfn.LET(_xlpm.New1YT,DataRT!$X39, _xlpm.Old1YT,IF(ISNUMBER(DataRT!$AD39),DataRT!$AD39,VALUE(LEFT(DataRT!$AD39,FIND("/",DataRT!$AD39,1)-1))), IF(OR(DataRT!$X39=0,_xlpm.Old1YT=0),0,(_xlpm.New1YT-_xlpm.Old1YT)/_xlpm.Old1YT)) | AF39: =TEXT(DataRT!$X39,"#,#0.00")&" < "&DataRT!$AD39
A40: {=_xlfn.SINGLE(DataRT!$S$3:$S$96)&_FV(DataRT!$C40,"Ticker symbol",TRUE)} | B40: =D99 | C40: #VALUE! | D40: {=_FV(DataRT!$C40,"Currency")} | E40: {=_FV(DataRT!$C40,"Last trade time",TRUE)} | F40: {=_FV(DataRT!$C40,"Previous close",TRUE)} | G40: {=IFERROR(_FV(DataRT!$C40,"Open"),DataRT!$F40)} | H40: {=_FV(DataRT!$C40,"Price")} | I40: {=IFERROR(_FV(DataRT!$C40,"Low"),0)} | J40: {=IFERROR(_FV(DataRT!$C40,"High"),0)} | K40: {=IFERROR(_FV(DataRT!$C40,"P/E",TRUE),99)} | L40: {=_FV(DataRT!$C40,"Change")} | M40: {=_FV(DataRT!$C40,"Change (%)",TRUE)} | N40: {=_FV(DataRT!$C40,"52 week low",TRUE)} | O40: {=_FV(DataRT!$C40,"52 week high",TRUE)} | P40: {=_FV(DataRT!$C40,"Volume")} | Q40: {=_FV(DataRT!$C40,"Volume average",TRUE)} | R40: {=_FV(DataRT!$C40,"Beta")} | T40: V | U40: {=_FV(DataRT!$C40,"Exchange abbreviation",TRUE)} | V40: =IFERROR(DataRT!$P40/DataRT!$Q40,1) | X40: =_xlfn.XLOOKUP(DataRT!$A40,TickerList!$G39:$G133,TickerList!L39:L133) | Y40: =_xlfn.XLOOKUP(DataRT!$A40,TickerList!$G39:$G133,TickerList!M39:M133) | Z40: =_xlfn.XLOOKUP(DataRT!$A40,TickerList!$G39:$G133,TickerList!N39:N133) | AA40: =_xlfn.XLOOKUP(DataRT!$A40,TickerList!$G39:$G133,TickerList!O39:O133) | AB40: 0.0001 | AC40: 0.003 | AD40: 0.56 | AE40: =_xlfn.LET(_xlpm.New1YT,DataRT!$X40, _xlpm.Old1YT,IF(ISNUMBER(DataRT!$AD40),DataRT!$AD40,VALUE(LEFT(DataRT!$AD40,FIND("/",DataRT!$AD40,1)-1))), IF(OR(DataRT!$X40=0,_xlpm.Old1YT=0),0,(_xlpm.New1YT-_xlpm.Old1YT)/_xlpm.Old1YT)) | AF40: =TEXT(DataRT!$X40,"#,#0.00")&" < "&DataRT!$AD40
A41: {=_xlfn.SINGLE(DataRT!$S$3:$S$96)&_FV(DataRT!$C41,"Ticker symbol",TRUE)} | B41: =D99 | C41: #VALUE! | D41: {=_FV(DataRT!$C41,"Currency")} | E41: {=_FV(DataRT!$C41,"Last trade time",TRUE)} | F41: {=_FV(DataRT!$C41,"Previous close",TRUE)} | G41: {=IFERROR(_FV(DataRT!$C41,"Open"),DataRT!$F41)} | H41: {=_FV(DataRT!$C41,"Price")} | I41: {=IFERROR(_FV(DataRT!$C41,"Low"),0)} | J41: {=IFERROR(_FV(DataRT!$C41,"High"),0)} | K41: {=IFERROR(_FV(DataRT!$C41,"P/E",TRUE),99)} | L41: {=_FV(DataRT!$C41,"Change")} | M41: {=_FV(DataRT!$C41,"Change (%)",TRUE)} | N41: {=_FV(DataRT!$C41,"52 week low",TRUE)} | O41: {=_FV(DataRT!$C41,"52 week high",TRUE)} | P41: {=_FV(DataRT!$C41,"Volume")} | Q41: {=_FV(DataRT!$C41,"Volume average",TRUE)} | R41: {=_FV(DataRT!$C41,"Beta")} | T41: V | U41: {=_FV(DataRT!$C41,"Exchange abbreviation",TRUE)} | V41: =IFERROR(DataRT!$P41/DataRT!$Q41,1) | X41: =_xlfn.XLOOKUP(DataRT!$A41,TickerList!$G40:$G134,TickerList!L40:L134) | Y41: =_xlfn.XLOOKUP(DataRT!$A41,TickerList!$G40:$G134,TickerList!M40:M134) | Z41: =_xlfn.XLOOKUP(DataRT!$A41,TickerList!$G40:$G134,TickerList!N40:N134) | AA41: =_xlfn.XLOOKUP(DataRT!$A41,TickerList!$G40:$G134,TickerList!O40:O134) | AB41: 0.0001 | AC41: 0.003 | AD41: 33.74/31.33 | AE41: =_xlfn.LET(_xlpm.New1YT,DataRT!$X41, _xlpm.Old1YT,IF(ISNUMBER(DataRT!$AD41),DataRT!$AD41,VALUE(LEFT(DataRT!$AD41,FIND("/",DataRT!$AD41,1)-1))), IF(OR(DataRT!$X41=0,_xlpm.Old1YT=0),0,(_xlpm.New1YT-_xlpm.Old1YT)/_xlpm.Old1YT)) | AF41: =TEXT(DataRT!$X41,"#,#0.00")&" < "&DataRT!$AD41
A42: {=_xlfn.SINGLE(DataRT!$S$3:$S$96)&_FV(DataRT!$C42,"Ticker symbol",TRUE)} | B42: 1 | C42: #VALUE! | D42: {=_FV(DataRT!$C42,"Currency")} | E42: {=_FV(DataRT!$C42,"Last trade time",TRUE)} | F42: {=_FV(DataRT!$C42,"Previous close",TRUE)} | G42: {=IFERROR(_FV(DataRT!$C42,"Open"),DataRT!$F42)} | H42: {=_FV(DataRT!$C42,"Price")} | I42: {=IFERROR(_FV(DataRT!$C42,"Low"),0)} | J42: {=IFERROR(_FV(DataRT!$C42,"High"),0)} | K42: {=IFERROR(_FV(DataRT!$C42,"P/E",TRUE),99)} | L42: {=_FV(DataRT!$C42,"Change")} | M42: {=_FV(DataRT!$C42,"Change (%)",TRUE)} | N42: {=_FV(DataRT!$C42,"52 week low",TRUE)} | O42: {=_FV(DataRT!$C42,"52 week high",TRUE)} | P42: {=_FV(DataRT!$C42,"Volume")} | Q42: {=_FV(DataRT!$C42,"Volume average",TRUE)} | R42: {=_FV(DataRT!$C42,"Beta")} | T42: V | U42: {=_FV(DataRT!$C42,"Exchange abbreviation",TRUE)} | V42: =IFERROR(DataRT!$P42/DataRT!$Q42,1) | X42: =_xlfn.XLOOKUP(DataRT!$A42,TickerList!$G41:$G135,TickerList!L41:L135) | Y42: =_xlfn.XLOOKUP(DataRT!$A42,TickerList!$G41:$G135,TickerList!M41:M135) | Z42: =_xlfn.XLOOKUP(DataRT!$A42,TickerList!$G41:$G135,TickerList!N41:N135) | AA42: =_xlfn.XLOOKUP(DataRT!$A42,TickerList!$G41:$G135,TickerList!O41:O135) | AC42: 0.003 | AD42: 290 | AE42: =_xlfn.LET(_xlpm.New1YT,DataRT!$X42, _xlpm.Old1YT,IF(ISNUMBER(DataRT!$AD42),DataRT!$AD42,VALUE(LEFT(DataRT!$AD42,FIND("/",DataRT!$AD42,1)-1))), IF(OR(DataRT!$X42=0,_xlpm.Old1YT=0),0,(_xlpm.New1YT-_xlpm.Old1YT)/_xlpm.Old1YT)) | AF42: =TEXT(DataRT!$X42,"#,#0.00")&" < "&DataRT!$AD42
A43: {=_xlfn.SINGLE(DataRT!$S$3:$S$96)&_FV(DataRT!$C43,"Ticker symbol",TRUE)} | B43: 1 | C43: #VALUE! | D43: {=_FV(DataRT!$C43,"Currency")} | E43: {=_FV(DataRT!$C43,"Last trade time",TRUE)} | F43: {=_FV(DataRT!$C43,"Previous close",TRUE)} | G43: {=IFERROR(_FV(DataRT!$C43,"Open"),DataRT!$F43)} | H43: {=_FV(DataRT!$C43,"Price")} | I43: {=IFERROR(_FV(DataRT!$C43,"Low"),0)} | J43: {=IFERROR(_FV(DataRT!$C43,"High"),0)} | K43: {=IFERROR(_FV(DataRT!$C43,"P/E",TRUE),99)} | L43: {=_FV(DataRT!$C43,"Change")} | M43: {=_FV(DataRT!$C43,"Change (%)",TRUE)} | N43: {=_FV(DataRT!$C43,"52 week low",TRUE)} | O43: {=_FV(DataRT!$C43,"52 week high",TRUE)} | P43: {=_FV(DataRT!$C43,"Volume")} | Q43: {=_FV(DataRT!$C43,"Volume average",TRUE)} | R43: {=_FV(DataRT!$C43,"Beta")} | T43: V | U43: {=_FV(DataRT!$C43,"Exchange abbreviation",TRUE)} | V43: =IFERROR(DataRT!$P43/DataRT!$Q43,1) | X43: =_xlfn.XLOOKUP(DataRT!$A43,TickerList!$G42:$G136,TickerList!L42:L136) | Y43: =_xlfn.XLOOKUP(DataRT!$A43,TickerList!$G42:$G136,TickerList!M42:M136) | Z43: =_xlfn.XLOOKUP(DataRT!$A43,TickerList!$G42:$G136,TickerList!N42:N136) | AA43: =_xlfn.XLOOKUP(DataRT!$A43,TickerList!$G42:$G136,TickerList!O42:O136) | AC43: 0.003 | AD43: 331.33/312.72 | AE43: =_xlfn.LET(_xlpm.New1YT,DataRT!$X43, _xlpm.Old1YT,IF(ISNUMBER(DataRT!$AD43),DataRT!$AD43,VALUE(LEFT(DataRT!$AD43,FIND("/",DataRT!$AD43,1)-1))), IF(OR(DataRT!$X43=0,_xlpm.Old1YT=0),0,(_xlpm.New1YT-_xlpm.Old1YT)/_xlpm.Old1YT)) | AF43: =TEXT(DataRT!$X43,"#,#0.00")&" < "&DataRT!$AD43
A44: {=_xlfn.SINGLE(DataRT!$S$3:$S$96)&_FV(DataRT!$C44,"Ticker symbol",TRUE)} | B44: =D99 | C44: #VALUE! | D44: {=_FV(DataRT!$C44,"Currency")} | E44: {=_FV(DataRT!$C44,"Last trade time",TRUE)} | F44: {=_FV(DataRT!$C44,"Previous close",TRUE)} | G44: {=IFERROR(_FV(DataRT!$C44,"Open"),DataRT!$F44)} | H44: {=_FV(DataRT!$C44,"Price")} | I44: {=IFERROR(_FV(DataRT!$C44,"Low"),0)} | J44: {=IFERROR(_FV(DataRT!$C44,"High"),0)} | K44: {=IFERROR(_FV(DataRT!$C44,"P/E",TRUE),99)} | L44: {=_FV(DataRT!$C44,"Change")} | M44: {=_FV(DataRT!$C44,"Change (%)",TRUE)} | N44: {=_FV(DataRT!$C44,"52 week low",TRUE)} | O44: {=_FV(DataRT!$C44,"52 week high",TRUE)} | P44: {=_FV(DataRT!$C44,"Volume")} | Q44: {=_FV(DataRT!$C44,"Volume average",TRUE)} | R44: {=_FV(DataRT!$C44,"Beta")} | T44: V | U44: {=_FV(DataRT!$C44,"Exchange abbreviation",TRUE)} | V44: =IFERROR(DataRT!$P44/DataRT!$Q44,1) | X44: =_xlfn.XLOOKUP(DataRT!$A44,TickerList!$G43:$G137,TickerList!L43:L137) | Y44: =_xlfn.XLOOKUP(DataRT!$A44,TickerList!$G43:$G137,TickerList!M43:M137) | Z44: =_xlfn.XLOOKUP(DataRT!$A44,TickerList!$G43:$G137,TickerList!N43:N137) | AA44: =_xlfn.XLOOKUP(DataRT!$A44,TickerList!$G43:$G137,TickerList!O43:O137) | AB44: 0.0001 | AC44: 0.003 | AD44: 42.6 | AE44: =_xlfn.LET(_xlpm.New1YT,DataRT!$X44, _xlpm.Old1YT,IF(ISNUMBER(DataRT!$AD44),DataRT!$AD44,VALUE(LEFT(DataRT!$AD44,FIND("/",DataRT!$AD44,1)-1))), IF(OR(DataRT!$X44=0,_xlpm.Old1YT=0),0,(_xlpm.New1YT-_xlpm.Old1YT)/_xlpm.Old1YT)) | AF44: =TEXT(DataRT!$X44,"#,#0.00")&" < "&DataRT!$AD44
A45: {=_xlfn.SINGLE(DataRT!$S$3:$S$96)&_FV(DataRT!$C45,"Ticker symbol",TRUE)} | B45: =D99 | C45: #VALUE! | D45: {=_FV(DataRT!$C45,"Currency")} | E45: {=_FV(DataRT!$C45,"Last trade time",TRUE)} | F45: {=_FV(DataRT!$C45,"Previous close",TRUE)} | G45: {=IFERROR(_FV(DataRT!$C45,"Open"),DataRT!$F45)} | H45: {=_FV(DataRT!$C45,"Price")} | I45: {=IFERROR(_FV(DataRT!$C45,"Low"),0)} | J45: {=IFERROR(_FV(DataRT!$C45,"High"),0)} | K45: {=IFERROR(_FV(DataRT!$C45,"P/E",TRUE),99)} | L45: {=_FV(DataRT!$C45,"Change")} | M45: {=_FV(DataRT!$C45,"Change (%)",TRUE)} | N45: {=_FV(DataRT!$C45,"52 week low",TRUE)} | O45: {=_FV(DataRT!$C45,"52 week high",TRUE)} | P45: {=_FV(DataRT!$C45,"Volume")} | Q45: {=_FV(DataRT!$C45,"Volume average",TRUE)} | R45: {=_FV(DataRT!$C45,"Beta")} | T45: V | U45: {=_FV(DataRT!$C45,"Exchange abbreviation",TRUE)} | V45: =IFERROR(DataRT!$P45/DataRT!$Q45,1) | X45: =_xlfn.XLOOKUP(DataRT!$A45,TickerList!$G44:$G138,TickerList!L44:L138) | Y45: =_xlfn.XLOOKUP(DataRT!$A45,TickerList!$G44:$G138,TickerList!M44:M138) | Z45: =_xlfn.XLOOKUP(DataRT!$A45,TickerList!$G44:$G138,TickerList!N44:N138) | AA45: =_xlfn.XLOOKUP(DataRT!$A45,TickerList!$G44:$G138,TickerList!O44:O138) | AB45: 0.0001 | AC45: 0.003 | AD45: 11.8 | AE45: =_xlfn.LET(_xlpm.New1YT,DataRT!$X45, _xlpm.Old1YT,IF(ISNUMBER(DataRT!$AD45),DataRT!$AD45,VALUE(LEFT(DataRT!$AD45,FIND("/",DataRT!$AD45,1)-1))), IF(OR(DataRT!$X45=0,_xlpm.Old1YT=0),0,(_xlpm.New1YT-_xlpm.Old1YT)/_xlpm.Old1YT)) | AF45: =TEXT(DataRT!$X45,"#,#0.00")&" < "&DataRT!$AD45
A46: {=_xlfn.SINGLE(DataRT!$S$3:$S$96)&_FV(DataRT!$C46,"Ticker symbol",TRUE)} | B46: =D99 | C46: #VALUE! | D46: {=_FV(DataRT!$C46,"Currency")} | E46: {=_FV(DataRT!$C46,"Last trade time",TRUE)} | F46: {=_FV(DataRT!$C46,"Previous close",TRUE)} | G46: {=IFERROR(_FV(DataRT!$C46,"Open"),DataRT!$F46)} | H46: {=_FV(DataRT!$C46,"Price")} | I46: {=IFERROR(_FV(DataRT!$C46,"Low"),0)} | J46: {=IFERROR(_FV(DataRT!$C46,"High"),0)} | K46: {=IFERROR(_FV(DataRT!$C46,"P/E",TRUE),99)} | L46: {=_FV(DataRT!$C46,"Change")} | M46: {=_FV(DataRT!$C46,"Change (%)",TRUE)} | N46: {=_FV(DataRT!$C46,"52 week low",TRUE)} | O46: {=_FV(DataRT!$C46,"52 week high",TRUE)} | P46: {=_FV(DataRT!$C46,"Volume")} | Q46: {=_FV(DataRT!$C46,"Volume average",TRUE)} | R46: {=_FV(DataRT!$C46,"Beta")} | T46: V | U46: {=_FV(DataRT!$C46,"Exchange abbreviation",TRUE)} | V46: =IFERROR(DataRT!$P46/DataRT!$Q46,1) | X46: =_xlfn.XLOOKUP(DataRT!$A46,TickerList!$G45:$G139,TickerList!L45:L139) | Y46: =_xlfn.XLOOKUP(DataRT!$A46,TickerList!$G45:$G139,TickerList!M45:M139) | Z46: =_xlfn.XLOOKUP(DataRT!$A46,TickerList!$G45:$G139,TickerList!N45:N139) | AA46: =_xlfn.XLOOKUP(DataRT!$A46,TickerList!$G45:$G139,TickerList!O45:O139) | AB46: 0.0001 | AC46: 0.003 | AD46: 209.14 | AE46: =_xlfn.LET(_xlpm.New1YT,DataRT!$X46, _xlpm.Old1YT,IF(ISNUMBER(DataRT!$AD46),DataRT!$AD46,VALUE(LEFT(DataRT!$AD46,FIND("/",DataRT!$AD46,1)-1))), IF(OR(DataRT!$X46=0,_xlpm.Old1YT=0),0,(_xlpm.New1YT-_xlpm.Old1YT)/_xlpm.Old1YT)) | AF46: =TEXT(DataRT!$X46,"#,#0.00")&" < "&DataRT!$AD46
A47: {=_xlfn.SINGLE(DataRT!$S$3:$S$96)&_FV(DataRT!$C47,"Ticker symbol",TRUE)} | B47: =D99 | C47: #VALUE! | D47: {=_FV(DataRT!$C47,"Currency")} | E47: {=_FV(DataRT!$C47,"Last trade time",TRUE)} | F47: {=_FV(DataRT!$C47,"Previous close",TRUE)} | G47: {=IFERROR(_FV(DataRT!$C47,"Open"),DataRT!$F47)} | H47: {=_FV(DataRT!$C47,"Price")} | I47: {=IFERROR(_FV(DataRT!$C47,"Low"),0)} | J47: {=IFERROR(_FV(DataRT!$C47,"High"),0)} | K47: {=IFERROR(_FV(DataRT!$C47,"P/E",TRUE),99)} | L47: {=_FV(DataRT!$C47,"Change")} | M47: {=_FV(DataRT!$C47,"Change (%)",TRUE)} | N47: {=_FV(DataRT!$C47,"52 week low",TRUE)} | O47: {=_FV(DataRT!$C47,"52 week high",TRUE)} | P47: {=_FV(DataRT!$C47,"Volume")} | Q47: {=_FV(DataRT!$C47,"Volume average",TRUE)} | R47: {=_FV(DataRT!$C47,"Beta")} | T47: V | U47: {=_FV(DataRT!$C47,"Exchange abbreviation",TRUE)} | V47: =IFERROR(DataRT!$P47/DataRT!$Q47,1) | X47: =_xlfn.XLOOKUP(DataRT!$A47,TickerList!$G46:$G140,TickerList!L46:L140) | Y47: =_xlfn.XLOOKUP(DataRT!$A47,TickerList!$G46:$G140,TickerList!M46:M140) | Z47: =_xlfn.XLOOKUP(DataRT!$A47,TickerList!$G46:$G140,TickerList!N46:N140) | AA47: =_xlfn.XLOOKUP(DataRT!$A47,TickerList!$G46:$G140,TickerList!O46:O140) | AB47: 0.0001 | AC47: 0.003 | AD47: 229.89/159.2 | AE47: =_xlfn.LET(_xlpm.New1YT,DataRT!$X47, _xlpm.Old1YT,IF(ISNUMBER(DataRT!$AD47),DataRT!$AD47,VALUE(LEFT(DataRT!$AD47,FIND("/",DataRT!$AD47,1)-1))), IF(OR(DataRT!$X47=0,_xlpm.Old1YT=0),0,(_xlpm.New1YT-_xlpm.Old1YT)/_xlpm.Old1YT)) | AF47: =TEXT(DataRT!$X47,"#,#0.00")&" < "&DataRT!$AD47
A48: {=_xlfn.SINGLE(DataRT!$S$3:$S$96)&_FV(DataRT!$C48,"Ticker symbol",TRUE)} | B48: 1 | C48: #VALUE! | D48: {=_FV(DataRT!$C48,"Currency")} | E48: {=_FV(DataRT!$C48,"Last trade time",TRUE)} | F48: {=_FV(DataRT!$C48,"Previous close",TRUE)} | G48: {=IFERROR(_FV(DataRT!$C48,"Open"),DataRT!$F48)} | H48: {=_FV(DataRT!$C48,"Price")} | I48: {=IFERROR(_FV(DataRT!$C48,"Low"),0)} | J48: {=IFERROR(_FV(DataRT!$C48,"High"),0)} | K48: {=IFERROR(_FV(DataRT!$C48,"P/E",TRUE),99)} | L48: {=_FV(DataRT!$C48,"Change")} | M48: {=_FV(DataRT!$C48,"Change (%)",TRUE)} | N48: {=_FV(DataRT!$C48,"52 week low",TRUE)} | O48: {=_FV(DataRT!$C48,"52 week high",TRUE)} | P48: {=_FV(DataRT!$C48,"Volume")} | Q48: {=_FV(DataRT!$C48,"Volume average",TRUE)} | R48: {=_FV(DataRT!$C48,"Beta")} | T48: V | U48: {=_FV(DataRT!$C48,"Exchange abbreviation",TRUE)} | V48: =IFERROR(DataRT!$P48/DataRT!$Q48,1) | X48: =_xlfn.XLOOKUP(DataRT!$A48,TickerList!$G47:$G141,TickerList!L47:L141) | Y48: =_xlfn.XLOOKUP(DataRT!$A48,TickerList!$G47:$G141,TickerList!M47:M141) | Z48: =_xlfn.XLOOKUP(DataRT!$A48,TickerList!$G47:$G141,TickerList!N47:N141) | AA48: =_xlfn.XLOOKUP(DataRT!$A48,TickerList!$G47:$G141,TickerList!O47:O141) | AC48: 0.003 | AD48: 42.3 | AE48: =_xlfn.LET(_xlpm.New1YT,DataRT!$X48, _xlpm.Old1YT,IF(ISNUMBER(DataRT!$AD48),DataRT!$AD48,VALUE(LEFT(DataRT!$AD48,FIND("/",DataRT!$AD48,1)-1))), IF(OR(DataRT!$X48=0,_xlpm.Old1YT=0),0,(_xlpm.New1YT-_xlpm.Old1YT)/_xlpm.Old1YT)) | AF48: =TEXT(DataRT!$X48,"#,#0.00")&" < "&DataRT!$AD48
A49: {=_xlfn.SINGLE(DataRT!$S$3:$S$96)&_FV(DataRT!$C49,"Ticker symbol",TRUE)} | B49: =D99 | C49: #VALUE! | D49: {=_FV(DataRT!$C49,"Currency")} | E49: {=_FV(DataRT!$C49,"Last trade time",TRUE)} | F49: {=_FV(DataRT!$C49,"Previous close",TRUE)} | G49: {=IFERROR(_FV(DataRT!$C49,"Open"),DataRT!$F49)} | H49: {=_FV(DataRT!$C49,"Price")} | I49: {=IFERROR(_FV(DataRT!$C49,"Low"),0)} | J49: {=IFERROR(_FV(DataRT!$C49,"High"),0)} | K49: {=IFERROR(_FV(DataRT!$C49,"P/E",TRUE),99)} | L49: {=_FV(DataRT!$C49,"Change")} | M49: {=_FV(DataRT!$C49,"Change (%)",TRUE)} | N49: {=_FV(DataRT!$C49,"52 week low",TRUE)} | O49: {=_FV(DataRT!$C49,"52 week high",TRUE)} | P49: {=_FV(DataRT!$C49,"Volume")} | Q49: {=_FV(DataRT!$C49,"Volume average",TRUE)} | R49: {=_FV(DataRT!$C49,"Beta")} | T49: V | U49: {=_FV(DataRT!$C49,"Exchange abbreviation",TRUE)} | V49: =IFERROR(DataRT!$P49/DataRT!$Q49,1) | X49: =_xlfn.XLOOKUP(DataRT!$A49,TickerList!$G48:$G142,TickerList!L48:L142) | Y49: =_xlfn.XLOOKUP(DataRT!$A49,TickerList!$G48:$G142,TickerList!M48:M142) | Z49: =_xlfn.XLOOKUP(DataRT!$A49,TickerList!$G48:$G142,TickerList!N48:N142) | AA49: =_xlfn.XLOOKUP(DataRT!$A49,TickerList!$G48:$G142,TickerList!O48:O142) | AB49: 0.0001 | AC49: 0.003 | AD49: 29.73 | AE49: =_xlfn.LET(_xlpm.New1YT,DataRT!$X49, _xlpm.Old1YT,IF(ISNUMBER(DataRT!$AD49),DataRT!$AD49,VALUE(LEFT(DataRT!$AD49,FIND("/",DataRT!$AD49,1)-1))), IF(OR(DataRT!$X49=0,_xlpm.Old1YT=0),0,(_xlpm.New1YT-_xlpm.Old1YT)/_xlpm.Old1YT)) | AF49: =TEXT(DataRT!$X49,"#,#0.00")&" < "&DataRT!$AD49
A50: {=_xlfn.SINGLE(DataRT!$S$3:$S$96)&_FV(DataRT!$C50,"Ticker symbol",TRUE)} | B50: =D100 | C50: #VALUE! | D50: {=_FV(DataRT!$C50,"Currency")} | E50: {=_FV(DataRT!$C50,"Last trade time",TRUE)} | F50: {=_FV(DataRT!$C50,"Previous close",TRUE)} | G50: {=IFERROR(_FV(DataRT!$C50,"Open"),DataRT!$F50)} | H50: {=_FV(DataRT!$C50,"Price")} | I50: {=IFERROR(_FV(DataRT!$C50,"Low"),0)} | J50: {=IFERROR(_FV(DataRT!$C50,"High"),0)} | K50: {=IFERROR(_FV(DataRT!$C50,"P/E",TRUE),99)} | L50: {=_FV(DataRT!$C50,"Change")} | M50: {=_FV(DataRT!$C50,"Change (%)",TRUE)} | N50: {=_FV(DataRT!$C50,"52 week low",TRUE)} | O50: {=_FV(DataRT!$C50,"52 week high",TRUE)} | P50: {=_FV(DataRT!$C50,"Volume")} | Q50: {=_FV(DataRT!$C50,"Volume average",TRUE)} | R50: {=_FV(DataRT!$C50,"Beta")} | T50: V | U50: {=_FV(DataRT!$C50,"Exchange abbreviation",TRUE)} | V50: =IFERROR(DataRT!$P50/DataRT!$Q50,1) | X50: =_xlfn.XLOOKUP(DataRT!$A50,TickerList!$G49:$G143,TickerList!L49:L143) | Y50: =_xlfn.XLOOKUP(DataRT!$A50,TickerList!$G49:$G143,TickerList!M49:M143) | Z50: =_xlfn.XLOOKUP(DataRT!$A50,TickerList!$G49:$G143,TickerList!N49:N143) | AA50: =_xlfn.XLOOKUP(DataRT!$A50,TickerList!$G49:$G143,TickerList!O49:O143) | AC50: 0.003 | AD50: 61/57 | AE50: =_xlfn.LET(_xlpm.New1YT,DataRT!$X50, _xlpm.Old1YT,IF(ISNUMBER(DataRT!$AD50),DataRT!$AD50,VALUE(LEFT(DataRT!$AD50,FIND("/",DataRT!$AD50,1)-1))), IF(OR(DataRT!$X50=0,_xlpm.Old1YT=0),0,(_xlpm.New1YT-_xlpm.Old1YT)/_xlpm.Old1YT)) | AF50: =TEXT(DataRT!$X50,"#,#0.00")&" < "&DataRT!$AD50
A51: {=_xlfn.SINGLE(DataRT!$S$3:$S$96)&_FV(DataRT!$C51,"Ticker symbol",TRUE)} | B51: =D99 | C51: #VALUE! | D51: {=_FV(DataRT!$C51,"Currency")} | E51: {=_FV(DataRT!$C51,"Last trade time",TRUE)} | F51: {=_FV(DataRT!$C51,"Previous close",TRUE)} | G51: {=IFERROR(_FV(DataRT!$C51,"Open"),DataRT!$F51)} | H51: {=_FV(DataRT!$C51,"Price")} | I51: {=IFERROR(_FV(DataRT!$C51,"Low"),0)} | J51: {=IFERROR(_FV(DataRT!$C51,"High"),0)} | K51: {=IFERROR(_FV(DataRT!$C51,"P/E",TRUE),99)} | L51: {=_FV(DataRT!$C51,"Change")} | M51: {=_FV(DataRT!$C51,"Change (%)",TRUE)} | N51: {=_FV(DataRT!$C51,"52 week low",TRUE)} | O51: {=_FV(DataRT!$C51,"52 week high",TRUE)} | P51: {=_FV(DataRT!$C51,"Volume")} | Q51: {=_FV(DataRT!$C51,"Volume average",TRUE)} | R51: {=_FV(DataRT!$C51,"Beta")} | T51: V | U51: {=_FV(DataRT!$C51,"Exchange abbreviation",TRUE)} | V51: =IFERROR(DataRT!$P51/DataRT!$Q51,1) | X51: =_xlfn.XLOOKUP(DataRT!$A51,TickerList!$G50:$G144,TickerList!L50:L144) | Y51: =_xlfn.XLOOKUP(DataRT!$A51,TickerList!$G50:$G144,TickerList!M50:M144) | Z51: =_xlfn.XLOOKUP(DataRT!$A51,TickerList!$G50:$G144,TickerList!N50:N144) | AA51: =_xlfn.XLOOKUP(DataRT!$A51,TickerList!$G50:$G144,TickerList!O50:O144) | AB51: 0.0001 | AC51: 0.003 | AD51: 11.38/11.59/15.57 | AE51: =_xlfn.LET(_xlpm.New1YT,DataRT!$X51, _xlpm.Old1YT,IF(ISNUMBER(DataRT!$AD51),DataRT!$AD51,VALUE(LEFT(DataRT!$AD51,FIND("/",DataRT!$AD51,1)-1))), IF(OR(DataRT!$X51=0,_xlpm.Old1YT=0),0,(_xlpm.New1YT-_xlpm.Old1YT)/_xlpm.Old1YT)) | AF51: =TEXT(DataRT!$X51,"#,#0.00")&" < "&DataRT!$AD51
A52: {=_xlfn.SINGLE(DataRT!$S$3:$S$96)&_FV(DataRT!$C52,"Ticker symbol",TRUE)} | B52: =D99 | C52: #VALUE! | D52: {=_FV(DataRT!$C52,"Currency")} | E52: {=_FV(DataRT!$C52,"Last trade time",TRUE)} | F52: {=_FV(DataRT!$C52,"Previous close",TRUE)} | G52: {=IFERROR(_FV(DataRT!$C52,"Open"),DataRT!$F52)} | H52: {=_FV(DataRT!$C52,"Price")} | I52: {=IFERROR(_FV(DataRT!$C52,"Low"),0)} | J52: {=IFERROR(_FV(DataRT!$C52,"High"),0)} | K52: {=IFERROR(_FV(DataRT!$C52,"P/E",TRUE),99)} | L52: {=_FV(DataRT!$C52,"Change")} | M52: {=_FV(DataRT!$C52,"Change (%)",TRUE)} | N52: {=_FV(DataRT!$C52,"52 week low",TRUE)} | O52: {=_FV(DataRT!$C52,"52 week high",TRUE)} | P52: {=_FV(DataRT!$C52,"Volume")} | Q52: {=_FV(DataRT!$C52,"Volume average",TRUE)} | R52: {=_FV(DataRT!$C52,"Beta")} | T52: V | U52: {=_FV(DataRT!$C52,"Exchange abbreviation",TRUE)} | V52: =IFERROR(DataRT!$P52/DataRT!$Q52,1) | X52: =_xlfn.XLOOKUP(DataRT!$A52,TickerList!$G51:$G145,TickerList!L51:L145) | Y52: =_xlfn.XLOOKUP(DataRT!$A52,TickerList!$G51:$G145,TickerList!M51:M145) | Z52: =_xlfn.XLOOKUP(DataRT!$A52,TickerList!$G51:$G145,TickerList!N51:N145) | AA52: =_xlfn.XLOOKUP(DataRT!$A52,TickerList!$G51:$G145,TickerList!O51:O145) | AB52: 0.0001 | AC52: 0.003 | AD52: 21.58 | AE52: =_xlfn.LET(_xlpm.New1YT,DataRT!$X52, _xlpm.Old1YT,IF(ISNUMBER(DataRT!$AD52),DataRT!$AD52,VALUE(LEFT(DataRT!$AD52,FIND("/",DataRT!$AD52,1)-1))), IF(OR(DataRT!$X52=0,_xlpm.Old1YT=0),0,(_xlpm.New1YT-_xlpm.Old1YT)/_xlpm.Old1YT)) | AF52: =TEXT(DataRT!$X52,"#,#0.00")&" < "&DataRT!$AD52
A53: {=_xlfn.SINGLE(DataRT!$S$3:$S$96)&_FV(DataRT!$C53,"Ticker symbol",TRUE)} | B53: =D99 | C53: #VALUE! | D53: {=_FV(DataRT!$C53,"Currency")} | E53: {=_FV(DataRT!$C53,"Last trade time",TRUE)} | F53: {=_FV(DataRT!$C53,"Previous close",TRUE)} | G53: {=IFERROR(_FV(DataRT!$C53,"Open"),DataRT!$F53)} | H53: {=_FV(DataRT!$C53,"Price")} | I53: {=IFERROR(_FV(DataRT!$C53,"Low"),0)} | J53: {=IFERROR(_FV(DataRT!$C53,"High"),0)} | K53: {=IFERROR(_FV(DataRT!$C53,"P/E",TRUE),99)} | L53: {=_FV(DataRT!$C53,"Change")} | M53: {=_FV(DataRT!$C53,"Change (%)",TRUE)} | N53: {=_FV(DataRT!$C53,"52 week low",TRUE)} | O53: {=_FV(DataRT!$C53,"52 week high",TRUE)} | P53: {=_FV(DataRT!$C53,"Volume")} | Q53: {=_FV(DataRT!$C53,"Volume average",TRUE)} | R53: {=_FV(DataRT!$C53,"Beta")} | T53: V | U53: {=_FV(DataRT!$C53,"Exchange abbreviation",TRUE)} | V53: =IFERROR(DataRT!$P53/DataRT!$Q53,1) | X53: =_xlfn.XLOOKUP(DataRT!$A53,TickerList!$G52:$G146,TickerList!L52:L146) | Y53: =_xlfn.XLOOKUP(DataRT!$A53,TickerList!$G52:$G146,TickerList!M52:M146) | Z53: =_xlfn.XLOOKUP(DataRT!$A53,TickerList!$G52:$G146,TickerList!N52:N146) | AA53: =_xlfn.XLOOKUP(DataRT!$A53,TickerList!$G52:$G146,TickerList!O52:O146) | AB53: 0.0001 | AC53: 0.003 | AD53: 132.88 | AE53: =_xlfn.LET(_xlpm.New1YT,DataRT!$X53, _xlpm.Old1YT,IF(ISNUMBER(DataRT!$AD53),DataRT!$AD53,VALUE(LEFT(DataRT!$AD53,FIND("/",DataRT!$AD53,1)-1))), IF(OR(DataRT!$X53=0,_xlpm.Old1YT=0),0,(_xlpm.New1YT-_xlpm.Old1YT)/_xlpm.Old1YT)) | AF53: =TEXT(DataRT!$X53,"#,#0.00")&" < "&DataRT!$AD53
A54: {=_xlfn.SINGLE(DataRT!$S$3:$S$96)&_FV(DataRT!$C54,"Ticker symbol",TRUE)} | B54: =D99 | C54: #VALUE! | D54: {=_FV(DataRT!$C54,"Currency")} | E54: {=_FV(DataRT!$C54,"Last trade time",TRUE)} | F54: {=_FV(DataRT!$C54,"Previous close",TRUE)} | G54: {=IFERROR(_FV(DataRT!$C54,"Open"),DataRT!$F54)} | H54: {=_FV(DataRT!$C54,"Price")} | I54: {=IFERROR(_FV(DataRT!$C54,"Low"),0)} | J54: {=IFERROR(_FV(DataRT!$C54,"High"),0)} | K54: {=IFERROR(_FV(DataRT!$C54,"P/E",TRUE),99)} | L54: {=_FV(DataRT!$C54,"Change")} | M54: {=_FV(DataRT!$C54,"Change (%)",TRUE)} | N54: {=_FV(DataRT!$C54,"52 week low",TRUE)} | O54: {=_FV(DataRT!$C54,"52 week high",TRUE)} | P54: {=_FV(DataRT!$C54,"Volume")} | Q54: {=_FV(DataRT!$C54,"Volume average",TRUE)} | R54: {=_FV(DataRT!$C54,"Beta")} | T54: V | U54: {=_FV(DataRT!$C54,"Exchange abbreviation",TRUE)} | V54: =IFERROR(DataRT!$P54/DataRT!$Q54,1) | X54: =_xlfn.XLOOKUP(DataRT!$A54,TickerList!$G53:$G147,TickerList!L53:L147) | Y54: =_xlfn.XLOOKUP(DataRT!$A54,TickerList!$G53:$G147,TickerList!M53:M147) | Z54: =_xlfn.XLOOKUP(DataRT!$A54,TickerList!$G53:$G147,TickerList!N53:N147) | AA54: =_xlfn.XLOOKUP(DataRT!$A54,TickerList!$G53:$G147,TickerList!O53:O147) | AB54: 0.0001 | AC54: 0.003 | AD54: 18.75 | AE54: =_xlfn.LET(_xlpm.New1YT,DataRT!$X54, _xlpm.Old1YT,IF(ISNUMBER(DataRT!$AD54),DataRT!$AD54,VALUE(LEFT(DataRT!$AD54,FIND("/",DataRT!$AD54,1)-1))), IF(OR(DataRT!$X54=0,_xlpm.Old1YT=0),0,(_xlpm.New1YT-_xlpm.Old1YT)/_xlpm.Old1YT)) | AF54: =TEXT(DataRT!$X54,"#,#0.00")&" < "&DataRT!$AD54
A55: {=_xlfn.SINGLE(DataRT!$S$3:$S$96)&_FV(DataRT!$C55,"Ticker symbol",TRUE)} | B55: 1 | C55: #VALUE! | D55: {=_FV(DataRT!$C55,"Currency")} | E55: {=_FV(DataRT!$C55,"Last trade time",TRUE)} | F55: {=_FV(DataRT!$C55,"Previous close",TRUE)} | G55: {=IFERROR(_FV(DataRT!$C55,"Open"),DataRT!$F55)} | H55: {=_FV(DataRT!$C55,"Price")} | I55: {=IFERROR(_FV(DataRT!$C55,"Low"),0)} | J55: {=IFERROR(_FV(DataRT!$C55,"High"),0)} | K55: {=IFERROR(_FV(DataRT!$C55,"P/E",TRUE),99)} | L55: {=_FV(DataRT!$C55,"Change")} | M55: {=_FV(DataRT!$C55,"Change (%)",TRUE)} | N55: {=_FV(DataRT!$C55,"52 week low",TRUE)} | O55: {=_FV(DataRT!$C55,"52 week high",TRUE)} | P55: {=_FV(DataRT!$C55,"Volume")} | Q55: {=_FV(DataRT!$C55,"Volume average",TRUE)} | R55: {=_FV(DataRT!$C55,"Beta")} | S55: MVE | T55: V | U55: {=_FV(DataRT!$C55,"Exchange abbreviation",TRUE)} | V55: =IFERROR(DataRT!$P55/DataRT!$Q55,1) | X55: =_xlfn.XLOOKUP(DataRT!$A55,TickerList!$G54:$G148,TickerList!L54:L148) | Y55: =_xlfn.XLOOKUP(DataRT!$A55,TickerList!$G54:$G148,TickerList!M54:M148) | Z55: =_xlfn.XLOOKUP(DataRT!$A55,TickerList!$G54:$G148,TickerList!N54:N148) | AA55: =_xlfn.XLOOKUP(DataRT!$A55,TickerList!$G54:$G148,TickerList!O54:O148) | AC55: 0.003 | AD55: 3.87 | AE55: =_xlfn.LET(_xlpm.New1YT,DataRT!$X55, _xlpm.Old1YT,IF(ISNUMBER(DataRT!$AD55),DataRT!$AD55,VALUE(LEFT(DataRT!$AD55,FIND("/",DataRT!$AD55,1)-1))), IF(OR(DataRT!$X55=0,_xlpm.Old1YT=0),0,(_xlpm.New1YT-_xlpm.Old1YT)/_xlpm.Old1YT)) | AF55: =TEXT(DataRT!$X55,"#,#0.00")&" < "&DataRT!$AD55
A56: {=_xlfn.SINGLE(DataRT!$S$3:$S$96)&_FV(DataRT!$C56,"Ticker symbol",TRUE)} | B56: =D99 | C56: #VALUE! | D56: {=_FV(DataRT!$C56,"Currency")} | E56: {=_FV(DataRT!$C56,"Last trade time",TRUE)} | F56: {=_FV(DataRT!$C56,"Previous close",TRUE)} | G56: {=IFERROR(_FV(DataRT!$C56,"Open"),DataRT!$F56)} | H56: {=_FV(DataRT!$C56,"Price")} | I56: {=IFERROR(_FV(DataRT!$C56,"Low"),0)} | J56: {=IFERROR(_FV(DataRT!$C56,"High"),0)} | K56: {=IFERROR(_FV(DataRT!$C56,"P/E",TRUE),99)} | L56: {=_FV(DataRT!$C56,"Change")} | M56: {=_FV(DataRT!$C56,"Change (%)",TRUE)} | N56: {=_FV(DataRT!$C56,"52 week low",TRUE)} | O56: {=_FV(DataRT!$C56,"52 week high",TRUE)} | P56: {=_FV(DataRT!$C56,"Volume")} | Q56: {=_FV(DataRT!$C56,"Volume average",TRUE)} | R56: {=_FV(DataRT!$C56,"Beta")} | S56: MVE | T56: M | U56: {=_FV(DataRT!$C56,"Exchange abbreviation",TRUE)} | V56: =IFERROR(DataRT!$P56/DataRT!$Q56,1) | X56: =_xlfn.XLOOKUP(DataRT!$A56,TickerList!$G55:$G149,TickerList!L55:L149) | Y56: =_xlfn.XLOOKUP(DataRT!$A56,TickerList!$G55:$G149,TickerList!M55:M149) | Z56: =_xlfn.XLOOKUP(DataRT!$A56,TickerList!$G55:$G149,TickerList!N55:N149) | AA56: =_xlfn.XLOOKUP(DataRT!$A56,TickerList!$G55:$G149,TickerList!O55:O149) | AB56: 0.0001 | AC56: 0.003 | AD56: 3.94 | AE56: =_xlfn.LET(_xlpm.New1YT,DataRT!$X56, _xlpm.Old1YT,IF(ISNUMBER(DataRT!$AD56),DataRT!$AD56,VALUE(LEFT(DataRT!$AD56,FIND("/",DataRT!$AD56,1)-1))), IF(OR(DataRT!$X56=0,_xlpm.Old1YT=0),0,(_xlpm.New1YT-_xlpm.Old1YT)/_xlpm.Old1YT)) | AF56: =TEXT(DataRT!$X56,"#,#0.00")&" < "&DataRT!$AD56
A57: {=_xlfn.SINGLE(DataRT!$S$3:$S$96)&_FV(DataRT!$C57,"Ticker symbol",TRUE)} | B57: 1 | C57: #VALUE! | D57: {=_FV(DataRT!$C57,"Currency")} | E57: {=_FV(DataRT!$C57,"Last trade time",TRUE)} | F57: {=_FV(DataRT!$C57,"Previous close",TRUE)} | G57: {=IFERROR(_FV(DataRT!$C57,"Open"),DataRT!$F57)} | H57: {=_FV(DataRT!$C57,"Price")} | I57: {=IFERROR(_FV(DataRT!$C57,"Low"),0)} | J57: {=IFERROR(_FV(DataRT!$C57,"High"),0)} | K57: {=IFERROR(_FV(DataRT!$C57,"P/E",TRUE),99)} | L57: {=_FV(DataRT!$C57,"Change")} | M57: {=_FV(DataRT!$C57,"Change (%)",TRUE)} | N57: {=_FV(DataRT!$C57,"52 week low",TRUE)} | O57: {=_FV(DataRT!$C57,"52 week high",TRUE)} | P57: {=_FV(DataRT!$C57,"Volume")} | Q57: {=_FV(DataRT!$C57,"Volume average",TRUE)} | R57: {=_FV(DataRT!$C57,"Beta")} | S57: MVE | T57: M | U57: {=_FV(DataRT!$C57,"Exchange abbreviation",TRUE)} | V57: =IFERROR(DataRT!$P57/DataRT!$Q57,1) | X57: =_xlfn.XLOOKUP(DataRT!$A57,TickerList!$G56:$G150,TickerList!L56:L150) | Y57: =_xlfn.XLOOKUP(DataRT!$A57,TickerList!$G56:$G150,TickerList!M56:M150) | Z57: =_xlfn.XLOOKUP(DataRT!$A57,TickerList!$G56:$G150,TickerList!N56:N150) | AA57: =_xlfn.XLOOKUP(DataRT!$A57,TickerList!$G56:$G150,TickerList!O56:O150) | AB57: =AB19 | AC57: =AC19 | AD57: =AD19 | AE57: =AE19 | AF57: =TEXT(DataRT!$X57,"#,#0.00")&" < "&DataRT!$AD57
A58: {=_xlfn.SINGLE(DataRT!$S$3:$S$96)&_FV(DataRT!$C58,"Ticker symbol",TRUE)} | B58: 1 | C58: #VALUE! | D58: {=_FV(DataRT!$C58,"Currency")} | E58: {=_FV(DataRT!$C58,"Last trade time",TRUE)} | F58: {=_FV(DataRT!$C58,"Previous close",TRUE)} | G58: {=IFERROR(_FV(DataRT!$C58,"Open"),DataRT!$F58)} | H58: {=_FV(DataRT!$C58,"Price")} | I58: {=IFERROR(_FV(DataRT!$C58,"Low"),0)} | J58: {=IFERROR(_FV(DataRT!$C58,"High"),0)} | K58: {=IFERROR(_FV(DataRT!$C58,"P/E",TRUE),99)} | L58: {=_FV(DataRT!$C58,"Change")} | M58: {=_FV(DataRT!$C58,"Change (%)",TRUE)} | N58: {=_FV(DataRT!$C58,"52 week low",TRUE)} | O58: {=_FV(DataRT!$C58,"52 week high",TRUE)} | P58: {=_FV(DataRT!$C58,"Volume")} | Q58: {=_FV(DataRT!$C58,"Volume average",TRUE)} | R58: {=_FV(DataRT!$C58,"Beta")} | S58: MVE | T58: M | U58: {=_FV(DataRT!$C58,"Exchange abbreviation",TRUE)} | V58: =IFERROR(DataRT!$P58/DataRT!$Q58,1) | X58: =_xlfn.XLOOKUP(DataRT!$A58,TickerList!$G57:$G151,TickerList!L57:L151) | Y58: =_xlfn.XLOOKUP(DataRT!$A58,TickerList!$G57:$G151,TickerList!M57:M151) | Z58: =_xlfn.XLOOKUP(DataRT!$A58,TickerList!$G57:$G151,TickerList!N57:N151) | AA58: =_xlfn.XLOOKUP(DataRT!$A58,TickerList!$G57:$G151,TickerList!O57:O151) | AC58: 0.003 | AD58: 14.8 | AE58: =_xlfn.LET(_xlpm.New1YT,DataRT!$X58, _xlpm.Old1YT,IF(ISNUMBER(DataRT!$AD58),DataRT!$AD58,VALUE(LEFT(DataRT!$AD58,FIND("/",DataRT!$AD58,1)-1))), IF(OR(DataRT!$X58=0,_xlpm.Old1YT=0),0,(_xlpm.New1YT-_xlpm.Old1YT)/_xlpm.Old1YT)) | AF58: =TEXT(DataRT!$X58,"#,#0.00")&" < "&DataRT!$AD58
A59: {=_xlfn.SINGLE(DataRT!$S$3:$S$96)&_FV(DataRT!$C59,"Ticker symbol",TRUE)} | B59: 1 | C59: #VALUE! | D59: {=_FV(DataRT!$C59,"Currency")} | E59: {=_FV(DataRT!$C59,"Last trade time",TRUE)} | F59: {=_FV(DataRT!$C59,"Previous close",TRUE)} | G59: {=IFERROR(_FV(DataRT!$C59,"Open"),DataRT!$F59)} | H59: {=_FV(DataRT!$C59,"Price")} | I59: {=IFERROR(_FV(DataRT!$C59,"Low"),0)} | J59: {=IFERROR(_FV(DataRT!$C59,"High"),0)} | K59: {=IFERROR(_FV(DataRT!$C59,"P/E",TRUE),99)} | L59: {=_FV(DataRT!$C59,"Change")} | M59: {=_FV(DataRT!$C59,"Change (%)",TRUE)} | N59: {=_FV(DataRT!$C59,"52 week low",TRUE)} | O59: {=_FV(DataRT!$C59,"52 week high",TRUE)} | P59: {=_FV(DataRT!$C59,"Volume")} | Q59: {=_FV(DataRT!$C59,"Volume average",TRUE)} | R59: {=_FV(DataRT!$C59,"Beta")} | S59: MVE | T59: M | U59: {=_FV(DataRT!$C59,"Exchange abbreviation",TRUE)} | V59: =IFERROR(DataRT!$P59/DataRT!$Q59,1) | X59: =_xlfn.XLOOKUP(DataRT!$A59,TickerList!$G58:$G152,TickerList!L58:L152) | Y59: =_xlfn.XLOOKUP(DataRT!$A59,TickerList!$G58:$G152,TickerList!M58:M152) | Z59: =_xlfn.XLOOKUP(DataRT!$A59,TickerList!$G58:$G152,TickerList!N58:N152) | AA59: =_xlfn.XLOOKUP(DataRT!$A59,TickerList!$G58:$G152,TickerList!O58:O152) | AB59: =AB75 | AC59: =AC75 | AD59: =AD75 | AE59: =_xlfn.LET(_xlpm.New1YT,DataRT!$X59, _xlpm.Old1YT,IF(ISNUMBER(DataRT!$AD59),DataRT!$AD59,VALUE(LEFT(DataRT!$AD59,FIND("/",DataRT!$AD59,1)-1))), IF(OR(DataRT!$X59=0,_xlpm.Old1YT=0),0,(_xlpm.New1YT-_xlpm.Old1YT)/_xlpm.Old1YT)) | AF59: =TEXT(DataRT!$X59,"#,#0.00")&" < "&DataRT!$AD59
A60: {=_xlfn.SINGLE(DataRT!$S$3:$S$96)&_FV(DataRT!$C60,"Ticker symbol",TRUE)} | B60: =D99 | C60: #VALUE! | D60: {=_FV(DataRT!$C60,"Currency")} | E60: {=_FV(DataRT!$C60,"Last trade time",TRUE)} | F60: {=_FV(DataRT!$C60,"Previous close",TRUE)} | G60: {=IFERROR(_FV(DataRT!$C60,"Open"),DataRT!$F60)} | H60: {=_FV(DataRT!$C60,"Price")} | I60: {=IFERROR(_FV(DataRT!$C60,"Low"),0)} | J60: {=IFERROR(_FV(DataRT!$C60,"High"),0)} | K60: {=IFERROR(_FV(DataRT!$C60,"P/E",TRUE),99)} | L60: {=_FV(DataRT!$C60,"Change")} | M60: {=_FV(DataRT!$C60,"Change (%)",TRUE)} | N60: {=_FV(DataRT!$C60,"52 week low",TRUE)} | O60: {=_FV(DataRT!$C60,"52 week high",TRUE)} | P60: {=_FV(DataRT!$C60,"Volume")} | Q60: {=_FV(DataRT!$C60,"Volume average",TRUE)} | R60: {=_FV(DataRT!$C60,"Beta")} | S60: MVE | T60: M | U60: {=_FV(DataRT!$C60,"Exchange abbreviation",TRUE)} | V60: =IFERROR(DataRT!$P60/DataRT!$Q60,1) | X60: =_xlfn.XLOOKUP(DataRT!$A60,TickerList!$G59:$G153,TickerList!L59:L153) | Y60: =_xlfn.XLOOKUP(DataRT!$A60,TickerList!$G59:$G153,TickerList!M59:M153) | Z60: =_xlfn.XLOOKUP(DataRT!$A60,TickerList!$G59:$G153,TickerList!N59:N153) | AA60: =_xlfn.XLOOKUP(DataRT!$A60,TickerList!$G59:$G153,TickerList!O59:O153) | AB60: 0.0001 | AC60: 0.003 | AD60: 9.32 | AE60: =_xlfn.LET(_xlpm.New1YT,DataRT!$X60, _xlpm.Old1YT,IF(ISNUMBER(DataRT!$AD60),DataRT!$AD60,VALUE(LEFT(DataRT!$AD60,FIND("/",DataRT!$AD60,1)-1))), IF(OR(DataRT!$X60=0,_xlpm.Old1YT=0),0,(_xlpm.New1YT-_xlpm.Old1YT)/_xlpm.Old1YT)) | AF60: =TEXT(DataRT!$X60,"#,#0.00")&" < "&DataRT!$AD60
A61: {=_xlfn.SINGLE(DataRT!$S$3:$S$96)&_FV(DataRT!$C61,"Ticker symbol",TRUE)} | B61: 1 | C61: #VALUE! | D61: {=_FV(DataRT!$C61,"Currency")} | E61: {=_FV(DataRT!$C61,"Last trade time",TRUE)} | F61: {=_FV(DataRT!$C61,"Previous close",TRUE)} | G61: {=IFERROR(_FV(DataRT!$C61,"Open"),DataRT!$F61)} | H61: {=_FV(DataRT!$C61,"Price")} | I61: {=IFERROR(_FV(DataRT!$C61,"Low"),0)} | J61: {=IFERROR(_FV(DataRT!$C61,"High"),0)} | K61: {=IFERROR(_FV(DataRT!$C61,"P/E",TRUE),99)} | L61: {=_FV(DataRT!$C61,"Change")} | M61: {=_FV(DataRT!$C61,"Change (%)",TRUE)} | N61: {=_FV(DataRT!$C61,"52 week low",TRUE)} | O61: {=_FV(DataRT!$C61,"52 week high",TRUE)} | P61: {=_FV(DataRT!$C61,"Volume")} | Q61: {=_FV(DataRT!$C61,"Volume average",TRUE)} | R61: {=_FV(DataRT!$C61,"Beta")} | S61: MVE | T61: M | U61: {=_FV(DataRT!$C61,"Exchange abbreviation",TRUE)} | V61: =IFERROR(DataRT!$P61/DataRT!$Q61,1) | X61: =_xlfn.XLOOKUP(DataRT!$A61,TickerList!$G60:$G154,TickerList!L60:L154) | Y61: =_xlfn.XLOOKUP(DataRT!$A61,TickerList!$G60:$G154,TickerList!M60:M154) | Z61: =_xlfn.XLOOKUP(DataRT!$A61,TickerList!$G60:$G154,TickerList!N60:N154) | AA61: =_xlfn.XLOOKUP(DataRT!$A61,TickerList!$G60:$G154,TickerList!O60:O154) | AB61: =AB78 | AC61: =AC78 | AD61: =AD78 | AE61: =_xlfn.LET(_xlpm.New1YT,DataRT!$X61, _xlpm.Old1YT,IF(ISNUMBER(DataRT!$AD61),DataRT!$AD61,VALUE(LEFT(DataRT!$AD61,FIND("/",DataRT!$AD61,1)-1))), IF(OR(DataRT!$X61=0,_xlpm.Old1YT=0),0,(_xlpm.New1YT-_xlpm.Old1YT)/_xlpm.Old1YT)) | AF61: =TEXT(DataRT!$X61,"#,#0.00")&" < "&DataRT!$AD61
A62: {=_xlfn.SINGLE(DataRT!$S$3:$S$96)&_FV(DataRT!$C62,"Ticker symbol",TRUE)} | B62: 1 | C62: #VALUE! | D62: {=_FV(DataRT!$C62,"Currency")} | E62: {=_FV(DataRT!$C62,"Last trade time",TRUE)} | F62: {=_FV(DataRT!$C62,"Previous close",TRUE)} | G62: {=IFERROR(_FV(DataRT!$C62,"Open"),DataRT!$F62)} | H62: {=_FV(DataRT!$C62,"Price")} | I62: {=IFERROR(_FV(DataRT!$C62,"Low"),0)} | J62: {=IFERROR(_FV(DataRT!$C62,"High"),0)} | K62: {=IFERROR(_FV(DataRT!$C62,"P/E",TRUE),99)} | L62: {=_FV(DataRT!$C62,"Change")} | M62: {=_FV(DataRT!$C62,"Change (%)",TRUE)} | N62: {=_FV(DataRT!$C62,"52 week low",TRUE)} | O62: {=_FV(DataRT!$C62,"52 week high",TRUE)} | P62: {=_FV(DataRT!$C62,"Volume")} | Q62: {=_FV(DataRT!$C62,"Volume average",TRUE)} | R62: {=_FV(DataRT!$C62,"Beta")} | S62: MVE | T62: M | U62: {=_FV(DataRT!$C62,"Exchange abbreviation",TRUE)} | V62: =IFERROR(DataRT!$P62/DataRT!$Q62,1) | X62: =_xlfn.XLOOKUP(DataRT!$A62,TickerList!$G61:$G155,TickerList!L61:L155) | Y62: =_xlfn.XLOOKUP(DataRT!$A62,TickerList!$G61:$G155,TickerList!M61:M155) | Z62: =_xlfn.XLOOKUP(DataRT!$A62,TickerList!$G61:$G155,TickerList!N61:N155) | AA62: =_xlfn.XLOOKUP(DataRT!$A62,TickerList!$G61:$G155,TickerList!O61:O155) | AB62: =AB86 | AC62: =AC86 | AD62: =AD86 | AE62: =_xlfn.LET(_xlpm.New1YT,DataRT!$X62, _xlpm.Old1YT,IF(ISNUMBER(DataRT!$AD62),DataRT!$AD62,VALUE(LEFT(DataRT!$AD62,FIND("/",DataRT!$AD62,1)-1))), IF(OR(DataRT!$X62=0,_xlpm.Old1YT=0),0,(_xlpm.New1YT-_xlpm.Old1YT)/_xlpm.Old1YT)) | AF62: =TEXT(DataRT!$X62,"#,#0.00")&" < "&DataRT!$AD62
A63: {=_xlfn.SINGLE(DataRT!$S$3:$S$96)&_FV(DataRT!$C63,"Ticker symbol",TRUE)} | B63: 1 | C63: #VALUE! | D63: {=_FV(DataRT!$C63,"Currency")} | E63: {=_FV(DataRT!$C63,"Last trade time",TRUE)} | F63: {=_FV(DataRT!$C63,"Previous close",TRUE)} | G63: {=IFERROR(_FV(DataRT!$C63,"Open"),DataRT!$F63)} | H63: {=_FV(DataRT!$C63,"Price")} | I63: {=IFERROR(_FV(DataRT!$C63,"Low"),0)} | J63: {=IFERROR(_FV(DataRT!$C63,"High"),0)} | K63: {=IFERROR(_FV(DataRT!$C63,"P/E",TRUE),99)} | L63: {=_FV(DataRT!$C63,"Change")} | M63: {=_FV(DataRT!$C63,"Change (%)",TRUE)} | N63: {=_FV(DataRT!$C63,"52 week low",TRUE)} | O63: {=_FV(DataRT!$C63,"52 week high",TRUE)} | P63: {=_FV(DataRT!$C63,"Volume")} | Q63: {=_FV(DataRT!$C63,"Volume average",TRUE)} | R63: {=_FV(DataRT!$C63,"Beta")} | S63: MVE | T63: M | U63: {=_FV(DataRT!$C63,"Exchange abbreviation",TRUE)} | V63: =IFERROR(DataRT!$P63/DataRT!$Q63,1) | X63: =_xlfn.XLOOKUP(DataRT!$A63,TickerList!$G62:$G156,TickerList!L62:L156) | Y63: =_xlfn.XLOOKUP(DataRT!$A63,TickerList!$G62:$G156,TickerList!M62:M156) | Z63: =_xlfn.XLOOKUP(DataRT!$A63,TickerList!$G62:$G156,TickerList!N62:N156) | AA63: =_xlfn.XLOOKUP(DataRT!$A63,TickerList!$G62:$G156,TickerList!O62:O156) | AC63: 0.003 | AD63: 44.4 | AE63: =_xlfn.LET(_xlpm.New1YT,DataRT!$X63, _xlpm.Old1YT,IF(ISNUMBER(DataRT!$AD63),DataRT!$AD63,VALUE(LEFT(DataRT!$AD63,FIND("/",DataRT!$AD63,1)-1))), IF(OR(DataRT!$X63=0,_xlpm.Old1YT=0),0,(_xlpm.New1YT-_xlpm.Old1YT)/_xlpm.Old1YT)) | AF63: =TEXT(DataRT!$X63,"#,#0.00")&" < "&DataRT!$AD63
A64: {=_xlfn.SINGLE(DataRT!$S$3:$S$96)&_FV(DataRT!$C64,"Ticker symbol",TRUE)} | B64: 1 | C64: #VALUE! | D64: {=_FV(DataRT!$C64,"Currency")} | E64: {=_FV(DataRT!$C64,"Last trade time",TRUE)} | F64: {=_FV(DataRT!$C64,"Previous close",TRUE)} | G64: {=IFERROR(_FV(DataRT!$C64,"Open"),DataRT!$F64)} | H64: {=_FV(DataRT!$C64,"Price")} | I64: {=IFERROR(_FV(DataRT!$C64,"Low"),0)} | J64: {=IFERROR(_FV(DataRT!$C64,"High"),0)} | K64: {=IFERROR(_FV(DataRT!$C64,"P/E",TRUE),99)} | L64: {=_FV(DataRT!$C64,"Change")} | M64: {=_FV(DataRT!$C64,"Change (%)",TRUE)} | N64: {=_FV(DataRT!$C64,"52 week low",TRUE)} | O64: {=_FV(DataRT!$C64,"52 week high",TRUE)} | P64: {=_FV(DataRT!$C64,"Volume")} | Q64: {=_FV(DataRT!$C64,"Volume average",TRUE)} | R64: {=_FV(DataRT!$C64,"Beta")} | S64: MVE | T64: M | U64: {=_FV(DataRT!$C64,"Exchange abbreviation",TRUE)} | V64: =IFERROR(DataRT!$P64/DataRT!$Q64,1) | X64: =_xlfn.XLOOKUP(DataRT!$A64,TickerList!$G63:$G157,TickerList!L63:L157) | Y64: =_xlfn.XLOOKUP(DataRT!$A64,TickerList!$G63:$G157,TickerList!M63:M157) | Z64: =_xlfn.XLOOKUP(DataRT!$A64,TickerList!$G63:$G157,TickerList!N63:N157) | AA64: =_xlfn.XLOOKUP(DataRT!$A64,TickerList!$G63:$G157,TickerList!O63:O157) | AC64: 0.003 | AD64: 312.72 | AE64: =_xlfn.LET(_xlpm.New1YT,DataRT!$X64, _xlpm.Old1YT,IF(ISNUMBER(DataRT!$AD64),DataRT!$AD64,VALUE(LEFT(DataRT!$AD64,FIND("/",DataRT!$AD64,1)-1))), IF(OR(DataRT!$X64=0,_xlpm.Old1YT=0),0,(_xlpm.New1YT-_xlpm.Old1YT)/_xlpm.Old1YT)) | AF64: =TEXT(DataRT!$X64,"#,#0.00")&" < "&DataRT!$AD64
A65: {=_xlfn.SINGLE(DataRT!$S$3:$S$96)&_FV(DataRT!$C65,"Ticker symbol",TRUE)} | B65: 1 | C65: #VALUE! | D65: {=_FV(DataRT!$C65,"Currency")} | E65: {=_FV(DataRT!$C65,"Last trade time",TRUE)} | F65: {=_FV(DataRT!$C65,"Previous close",TRUE)} | G65: {=IFERROR(_FV(DataRT!$C65,"Open"),DataRT!$F65)} | H65: {=_FV(DataRT!$C65,"Price")} | I65: {=IFERROR(_FV(DataRT!$C65,"Low"),0)} | J65: {=IFERROR(_FV(DataRT!$C65,"High"),0)} | K65: {=IFERROR(_FV(DataRT!$C65,"P/E",TRUE),99)} | L65: {=_FV(DataRT!$C65,"Change")} | M65: {=_FV(DataRT!$C65,"Change (%)",TRUE)} | N65: {=_FV(DataRT!$C65,"52 week low",TRUE)} | O65: {=_FV(DataRT!$C65,"52 week high",TRUE)} | P65: {=_FV(DataRT!$C65,"Volume")} | Q65: {=_FV(DataRT!$C65,"Volume average",TRUE)} | R65: {=_FV(DataRT!$C65,"Beta")} | S65: MVE | T65: M | U65: {=_FV(DataRT!$C65,"Exchange abbreviation",TRUE)} | V65: =IFERROR(DataRT!$P65/DataRT!$Q65,1) | X65: =_xlfn.XLOOKUP(DataRT!$A65,TickerList!$G64:$G158,TickerList!L64:L158) | Y65: =_xlfn.XLOOKUP(DataRT!$A65,TickerList!$G64:$G158,TickerList!M64:M158) | Z65: =_xlfn.XLOOKUP(DataRT!$A65,TickerList!$G64:$G158,TickerList!N64:N158) | AA65: =_xlfn.XLOOKUP(DataRT!$A65,TickerList!$G64:$G158,TickerList!O64:O158) | AB65: =AB48 | AC65: =AC48 | AD65: 45.9 | AE65: =_xlfn.LET(_xlpm.New1YT,DataRT!$X65, _xlpm.Old1YT,IF(ISNUMBER(DataRT!$AD65),DataRT!$AD65,VALUE(LEFT(DataRT!$AD65,FIND("/",DataRT!$AD65,1)-1))), IF(OR(DataRT!$X65=0,_xlpm.Old1YT=0),0,(_xlpm.New1YT-_xlpm.Old1YT)/_xlpm.Old1YT)) | AF65: =TEXT(DataRT!$X65,"#,#0.00")&" < "&DataRT!$AD65
A66: {=_xlfn.SINGLE(DataRT!$S$3:$S$96)&_FV(DataRT!$C66,"Ticker symbol",TRUE)} | B66: =D99 | C66: #VALUE! | D66: {=_FV(DataRT!$C66,"Currency")} | E66: {=_FV(DataRT!$C66,"Last trade time",TRUE)} | F66: {=_FV(DataRT!$C66,"Previous close",TRUE)} | G66: {=IFERROR(_FV(DataRT!$C66,"Open"),DataRT!$F66)} | H66: {=_FV(DataRT!$C66,"Price")} | I66: {=IFERROR(_FV(DataRT!$C66,"Low"),0)} | J66: {=IFERROR(_FV(DataRT!$C66,"High"),0)} | K66: {=IFERROR(_FV(DataRT!$C66,"P/E",TRUE),99)} | L66: {=_FV(DataRT!$C66,"Change")} | M66: {=_FV(DataRT!$C66,"Change (%)",TRUE)} | N66: {=_FV(DataRT!$C66,"52 week low",TRUE)} | O66: {=_FV(DataRT!$C66,"52 week high",TRUE)} | P66: {=_FV(DataRT!$C66,"Volume")} | Q66: {=_FV(DataRT!$C66,"Volume average",TRUE)} | R66: {=_FV(DataRT!$C66,"Beta")} | S66: SAF | T66: S | U66: {=_FV(DataRT!$C66,"Exchange abbreviation",TRUE)} | V66: =IFERROR(DataRT!$P66/DataRT!$Q66,1) | X66: =_xlfn.XLOOKUP(DataRT!$A66,TickerList!$G65:$G159,TickerList!L65:L159) | Y66: =_xlfn.XLOOKUP(DataRT!$A66,TickerList!$G65:$G159,TickerList!M65:M159) | Z66: =_xlfn.XLOOKUP(DataRT!$A66,TickerList!$G65:$G159,TickerList!N65:N159) | AA66: =_xlfn.XLOOKUP(DataRT!$A66,TickerList!$G65:$G159,TickerList!O65:O159) | AB66: 0.0001 | AC66: 0.003 | AD66: 207.58 | AE66: =_xlfn.LET(_xlpm.New1YT,DataRT!$X66, _xlpm.Old1YT,IF(ISNUMBER(DataRT!$AD66),DataRT!$AD66,VALUE(LEFT(DataRT!$AD66,FIND("/",DataRT!$AD66,1)-1))), IF(OR(DataRT!$X66=0,_xlpm.Old1YT=0),0,(_xlpm.New1YT-_xlpm.Old1YT)/_xlpm.Old1YT)) | AF66: =TEXT(DataRT!$X66,"#,#0.00")&" < "&DataRT!$AD66
A67: {=_xlfn.SINGLE(DataRT!$S$3:$S$96)&_FV(DataRT!$C67,"Ticker symbol",TRUE)} | B67: =D99 | C67: #VALUE! | D67: {=_FV(DataRT!$C67,"Currency")} | E67: {=_FV(DataRT!$C67,"Last trade time",TRUE)} | F67: {=_FV(DataRT!$C67,"Previous close",TRUE)} | G67: {=IFERROR(_FV(DataRT!$C67,"Open"),DataRT!$F67)} | H67: {=_FV(DataRT!$C67,"Price")} | I67: {=IFERROR(_FV(DataRT!$C67,"Low"),0)} | J67: {=IFERROR(_FV(DataRT!$C67,"High"),0)} | K67: {=IFERROR(_FV(DataRT!$C67,"P/E",TRUE),99)} | L67: {=_FV(DataRT!$C67,"Change")} | M67: {=_FV(DataRT!$C67,"Change (%)",TRUE)} | N67: {=_FV(DataRT!$C67,"52 week low",TRUE)} | O67: {=_FV(DataRT!$C67,"52 week high",TRUE)} | P67: {=_FV(DataRT!$C67,"Volume")} | Q67: {=_FV(DataRT!$C67,"Volume average",TRUE)} | R67: {=_FV(DataRT!$C67,"Beta")} | S67: SAF | T67: S | U67: {=_FV(DataRT!$C67,"Exchange abbreviation",TRUE)} | V67: =IFERROR(DataRT!$P67/DataRT!$Q67,1) | X67: =_xlfn.XLOOKUP(DataRT!$A67,TickerList!$G66:$G160,TickerList!L66:L160) | Y67: =_xlfn.XLOOKUP(DataRT!$A67,TickerList!$G66:$G160,TickerList!M66:M160) | Z67: =_xlfn.XLOOKUP(DataRT!$A67,TickerList!$G66:$G160,TickerList!N66:N160) | AA67: =_xlfn.XLOOKUP(DataRT!$A67,TickerList!$G66:$G160,TickerList!O66:O160) | AB67: 0.0001 | AC67: 0.003 | AD67: 227.1 | AE67: =_xlfn.LET(_xlpm.New1YT,DataRT!$X67, _xlpm.Old1YT,IF(ISNUMBER(DataRT!$AD67),DataRT!$AD67,VALUE(LEFT(DataRT!$AD67,FIND("/",DataRT!$AD67,1)-1))), IF(OR(DataRT!$X67=0,_xlpm.Old1YT=0),0,(_xlpm.New1YT-_xlpm.Old1YT)/_xlpm.Old1YT)) | AF67: =TEXT(DataRT!$X67,"#,#0.00")&" < "&DataRT!$AD67
A68: {=_xlfn.SINGLE(DataRT!$S$3:$S$96)&_FV(DataRT!$C68,"Ticker symbol",TRUE)} | B68: 1 | C68: #VALUE! | D68: {=_FV(DataRT!$C68,"Currency")} | E68: {=_FV(DataRT!$C68,"Last trade time",TRUE)} | F68: {=_FV(DataRT!$C68,"Previous close",TRUE)} | G68: {=IFERROR(_FV(DataRT!$C68,"Open"),DataRT!$F68)} | H68: {=_FV(DataRT!$C68,"Price")} | I68: {=IFERROR(_FV(DataRT!$C68,"Low"),0)} | J68: {=IFERROR(_FV(DataRT!$C68,"High"),0)} | K68: {=IFERROR(_FV(DataRT!$C68,"P/E",TRUE),99)} | L68: {=_FV(DataRT!$C68,"Change")} | M68: {=_FV(DataRT!$C68,"Change (%)",TRUE)} | N68: {=_FV(DataRT!$C68,"52 week low",TRUE)} | O68: {=_FV(DataRT!$C68,"52 week high",TRUE)} | P68: {=_FV(DataRT!$C68,"Volume")} | Q68: {=_FV(DataRT!$C68,"Volume average",TRUE)} | R68: {=_FV(DataRT!$C68,"Beta")} | S68: SAF | T68: S | U68: {=_FV(DataRT!$C68,"Exchange abbreviation",TRUE)} | V68: =IFERROR(DataRT!$P68/DataRT!$Q68,1) | X68: =_xlfn.XLOOKUP(DataRT!$A68,TickerList!$G67:$G161,TickerList!L67:L161) | Y68: =_xlfn.XLOOKUP(DataRT!$A68,TickerList!$G67:$G161,TickerList!M67:M161) | Z68: =_xlfn.XLOOKUP(DataRT!$A68,TickerList!$G67:$G161,TickerList!N67:N161) | AA68: =_xlfn.XLOOKUP(DataRT!$A68,TickerList!$G67:$G161,TickerList!O67:O161) | AB68: 0.0001 | AC68: 0.003 | AD68: =AD8 | AE68: =_xlfn.LET(_xlpm.New1YT,DataRT!$X68, _xlpm.Old1YT,IF(ISNUMBER(DataRT!$AD68),DataRT!$AD68,VALUE(LEFT(DataRT!$AD68,FIND("/",DataRT!$AD68,1)-1))), IF(OR(DataRT!$X68=0,_xlpm.Old1YT=0),0,(_xlpm.New1YT-_xlpm.Old1YT)/_xlpm.Old1YT)) | AF68: =TEXT(DataRT!$X68,"#,#0.00")&" < "&DataRT!$AD68
A69: {=_xlfn.SINGLE(DataRT!$S$3:$S$96)&_FV(DataRT!$C69,"Ticker symbol",TRUE)} | B69: =D99 | C69: #VALUE! | D69: {=_FV(DataRT!$C69,"Currency")} | E69: {=_FV(DataRT!$C69,"Last trade time",TRUE)} | F69: {=_FV(DataRT!$C69,"Previous close",TRUE)} | G69: {=IFERROR(_FV(DataRT!$C69,"Open"),DataRT!$F69)} | H69: {=_FV(DataRT!$C69,"Price")} | I69: {=IFERROR(_FV(DataRT!$C69,"Low"),0)} | J69: {=IFERROR(_FV(DataRT!$C69,"High"),0)} | K69: {=IFERROR(_FV(DataRT!$C69,"P/E",TRUE),99)} | L69: {=_FV(DataRT!$C69,"Change")} | M69: {=_FV(DataRT!$C69,"Change (%)",TRUE)} | N69: {=_FV(DataRT!$C69,"52 week low",TRUE)} | O69: {=_FV(DataRT!$C69,"52 week high",TRUE)} | P69: {=_FV(DataRT!$C69,"Volume")} | Q69: {=_FV(DataRT!$C69,"Volume average",TRUE)} | R69: {=_FV(DataRT!$C69,"Beta")} | S69: SAF | T69: S | U69: {=_FV(DataRT!$C69,"Exchange abbreviation",TRUE)} | V69: =IFERROR(DataRT!$P69/DataRT!$Q69,1) | X69: =_xlfn.XLOOKUP(DataRT!$A69,TickerList!$G68:$G162,TickerList!L68:L162) | Y69: =_xlfn.XLOOKUP(DataRT!$A69,TickerList!$G68:$G162,TickerList!M68:M162) | Z69: =_xlfn.XLOOKUP(DataRT!$A69,TickerList!$G68:$G162,TickerList!N68:N162) | AA69: =_xlfn.XLOOKUP(DataRT!$A69,TickerList!$G68:$G162,TickerList!O68:O162) | AB69: 0.0001 | AC69: 0.003 | AD69: 5.45 | AE69: =_xlfn.LET(_xlpm.New1YT,DataRT!$X69, _xlpm.Old1YT,IF(ISNUMBER(DataRT!$AD69),DataRT!$AD69,VALUE(LEFT(DataRT!$AD69,FIND("/",DataRT!$AD69,1)-1))), IF(OR(DataRT!$X69=0,_xlpm.Old1YT=0),0,(_xlpm.New1YT-_xlpm.Old1YT)/_xlpm.Old1YT)) | AF69: =TEXT(DataRT!$X69,"#,#0.00")&" < "&DataRT!$AD69
A70: {=_xlfn.SINGLE(DataRT!$S$3:$S$96)&_FV(DataRT!$C70,"Ticker symbol",TRUE)} | B70: =D99 | C70: #VALUE! | D70: {=_FV(DataRT!$C70,"Currency")} | E70: {=_FV(DataRT!$C70,"Last trade time",TRUE)} | F70: {=_FV(DataRT!$C70,"Previous close",TRUE)} | G70: {=IFERROR(_FV(DataRT!$C70,"Open"),DataRT!$F70)} | H70: {=_FV(DataRT!$C70,"Price")} | I70: {=IFERROR(_FV(DataRT!$C70,"Low"),0)} | J70: {=IFERROR(_FV(DataRT!$C70,"High"),0)} | K70: {=IFERROR(_FV(DataRT!$C70,"P/E",TRUE),99)} | L70: {=_FV(DataRT!$C70,"Change")} | M70: {=_FV(DataRT!$C70,"Change (%)",TRUE)} | N70: {=_FV(DataRT!$C70,"52 week low",TRUE)} | O70: {=_FV(DataRT!$C70,"52 week high",TRUE)} | P70: {=_FV(DataRT!$C70,"Volume")} | Q70: {=_FV(DataRT!$C70,"Volume average",TRUE)} | R70: {=_FV(DataRT!$C70,"Beta")} | S70: SAF | T70: S | U70: {=_FV(DataRT!$C70,"Exchange abbreviation",TRUE)} | V70: =IFERROR(DataRT!$P70/DataRT!$Q70,1) | X70: =_xlfn.XLOOKUP(DataRT!$A70,TickerList!$G69:$G163,TickerList!L69:L163) | Y70: =_xlfn.XLOOKUP(DataRT!$A70,TickerList!$G69:$G163,TickerList!M69:M163) | Z70: =_xlfn.XLOOKUP(DataRT!$A70,TickerList!$G69:$G163,TickerList!N69:N163) | AA70: =_xlfn.XLOOKUP(DataRT!$A70,TickerList!$G69:$G163,TickerList!O69:O163) | AB70: 0.0001 | AC70: 0.003 | AD70: 124.75 | AE70: =_xlfn.LET(_xlpm.New1YT,DataRT!$X70, _xlpm.Old1YT,IF(ISNUMBER(DataRT!$AD70),DataRT!$AD70,VALUE(LEFT(DataRT!$AD70,FIND("/",DataRT!$AD70,1)-1))), IF(OR(DataRT!$X70=0,_xlpm.Old1YT=0),0,(_xlpm.New1YT-_xlpm.Old1YT)/_xlpm.Old1YT)) | AF70: =TEXT(DataRT!$X70,"#,#0.00")&" < "&DataRT!$AD70
A71: {=_xlfn.SINGLE(DataRT!$S$3:$S$96)&_FV(DataRT!$C71,"Ticker symbol",TRUE)} | B71: =D99 | C71: #VALUE! | D71: {=_FV(DataRT!$C71,"Currency")} | E71: {=_FV(DataRT!$C71,"Last trade time",TRUE)} | F71: {=_FV(DataRT!$C71,"Previous close",TRUE)} | G71: {=IFERROR(_FV(DataRT!$C71,"Open"),DataRT!$F71)} | H71: {=_FV(DataRT!$C71,"Price")} | I71: {=IFERROR(_FV(DataRT!$C71,"Low"),0)} | J71: {=IFERROR(_FV(DataRT!$C71,"High"),0)} | K71: {=IFERROR(_FV(DataRT!$C71,"P/E",TRUE),99)} | L71: {=_FV(DataRT!$C71,"Change")} | M71: {=_FV(DataRT!$C71,"Change (%)",TRUE)} | N71: {=_FV(DataRT!$C71,"52 week low",TRUE)} | O71: {=_FV(DataRT!$C71,"52 week high",TRUE)} | P71: {=_FV(DataRT!$C71,"Volume")} | Q71: {=_FV(DataRT!$C71,"Volume average",TRUE)} | R71: {=_FV(DataRT!$C71,"Beta")} | S71: SAF | T71: S | U71: {=_FV(DataRT!$C71,"Exchange abbreviation",TRUE)} | V71: =IFERROR(DataRT!$P71/DataRT!$Q71,1) | X71: =_xlfn.XLOOKUP(DataRT!$A71,TickerList!$G70:$G164,TickerList!L70:L164) | Y71: =_xlfn.XLOOKUP(DataRT!$A71,TickerList!$G70:$G164,TickerList!M70:M164) | Z71: =_xlfn.XLOOKUP(DataRT!$A71,TickerList!$G70:$G164,TickerList!N70:N164) | AA71: =_xlfn.XLOOKUP(DataRT!$A71,TickerList!$G70:$G164,TickerList!O70:O164) | AB71: 0.0001 | AC71: 0.003 | AD71: 54.06 | AE71: =_xlfn.LET(_xlpm.New1YT,DataRT!$X71, _xlpm.Old1YT,IF(ISNUMBER(DataRT!$AD71),DataRT!$AD71,VALUE(LEFT(DataRT!$AD71,FIND("/",DataRT!$AD71,1)-1))), IF(OR(DataRT!$X71=0,_xlpm.Old1YT=0),0,(_xlpm.New1YT-_xlpm.Old1YT)/_xlpm.Old1YT)) | AF71: =TEXT(DataRT!$X71,"#,#0.00")&" < "&DataRT!$AD71
A72: {=_xlfn.SINGLE(DataRT!$S$3:$S$96)&_FV(DataRT!$C72,"Ticker symbol",TRUE)} | B72: =D101/100 | C72: #VALUE! | D72: {=_FV(DataRT!$C72,"Currency")} | E72: {=_FV(DataRT!$C72,"Last trade time",TRUE)} | F72: {=_FV(DataRT!$C72,"Previous close",TRUE)} | G72: {=IFERROR(_FV(DataRT!$C72,"Open"),DataRT!$F72)} | H72: {=_FV(DataRT!$C72,"Price")} | I72: {=IFERROR(_FV(DataRT!$C72,"Low"),0)} | J72: {=IFERROR(_FV(DataRT!$C72,"High"),0)} | K72: {=IFERROR(_FV(DataRT!$C72,"P/E",TRUE),99)} | L72: {=_FV(DataRT!$C72,"Change")} | M72: {=_FV(DataRT!$C72,"Change (%)",TRUE)} | N72: {=_FV(DataRT!$C72,"52 week low",TRUE)} | O72: {=_FV(DataRT!$C72,"52 week high",TRUE)} | P72: {=_FV(DataRT!$C72,"Volume")} | Q72: {=_FV(DataRT!$C72,"Volume average",TRUE)} | R72: {=_FV(DataRT!$C72,"Beta")} | S72: SAF | T72: S | U72: {=_FV(DataRT!$C72,"Exchange abbreviation",TRUE)} | V72: =IFERROR(DataRT!$P72/DataRT!$Q72,1) | X72: =_xlfn.XLOOKUP(DataRT!$A72,TickerList!$G71:$G165,TickerList!L71:L165) | Y72: =_xlfn.XLOOKUP(DataRT!$A72,TickerList!$G71:$G165,TickerList!M71:M165) | Z72: =_xlfn.XLOOKUP(DataRT!$A72,TickerList!$G71:$G165,TickerList!N71:N165) | AA72: =_xlfn.XLOOKUP(DataRT!$A72,TickerList!$G71:$G165,TickerList!O71:O165) | AB72: 0.0001 | AC72: 0.003 | AD72: 293.75 | AE72: =_xlfn.LET(_xlpm.New1YT,DataRT!$X72, _xlpm.Old1YT,IF(ISNUMBER(DataRT!$AD72),DataRT!$AD72,VALUE(LEFT(DataRT!$AD72,FIND("/",DataRT!$AD72,1)-1))), IF(OR(DataRT!$X72=0,_xlpm.Old1YT=0),0,(_xlpm.New1YT-_xlpm.Old1YT)/_xlpm.Old1YT)) | AF72: =TEXT(DataRT!$X72,"#,#0.00")&" < "&DataRT!$AD72
A73: {=_xlfn.SINGLE(DataRT!$S$3:$S$96)&_FV(DataRT!$C73,"Ticker symbol",TRUE)} | B73: =D99 | C73: #VALUE! | D73: {=_FV(DataRT!$C73,"Currency")} | E73: {=_FV(DataRT!$C73,"Last trade time",TRUE)} | F73: {=_FV(DataRT!$C73,"Previous close",TRUE)} | G73: {=IFERROR(_FV(DataRT!$C73,"Open"),DataRT!$F73)} | H73: {=_FV(DataRT!$C73,"Price")} | I73: {=IFERROR(_FV(DataRT!$C73,"Low"),0)} | J73: {=IFERROR(_FV(DataRT!$C73,"High"),0)} | K73: {=IFERROR(_FV(DataRT!$C73,"P/E",TRUE),99)} | L73: {=_FV(DataRT!$C73,"Change")} | M73: {=_FV(DataRT!$C73,"Change (%)",TRUE)} | N73: {=_FV(DataRT!$C73,"52 week low",TRUE)} | O73: {=_FV(DataRT!$C73,"52 week high",TRUE)} | P73: {=_FV(DataRT!$C73,"Volume")} | Q73: {=_FV(DataRT!$C73,"Volume average",TRUE)} | R73: {=_FV(DataRT!$C73,"Beta")} | S73: SAF | T73: S | U73: {=_FV(DataRT!$C73,"Exchange abbreviation",TRUE)} | V73: =IFERROR(DataRT!$P73/DataRT!$Q73,1) | X73: =_xlfn.XLOOKUP(DataRT!$A73,TickerList!$G72:$G166,TickerList!L72:L166) | Y73: =_xlfn.XLOOKUP(DataRT!$A73,TickerList!$G72:$G166,TickerList!M72:M166) | Z73: =_xlfn.XLOOKUP(DataRT!$A73,TickerList!$G72:$G166,TickerList!N72:N166) | AA73: =_xlfn.XLOOKUP(DataRT!$A73,TickerList!$G72:$G166,TickerList!O72:O166) | AB73: 0.0001 | AC73: 0.003 | AD73: 99.83 | AE73: =_xlfn.LET(_xlpm.New1YT,DataRT!$X73, _xlpm.Old1YT,IF(ISNUMBER(DataRT!$AD73),DataRT!$AD73,VALUE(LEFT(DataRT!$AD73,FIND("/",DataRT!$AD73,1)-1))), IF(OR(DataRT!$X73=0,_xlpm.Old1YT=0),0,(_xlpm.New1YT-_xlpm.Old1YT)/_xlpm.Old1YT)) | AF73: =TEXT(DataRT!$X73,"#,#0.00")&" < "&DataRT!$AD73
A74: {=_xlfn.SINGLE(DataRT!$S$3:$S$96)&_FV(DataRT!$C74,"Ticker symbol",TRUE)} | B74: =D99 | C74: #VALUE! | D74: {=_FV(DataRT!$C74,"Currency")} | E74: {=_FV(DataRT!$C74,"Last trade time",TRUE)} | F74: {=_FV(DataRT!$C74,"Previous close",TRUE)} | G74: {=IFERROR(_FV(DataRT!$C74,"Open"),DataRT!$F74)} | H74: {=_FV(DataRT!$C74,"Price")} | I74: {=IFERROR(_FV(DataRT!$C74,"Low"),0)} | J74: {=IFERROR(_FV(DataRT!$C74,"High"),0)} | K74: {=IFERROR(_FV(DataRT!$C74,"P/E",TRUE),99)} | L74: {=_FV(DataRT!$C74,"Change")} | M74: {=_FV(DataRT!$C74,"Change (%)",TRUE)} | N74: {=_FV(DataRT!$C74,"52 week low",TRUE)} | O74: {=_FV(DataRT!$C74,"52 week high",TRUE)} | P74: {=_FV(DataRT!$C74,"Volume")} | Q74: {=_FV(DataRT!$C74,"Volume average",TRUE)} | R74: {=_FV(DataRT!$C74,"Beta")} | T74: S | U74: {=_FV(DataRT!$C74,"Exchange abbreviation",TRUE)} | V74: =IFERROR(DataRT!$P74/DataRT!$Q74,1) | X74: =_xlfn.XLOOKUP(DataRT!$A74,TickerList!$G73:$G167,TickerList!L73:L167) | Y74: =_xlfn.XLOOKUP(DataRT!$A74,TickerList!$G73:$G167,TickerList!M73:M167) | Z74: =_xlfn.XLOOKUP(DataRT!$A74,TickerList!$G73:$G167,TickerList!N73:N167) | AA74: =_xlfn.XLOOKUP(DataRT!$A74,TickerList!$G73:$G167,TickerList!O73:O167) | AB74: 0.0001 | AC74: 0.003 | AD74: 2.25/3.94 | AE74: =_xlfn.LET(_xlpm.New1YT,DataRT!$X74, _xlpm.Old1YT,IF(ISNUMBER(DataRT!$AD74),DataRT!$AD74,VALUE(LEFT(DataRT!$AD74,FIND("/",DataRT!$AD74,1)-1))), IF(OR(DataRT!$X74=0,_xlpm.Old1YT=0),0,(_xlpm.New1YT-_xlpm.Old1YT)/_xlpm.Old1YT)) | AF74: =TEXT(DataRT!$X74,"#,#0.00")&" < "&DataRT!$AD74
A75: {=_xlfn.SINGLE(DataRT!$S$3:$S$96)&_FV(DataRT!$C75,"Ticker symbol",TRUE)} | B75: 1 | C75: #VALUE! | D75: {=_FV(DataRT!$C75,"Currency")} | E75: {=_FV(DataRT!$C75,"Last trade time",TRUE)} | F75: {=_FV(DataRT!$C75,"Previous close",TRUE)} | G75: {=IFERROR(_FV(DataRT!$C75,"Open"),DataRT!$F75)} | H75: {=_FV(DataRT!$C75,"Price")} | I75: {=IFERROR(_FV(DataRT!$C75,"Low"),0)} | J75: {=IFERROR(_FV(DataRT!$C75,"High"),0)} | K75: {=IFERROR(_FV(DataRT!$C75,"P/E",TRUE),99)} | L75: {=_FV(DataRT!$C75,"Change")} | M75: {=_FV(DataRT!$C75,"Change (%)",TRUE)} | N75: {=_FV(DataRT!$C75,"52 week low",TRUE)} | O75: {=_FV(DataRT!$C75,"52 week high",TRUE)} | P75: {=_FV(DataRT!$C75,"Volume")} | Q75: {=_FV(DataRT!$C75,"Volume average",TRUE)} | R75: {=_FV(DataRT!$C75,"Beta")} | T75: S | U75: {=_FV(DataRT!$C75,"Exchange abbreviation",TRUE)} | V75: =IFERROR(DataRT!$P75/DataRT!$Q75,1) | X75: =_xlfn.XLOOKUP(DataRT!$A75,TickerList!$G74:$G168,TickerList!L74:L168) | Y75: =_xlfn.XLOOKUP(DataRT!$A75,TickerList!$G74:$G168,TickerList!M74:M168) | Z75: =_xlfn.XLOOKUP(DataRT!$A75,TickerList!$G74:$G168,TickerList!N74:N168) | AA75: =_xlfn.XLOOKUP(DataRT!$A75,TickerList!$G74:$G168,TickerList!O74:O168) | AC75: 0.003 | AD75: 14.71/14.81/16.46 | AE75: =_xlfn.LET(_xlpm.New1YT,DataRT!$X75, _xlpm.Old1YT,IF(ISNUMBER(DataRT!$AD75),DataRT!$AD75,VALUE(LEFT(DataRT!$AD75,FIND("/",DataRT!$AD75,1)-1))), IF(OR(DataRT!$X75=0,_xlpm.Old1YT=0),0,(_xlpm.New1YT-_xlpm.Old1YT)/_xlpm.Old1YT)) | AF75: =TEXT(DataRT!$X75,"#,#0.00")&" < "&DataRT!$AD75
A76: {=_xlfn.SINGLE(DataRT!$S$3:$S$96)&_FV(DataRT!$C76,"Ticker symbol",TRUE)} | B76: =D101/100 | C76: #VALUE! | D76: {=_FV(DataRT!$C76,"Currency")} | E76: {=_FV(DataRT!$C76,"Last trade time",TRUE)} | F76: {=_FV(DataRT!$C76,"Previous close",TRUE)} | G76: {=IFERROR(_FV(DataRT!$C76,"Open"),DataRT!$F76)} | H76: {=_FV(DataRT!$C76,"Price")} | I76: {=IFERROR(_FV(DataRT!$C76,"Low"),0)} | J76: {=IFERROR(_FV(DataRT!$C76,"High"),0)} | K76: {=IFERROR(_FV(DataRT!$C76,"P/E",TRUE),99)} | L76: {=_FV(DataRT!$C76,"Change")} | M76: {=_FV(DataRT!$C76,"Change (%)",TRUE)} | N76: {=_FV(DataRT!$C76,"52 week low",TRUE)} | O76: {=_FV(DataRT!$C76,"52 week high",TRUE)} | P76: {=_FV(DataRT!$C76,"Volume")} | Q76: {=_FV(DataRT!$C76,"Volume average",TRUE)} | R76: {=_FV(DataRT!$C76,"Beta")} | T76: S | U76: {=_FV(DataRT!$C76,"Exchange abbreviation",TRUE)} | V76: =IFERROR(DataRT!$P76/DataRT!$Q76,1) | X76: =_xlfn.XLOOKUP(DataRT!$A76,TickerList!$G75:$G169,TickerList!L75:L169) | Y76: =_xlfn.XLOOKUP(DataRT!$A76,TickerList!$G75:$G169,TickerList!M75:M169) | Z76: =_xlfn.XLOOKUP(DataRT!$A76,TickerList!$G75:$G169,TickerList!N75:N169) | AA76: =_xlfn.XLOOKUP(DataRT!$A76,TickerList!$G75:$G169,TickerList!O75:O169) | AC76: 0.003 | AD76: 697.31/682.94 | AE76: =_xlfn.LET(_xlpm.New1YT,DataRT!$X76, _xlpm.Old1YT,IF(ISNUMBER(DataRT!$AD76),DataRT!$AD76,VALUE(LEFT(DataRT!$AD76,FIND("/",DataRT!$AD76,1)-1))), IF(OR(DataRT!$X76=0,_xlpm.Old1YT=0),0,(_xlpm.New1YT-_xlpm.Old1YT)/_xlpm.Old1YT)) | AF76: =TEXT(DataRT!$X76,"#,#0.00")&" < "&DataRT!$AD76
A77: {=_xlfn.SINGLE(DataRT!$S$3:$S$96)&_FV(DataRT!$C77,"Ticker symbol",TRUE)} | B77: =D99 | C77: #VALUE! | D77: {=_FV(DataRT!$C77,"Currency")} | E77: {=_FV(DataRT!$C77,"Last trade time",TRUE)} | F77: {=_FV(DataRT!$C77,"Previous close",TRUE)} | G77: {=IFERROR(_FV(DataRT!$C77,"Open"),DataRT!$F77)} | H77: {=_FV(DataRT!$C77,"Price")} | I77: {=IFERROR(_FV(DataRT!$C77,"Low"),0)} | J77: {=IFERROR(_FV(DataRT!$C77,"High"),0)} | K77: {=IFERROR(_FV(DataRT!$C77,"P/E",TRUE),99)} | L77: {=_FV(DataRT!$C77,"Change")} | M77: {=_FV(DataRT!$C77,"Change (%)",TRUE)} | N77: {=_FV(DataRT!$C77,"52 week low",TRUE)} | O77: {=_FV(DataRT!$C77,"52 week high",TRUE)} | P77: {=_FV(DataRT!$C77,"Volume")} | Q77: {=_FV(DataRT!$C77,"Volume average",TRUE)} | R77: {=_FV(DataRT!$C77,"Beta")} | T77: S | U77: {=_FV(DataRT!$C77,"Exchange abbreviation",TRUE)} | V77: =IFERROR(DataRT!$P77/DataRT!$Q77,1) | X77: =_xlfn.XLOOKUP(DataRT!$A77,TickerList!$G76:$G170,TickerList!L76:L170) | Y77: =_xlfn.XLOOKUP(DataRT!$A77,TickerList!$G76:$G170,TickerList!M76:M170) | Z77: =_xlfn.XLOOKUP(DataRT!$A77,TickerList!$G76:$G170,TickerList!N76:N170) | AA77: =_xlfn.XLOOKUP(DataRT!$A77,TickerList!$G76:$G170,TickerList!O76:O170) | AB77: 0.0001 | AC77: 0.003 | AD77: 10.37/12.18 | AE77: =_xlfn.LET(_xlpm.New1YT,DataRT!$X77, _xlpm.Old1YT,IF(ISNUMBER(DataRT!$AD77),DataRT!$AD77,VALUE(LEFT(DataRT!$AD77,FIND("/",DataRT!$AD77,1)-1))), IF(OR(DataRT!$X77=0,_xlpm.Old1YT=0),0,(_xlpm.New1YT-_xlpm.Old1YT)/_xlpm.Old1YT)) | AF77: =TEXT(DataRT!$X77,"#,#0.00")&" < "&DataRT!$AD77
A78: {=_xlfn.SINGLE(DataRT!$S$3:$S$96)&_FV(DataRT!$C78,"Ticker symbol",TRUE)} | B78: 1 | C78: #VALUE! | D78: {=_FV(DataRT!$C78,"Currency")} | E78: {=_FV(DataRT!$C78,"Last trade time",TRUE)} | F78: {=_FV(DataRT!$C78,"Previous close",TRUE)} | G78: {=IFERROR(_FV(DataRT!$C78,"Open"),DataRT!$F78)} | H78: {=_FV(DataRT!$C78,"Price")} | I78: {=IFERROR(_FV(DataRT!$C78,"Low"),0)} | J78: {=IFERROR(_FV(DataRT!$C78,"High"),0)} | K78: {=IFERROR(_FV(DataRT!$C78,"P/E",TRUE),99)} | L78: {=_FV(DataRT!$C78,"Change")} | M78: {=_FV(DataRT!$C78,"Change (%)",TRUE)} | N78: {=_FV(DataRT!$C78,"52 week low",TRUE)} | O78: {=_FV(DataRT!$C78,"52 week high",TRUE)} | P78: {=_FV(DataRT!$C78,"Volume")} | Q78: {=_FV(DataRT!$C78,"Volume average",TRUE)} | R78: {=_FV(DataRT!$C78,"Beta")} | T78: S | U78: {=_FV(DataRT!$C78,"Exchange abbreviation",TRUE)} | V78: =IFERROR(DataRT!$P78/DataRT!$Q78,1) | X78: =_xlfn.XLOOKUP(DataRT!$A78,TickerList!$G77:$G171,TickerList!L77:L171) | Y78: =_xlfn.XLOOKUP(DataRT!$A78,TickerList!$G77:$G171,TickerList!M77:M171) | Z78: =_xlfn.XLOOKUP(DataRT!$A78,TickerList!$G77:$G171,TickerList!N77:N171) | AA78: =_xlfn.XLOOKUP(DataRT!$A78,TickerList!$G77:$G171,TickerList!O77:O171) | AC78: 0.003 | AD78: 59.77/51.92/30.4 | AE78: =_xlfn.LET(_xlpm.New1YT,DataRT!$X78, _xlpm.Old1YT,IF(ISNUMBER(DataRT!$AD78),DataRT!$AD78,VALUE(LEFT(DataRT!$AD78,FIND("/",DataRT!$AD78,1)-1))), IF(OR(DataRT!$X78=0,_xlpm.Old1YT=0),0,(_xlpm.New1YT-_xlpm.Old1YT)/_xlpm.Old1YT)) | AF78: =TEXT(DataRT!$X78,"#,#0.00")&" < "&DataRT!$AD78
A79: {=_xlfn.SINGLE(DataRT!$S$3:$S$96)&_FV(DataRT!$C79,"Ticker symbol",TRUE)} | B79: =D99 | C79: #VALUE! | D79: {=_FV(DataRT!$C79,"Currency")} | E79: {=_FV(DataRT!$C79,"Last trade time",TRUE)} | F79: {=_FV(DataRT!$C79,"Previous close",TRUE)} | G79: {=IFERROR(_FV(DataRT!$C79,"Open"),DataRT!$F79)} | H79: {=_FV(DataRT!$C79,"Price")} | I79: {=IFERROR(_FV(DataRT!$C79,"Low"),0)} | J79: {=IFERROR(_FV(DataRT!$C79,"High"),0)} | K79: {=IFERROR(_FV(DataRT!$C79,"P/E",TRUE),99)} | L79: {=_FV(DataRT!$C79,"Change")} | M79: {=_FV(DataRT!$C79,"Change (%)",TRUE)} | N79: {=_FV(DataRT!$C79,"52 week low",TRUE)} | O79: {=_FV(DataRT!$C79,"52 week high",TRUE)} | P79: {=_FV(DataRT!$C79,"Volume")} | Q79: {=_FV(DataRT!$C79,"Volume average",TRUE)} | R79: {=_FV(DataRT!$C79,"Beta")} | T79: S | U79: {=_FV(DataRT!$C79,"Exchange abbreviation",TRUE)} | V79: =IFERROR(DataRT!$P79/DataRT!$Q79,1) | X79: =_xlfn.XLOOKUP(DataRT!$A79,TickerList!$G78:$G172,TickerList!L78:L172) | Y79: =_xlfn.XLOOKUP(DataRT!$A79,TickerList!$G78:$G172,TickerList!M78:M172) | Z79: =_xlfn.XLOOKUP(DataRT!$A79,TickerList!$G78:$G172,TickerList!N78:N172) | AA79: =_xlfn.XLOOKUP(DataRT!$A79,TickerList!$G78:$G172,TickerList!O78:O172) | AB79: 0.0001 | AC79: 0.003 | AD79: 157.18 | AE79: =_xlfn.LET(_xlpm.New1YT,DataRT!$X79, _xlpm.Old1YT,IF(ISNUMBER(DataRT!$AD79),DataRT!$AD79,VALUE(LEFT(DataRT!$AD79,FIND("/",DataRT!$AD79,1)-1))), IF(OR(DataRT!$X79=0,_xlpm.Old1YT=0),0,(_xlpm.New1YT-_xlpm.Old1YT)/_xlpm.Old1YT)) | AF79: =TEXT(DataRT!$X79,"#,#0.00")&" < "&DataRT!$AD79
A80: {=_xlfn.SINGLE(DataRT!$S$3:$S$96)&_FV(DataRT!$C80,"Ticker symbol",TRUE)} | B80: =D99 | C80: #VALUE! | D80: {=_FV(DataRT!$C80,"Currency")} | E80: {=_FV(DataRT!$C80,"Last trade time",TRUE)} | F80: {=_FV(DataRT!$C80,"Previous close",TRUE)} | G80: {=IFERROR(_FV(DataRT!$C80,"Open"),DataRT!$F80)} | H80: {=_FV(DataRT!$C80,"Price")} | I80: {=IFERROR(_FV(DataRT!$C80,"Low"),0)} | J80: {=IFERROR(_FV(DataRT!$C80,"High"),0)} | K80: {=IFERROR(_FV(DataRT!$C80,"P/E",TRUE),99)} | L80: {=_FV(DataRT!$C80,"Change")} | M80: {=_FV(DataRT!$C80,"Change (%)",TRUE)} | N80: {=_FV(DataRT!$C80,"52 week low",TRUE)} | O80: {=_FV(DataRT!$C80,"52 week high",TRUE)} | P80: {=_FV(DataRT!$C80,"Volume")} | Q80: {=_FV(DataRT!$C80,"Volume average",TRUE)} | R80: {=_FV(DataRT!$C80,"Beta")} | T80: S | U80: {=_FV(DataRT!$C80,"Exchange abbreviation",TRUE)} | V80: =IFERROR(DataRT!$P80/DataRT!$Q80,1) | X80: =_xlfn.XLOOKUP(DataRT!$A80,TickerList!$G79:$G173,TickerList!L79:L173) | Y80: =_xlfn.XLOOKUP(DataRT!$A80,TickerList!$G79:$G173,TickerList!M79:M173) | Z80: =_xlfn.XLOOKUP(DataRT!$A80,TickerList!$G79:$G173,TickerList!N79:N173) | AA80: =_xlfn.XLOOKUP(DataRT!$A80,TickerList!$G79:$G173,TickerList!O79:O173) | AB80: 0.0001 | AC80: 0.003 | AD80: 453.91 | AE80: =_xlfn.LET(_xlpm.New1YT,DataRT!$X80, _xlpm.Old1YT,IF(ISNUMBER(DataRT!$AD80),DataRT!$AD80,VALUE(LEFT(DataRT!$AD80,FIND("/",DataRT!$AD80,1)-1))), IF(OR(DataRT!$X80=0,_xlpm.Old1YT=0),0,(_xlpm.New1YT-_xlpm.Old1YT)/_xlpm.Old1YT)) | AF80: =TEXT(DataRT!$X80,"#,#0.00")&" < "&DataRT!$AD80
A81: {=_xlfn.SINGLE(DataRT!$S$3:$S$96)&_FV(DataRT!$C81,"Ticker symbol",TRUE)} | B81: =D99 | C81: #VALUE! | D81: {=_FV(DataRT!$C81,"Currency")} | E81: {=_FV(DataRT!$C81,"Last trade time",TRUE)} | F81: {=_FV(DataRT!$C81,"Previous close",TRUE)} | G81: {=IFERROR(_FV(DataRT!$C81,"Open"),DataRT!$F81)} | H81: {=_FV(DataRT!$C81,"Price")} | I81: {=IFERROR(_FV(DataRT!$C81,"Low"),0)} | J81: {=IFERROR(_FV(DataRT!$C81,"High"),0)} | K81: {=IFERROR(_FV(DataRT!$C81,"P/E",TRUE),99)} | L81: {=_FV(DataRT!$C81,"Change")} | M81: {=_FV(DataRT!$C81,"Change (%)",TRUE)} | N81: {=_FV(DataRT!$C81,"52 week low",TRUE)} | O81: {=_FV(DataRT!$C81,"52 week high",TRUE)} | P81: {=_FV(DataRT!$C81,"Volume")} | Q81: {=_FV(DataRT!$C81,"Volume average",TRUE)} | R81: {=_FV(DataRT!$C81,"Beta")} | T81: S | U81: {=_FV(DataRT!$C81,"Exchange abbreviation",TRUE)} | V81: =IFERROR(DataRT!$P81/DataRT!$Q81,1) | X81: =_xlfn.XLOOKUP(DataRT!$A81,TickerList!$G80:$G174,TickerList!L80:L174) | Y81: =_xlfn.XLOOKUP(DataRT!$A81,TickerList!$G80:$G174,TickerList!M80:M174) | Z81: =_xlfn.XLOOKUP(DataRT!$A81,TickerList!$G80:$G174,TickerList!N80:N174) | AA81: =_xlfn.XLOOKUP(DataRT!$A81,TickerList!$G80:$G174,TickerList!O80:O174) | AB81: 0.0001 | AC81: 0.003 | AD81: 4.32/2.59 | AE81: =_xlfn.LET(_xlpm.New1YT,DataRT!$X81, _xlpm.Old1YT,IF(ISNUMBER(DataRT!$AD81),DataRT!$AD81,VALUE(LEFT(DataRT!$AD81,FIND("/",DataRT!$AD81,1)-1))), IF(OR(DataRT!$X81=0,_xlpm.Old1YT=0),0,(_xlpm.New1YT-_xlpm.Old1YT)/_xlpm.Old1YT)) | AF81: =TEXT(DataRT!$X81,"#,#0.00")&" < "&DataRT!$AD81
A82: {=_xlfn.SINGLE(DataRT!$S$3:$S$96)&_FV(DataRT!$C82,"Ticker symbol",TRUE)} | B82: =D99 | C82: #VALUE! | D82: {=_FV(DataRT!$C82,"Currency")} | E82: {=_FV(DataRT!$C82,"Last trade time",TRUE)} | F82: {=_FV(DataRT!$C82,"Previous close",TRUE)} | G82: {=IFERROR(_FV(DataRT!$C82,"Open"),DataRT!$F82)} | H82: {=_FV(DataRT!$C82,"Price")} | I82: {=IFERROR(_FV(DataRT!$C82,"Low"),0)} | J82: {=IFERROR(_FV(DataRT!$C82,"High"),0)} | K82: {=IFERROR(_FV(DataRT!$C82,"P/E",TRUE),99)} | L82: {=_FV(DataRT!$C82,"Change")} | M82: {=_FV(DataRT!$C82,"Change (%)",TRUE)} | N82: {=_FV(DataRT!$C82,"52 week low",TRUE)} | O82: {=_FV(DataRT!$C82,"52 week high",TRUE)} | P82: {=_FV(DataRT!$C82,"Volume")} | Q82: {=_FV(DataRT!$C82,"Volume average",TRUE)} | R82: {=_FV(DataRT!$C82,"Beta")} | T82: S | U82: {=_FV(DataRT!$C82,"Exchange abbreviation",TRUE)} | V82: =IFERROR(DataRT!$P82/DataRT!$Q82,1) | X82: =_xlfn.XLOOKUP(DataRT!$A82,TickerList!$G81:$G175,TickerList!L81:L175) | Y82: =_xlfn.XLOOKUP(DataRT!$A82,TickerList!$G81:$G175,TickerList!M81:M175) | Z82: =_xlfn.XLOOKUP(DataRT!$A82,TickerList!$G81:$G175,TickerList!N81:N175) | AA82: =_xlfn.XLOOKUP(DataRT!$A82,TickerList!$G81:$G175,TickerList!O81:O175) | AB82: 0.0001 | AC82: 0.003 | AD82: 28.04 | AE82: =_xlfn.LET(_xlpm.New1YT,DataRT!$X82, _xlpm.Old1YT,IF(ISNUMBER(DataRT!$AD82),DataRT!$AD82,VALUE(LEFT(DataRT!$AD82,FIND("/",DataRT!$AD82,1)-1))), IF(OR(DataRT!$X82=0,_xlpm.Old1YT=0),0,(_xlpm.New1YT-_xlpm.Old1YT)/_xlpm.Old1YT)) | AF82: =TEXT(DataRT!$X82,"#,#0.00")&" < "&DataRT!$AD82
A83: {=_xlfn.SINGLE(DataRT!$S$3:$S$96)&_FV(DataRT!$C83,"Ticker symbol",TRUE)} | B83: =D99 | C83: #VALUE! | D83: {=_FV(DataRT!$C83,"Currency")} | E83: {=_FV(DataRT!$C83,"Last trade time",TRUE)} | F83: {=_FV(DataRT!$C83,"Previous close",TRUE)} | G83: {=IFERROR(_FV(DataRT!$C83,"Open"),DataRT!$F83)} | H83: {=_FV(DataRT!$C83,"Price")} | I83: {=IFERROR(_FV(DataRT!$C83,"Low"),0)} | J83: {=IFERROR(_FV(DataRT!$C83,"High"),0)} | K83: {=IFERROR(_FV(DataRT!$C83,"P/E",TRUE),99)} | L83: {=_FV(DataRT!$C83,"Change")} | M83: {=_FV(DataRT!$C83,"Change (%)",TRUE)} | N83: {=_FV(DataRT!$C83,"52 week low",TRUE)} | O83: {=_FV(DataRT!$C83,"52 week high",TRUE)} | P83: {=_FV(DataRT!$C83,"Volume")} | Q83: {=_FV(DataRT!$C83,"Volume average",TRUE)} | R83: {=_FV(DataRT!$C83,"Beta")} | T83: S | U83: {=_FV(DataRT!$C83,"Exchange abbreviation",TRUE)} | V83: =IFERROR(DataRT!$P83/DataRT!$Q83,1) | X83: =_xlfn.XLOOKUP(DataRT!$A83,TickerList!$G82:$G176,TickerList!L82:L176) | Y83: =_xlfn.XLOOKUP(DataRT!$A83,TickerList!$G82:$G176,TickerList!M82:M176) | Z83: =_xlfn.XLOOKUP(DataRT!$A83,TickerList!$G82:$G176,TickerList!N82:N176) | AA83: =_xlfn.XLOOKUP(DataRT!$A83,TickerList!$G82:$G176,TickerList!O82:O176) | AB83: 0.0001 | AC83: 0.003 | AD83: 549.31 | AE83: =_xlfn.LET(_xlpm.New1YT,DataRT!$X83, _xlpm.Old1YT,IF(ISNUMBER(DataRT!$AD83),DataRT!$AD83,VALUE(LEFT(DataRT!$AD83,FIND("/",DataRT!$AD83,1)-1))), IF(OR(DataRT!$X83=0,_xlpm.Old1YT=0),0,(_xlpm.New1YT-_xlpm.Old1YT)/_xlpm.Old1YT)) | AF83: =TEXT(DataRT!$X83,"#,#0.00")&" < "&DataRT!$AD83
A84: {=_xlfn.SINGLE(DataRT!$S$3:$S$96)&_FV(DataRT!$C84,"Ticker symbol",TRUE)} | B84: =D99 | C84: #VALUE! | D84: {=_FV(DataRT!$C84,"Currency")} | E84: {=_FV(DataRT!$C84,"Last trade time",TRUE)} | F84: {=_FV(DataRT!$C84,"Previous close",TRUE)} | G84: {=IFERROR(_FV(DataRT!$C84,"Open"),DataRT!$F84)} | H84: {=_FV(DataRT!$C84,"Price")} | I84: {=IFERROR(_FV(DataRT!$C84,"Low"),0)} | J84: {=IFERROR(_FV(DataRT!$C84,"High"),0)} | K84: {=IFERROR(_FV(DataRT!$C84,"P/E",TRUE),99)} | L84: {=_FV(DataRT!$C84,"Change")} | M84: {=_FV(DataRT!$C84,"Change (%)",TRUE)} | N84: {=_FV(DataRT!$C84,"52 week low",TRUE)} | O84: {=_FV(DataRT!$C84,"52 week high",TRUE)} | P84: {=_FV(DataRT!$C84,"Volume")} | Q84: {=_FV(DataRT!$C84,"Volume average",TRUE)} | R84: {=_FV(DataRT!$C84,"Beta")} | T84: S | U84: {=_FV(DataRT!$C84,"Exchange abbreviation",TRUE)} | V84: =IFERROR(DataRT!$P84/DataRT!$Q84,1) | X84: =_xlfn.XLOOKUP(DataRT!$A84,TickerList!$G83:$G177,TickerList!L83:L177) | Y84: =_xlfn.XLOOKUP(DataRT!$A84,TickerList!$G83:$G177,TickerList!M83:M177) | Z84: =_xlfn.XLOOKUP(DataRT!$A84,TickerList!$G83:$G177,TickerList!N83:N177) | AA84: =_xlfn.XLOOKUP(DataRT!$A84,TickerList!$G83:$G177,TickerList!O83:O177) | AB84: 0.0001 | AC84: 0.003 | AD84: 14.67/16.14/20.8 | AE84: =_xlfn.LET(_xlpm.New1YT,DataRT!$X84, _xlpm.Old1YT,IF(ISNUMBER(DataRT!$AD84),DataRT!$AD84,VALUE(LEFT(DataRT!$AD84,FIND("/",DataRT!$AD84,1)-1))), IF(OR(DataRT!$X84=0,_xlpm.Old1YT=0),0,(_xlpm.New1YT-_xlpm.Old1YT)/_xlpm.Old1YT)) | AF84: =TEXT(DataRT!$X84,"#,#0.00")&" < "&DataRT!$AD84
A85: {=_xlfn.SINGLE(DataRT!$S$3:$S$96)&_FV(DataRT!$C85,"Ticker symbol",TRUE)} | B85: =D99 | C85: #VALUE! | D85: {=_FV(DataRT!$C85,"Currency")} | E85: {=_FV(DataRT!$C85,"Last trade time",TRUE)} | F85: {=_FV(DataRT!$C85,"Previous close",TRUE)} | G85: {=IFERROR(_FV(DataRT!$C85,"Open"),DataRT!$F85)} | H85: {=_FV(DataRT!$C85,"Price")} | I85: {=IFERROR(_FV(DataRT!$C85,"Low"),0)} | J85: {=IFERROR(_FV(DataRT!$C85,"High"),0)} | K85: {=IFERROR(_FV(DataRT!$C85,"P/E",TRUE),99)} | L85: {=_FV(DataRT!$C85,"Change")} | M85: {=_FV(DataRT!$C85,"Change (%)",TRUE)} | N85: {=_FV(DataRT!$C85,"52 week low",TRUE)} | O85: {=_FV(DataRT!$C85,"52 week high",TRUE)} | P85: {=_FV(DataRT!$C85,"Volume")} | Q85: {=_FV(DataRT!$C85,"Volume average",TRUE)} | R85: {=_FV(DataRT!$C85,"Beta")} | T85: S | U85: {=_FV(DataRT!$C85,"Exchange abbreviation",TRUE)} | V85: =IFERROR(DataRT!$P85/DataRT!$Q85,1) | X85: =_xlfn.XLOOKUP(DataRT!$A85,TickerList!$G84:$G178,TickerList!L84:L178) | Y85: =_xlfn.XLOOKUP(DataRT!$A85,TickerList!$G84:$G178,TickerList!M84:M178) | Z85: =_xlfn.XLOOKUP(DataRT!$A85,TickerList!$G84:$G178,TickerList!N84:N178) | AA85: =_xlfn.XLOOKUP(DataRT!$A85,TickerList!$G84:$G178,TickerList!O84:O178) | AB85: 0.0001 | AC85: 0.003 | AD85: 115.66 | AE85: =_xlfn.LET(_xlpm.New1YT,DataRT!$X85, _xlpm.Old1YT,IF(ISNUMBER(DataRT!$AD85),DataRT!$AD85,VALUE(LEFT(DataRT!$AD85,FIND("/",DataRT!$AD85,1)-1))), IF(OR(DataRT!$X85=0,_xlpm.Old1YT=0),0,(_xlpm.New1YT-_xlpm.Old1YT)/_xlpm.Old1YT)) | AF85: =TEXT(DataRT!$X85,"#,#0.00")&" < "&DataRT!$AD85
A86: {=_xlfn.SINGLE(DataRT!$S$3:$S$96)&_FV(DataRT!$C86,"Ticker symbol",TRUE)} | B86: 1 | C86: #VALUE! | D86: {=_FV(DataRT!$C86,"Currency")} | E86: {=_FV(DataRT!$C86,"Last trade time",TRUE)} | F86: {=_FV(DataRT!$C86,"Previous close",TRUE)} | G86: {=IFERROR(_FV(DataRT!$C86,"Open"),DataRT!$F86)} | H86: {=_FV(DataRT!$C86,"Price")} | I86: {=IFERROR(_FV(DataRT!$C86,"Low"),0)} | J86: {=IFERROR(_FV(DataRT!$C86,"High"),0)} | K86: {=IFERROR(_FV(DataRT!$C86,"P/E",TRUE),99)} | L86: {=_FV(DataRT!$C86,"Change")} | M86: {=_FV(DataRT!$C86,"Change (%)",TRUE)} | N86: {=_FV(DataRT!$C86,"52 week low",TRUE)} | O86: {=_FV(DataRT!$C86,"52 week high",TRUE)} | P86: {=_FV(DataRT!$C86,"Volume")} | Q86: {=_FV(DataRT!$C86,"Volume average",TRUE)} | R86: {=_FV(DataRT!$C86,"Beta")} | T86: S | U86: {=_FV(DataRT!$C86,"Exchange abbreviation",TRUE)} | V86: =IFERROR(DataRT!$P86/DataRT!$Q86,1) | X86: =_xlfn.XLOOKUP(DataRT!$A86,TickerList!$G85:$G179,TickerList!L85:L179) | Y86: =_xlfn.XLOOKUP(DataRT!$A86,TickerList!$G85:$G179,TickerList!M85:M179) | Z86: =_xlfn.XLOOKUP(DataRT!$A86,TickerList!$G85:$G179,TickerList!N85:N179) | AA86: =_xlfn.XLOOKUP(DataRT!$A86,TickerList!$G85:$G179,TickerList!O85:O179) | AC86: 0.003 | AD86: 14.83/14/12.94 | AE86: =_xlfn.LET(_xlpm.New1YT,DataRT!$X86, _xlpm.Old1YT,IF(ISNUMBER(DataRT!$AD86),DataRT!$AD86,VALUE(LEFT(DataRT!$AD86,FIND("/",DataRT!$AD86,1)-1))), IF(OR(DataRT!$X86=0,_xlpm.Old1YT=0),0,(_xlpm.New1YT-_xlpm.Old1YT)/_xlpm.Old1YT)) | AF86: =TEXT(DataRT!$X86,"#,#0.00")&" < "&DataRT!$AD86
A87: {=_xlfn.SINGLE(DataRT!$S$3:$S$96)&_FV(DataRT!$C87,"Ticker symbol",TRUE)} | B87: =D99 | C87: #VALUE! | D87: {=_FV(DataRT!$C87,"Currency")} | E87: {=_FV(DataRT!$C87,"Last trade time",TRUE)} | F87: {=_FV(DataRT!$C87,"Previous close",TRUE)} | G87: {=IFERROR(_FV(DataRT!$C87,"Open"),DataRT!$F87)} | H87: {=_FV(DataRT!$C87,"Price")} | I87: {=IFERROR(_FV(DataRT!$C87,"Low"),0)} | J87: {=IFERROR(_FV(DataRT!$C87,"High"),0)} | K87: {=IFERROR(_FV(DataRT!$C87,"P/E",TRUE),99)} | L87: {=_FV(DataRT!$C87,"Change")} | M87: {=_FV(DataRT!$C87,"Change (%)",TRUE)} | N87: {=_FV(DataRT!$C87,"52 week low",TRUE)} | O87: {=_FV(DataRT!$C87,"52 week high",TRUE)} | P87: {=_FV(DataRT!$C87,"Volume")} | Q87: {=_FV(DataRT!$C87,"Volume average",TRUE)} | R87: {=_FV(DataRT!$C87,"Beta")} | T87: S | U87: {=_FV(DataRT!$C87,"Exchange abbreviation",TRUE)} | V87: =IFERROR(DataRT!$P87/DataRT!$Q87,1) | X87: =_xlfn.XLOOKUP(DataRT!$A87,TickerList!$G86:$G180,TickerList!L86:L180) | Y87: =_xlfn.XLOOKUP(DataRT!$A87,TickerList!$G86:$G180,TickerList!M86:M180) | Z87: =_xlfn.XLOOKUP(DataRT!$A87,TickerList!$G86:$G180,TickerList!N86:N180) | AA87: =_xlfn.XLOOKUP(DataRT!$A87,TickerList!$G86:$G180,TickerList!O86:O180) | AB87: 0.0001 | AC87: 0.003 | AD87: 71.72 | AE87: =_xlfn.LET(_xlpm.New1YT,DataRT!$X87, _xlpm.Old1YT,IF(ISNUMBER(DataRT!$AD87),DataRT!$AD87,VALUE(LEFT(DataRT!$AD87,FIND("/",DataRT!$AD87,1)-1))), IF(OR(DataRT!$X87=0,_xlpm.Old1YT=0),0,(_xlpm.New1YT-_xlpm.Old1YT)/_xlpm.Old1YT)) | AF87: =TEXT(DataRT!$X87,"#,#0.00")&" < "&DataRT!$AD87
A88: {=_xlfn.SINGLE(DataRT!$S$3:$S$96)&_FV(DataRT!$C88,"Ticker symbol",TRUE)} | B88: =D99 | C88: #VALUE! | D88: {=_FV(DataRT!$C88,"Currency")} | E88: {=_FV(DataRT!$C88,"Last trade time",TRUE)} | F88: {=_FV(DataRT!$C88,"Previous close",TRUE)} | G88: {=IFERROR(_FV(DataRT!$C88,"Open"),DataRT!$F88)} | H88: {=_FV(DataRT!$C88,"Price")} | I88: {=IFERROR(_FV(DataRT!$C88,"Low"),0)} | J88: {=IFERROR(_FV(DataRT!$C88,"High"),0)} | K88: {=IFERROR(_FV(DataRT!$C88,"P/E",TRUE),99)} | L88: {=_FV(DataRT!$C88,"Change")} | M88: {=_FV(DataRT!$C88,"Change (%)",TRUE)} | N88: {=_FV(DataRT!$C88,"52 week low",TRUE)} | O88: {=_FV(DataRT!$C88,"52 week high",TRUE)} | P88: {=_FV(DataRT!$C88,"Volume")} | Q88: {=_FV(DataRT!$C88,"Volume average",TRUE)} | R88: {=_FV(DataRT!$C88,"Beta")} | T88: S | U88: {=_FV(DataRT!$C88,"Exchange abbreviation",TRUE)} | V88: =IFERROR(DataRT!$P88/DataRT!$Q88,1) | X88: =_xlfn.XLOOKUP(DataRT!$A88,TickerList!$G87:$G181,TickerList!L87:L181) | Y88: =_xlfn.XLOOKUP(DataRT!$A88,TickerList!$G87:$G181,TickerList!M87:M181) | Z88: =_xlfn.XLOOKUP(DataRT!$A88,TickerList!$G87:$G181,TickerList!N87:N181) | AA88: =_xlfn.XLOOKUP(DataRT!$A88,TickerList!$G87:$G181,TickerList!O87:O181) | AB88: 0.0001 | AC88: 0.003 | AD88: 33.15 | AE88: =_xlfn.LET(_xlpm.New1YT,DataRT!$X88, _xlpm.Old1YT,IF(ISNUMBER(DataRT!$AD88),DataRT!$AD88,VALUE(LEFT(DataRT!$AD88,FIND("/",DataRT!$AD88,1)-1))), IF(OR(DataRT!$X88=0,_xlpm.Old1YT=0),0,(_xlpm.New1YT-_xlpm.Old1YT)/_xlpm.Old1YT)) | AF88: =TEXT(DataRT!$X88,"#,#0.00")&" < "&DataRT!$AD88
A89: {=_xlfn.SINGLE(DataRT!$S$3:$S$96)&_FV(DataRT!$C89,"Ticker symbol",TRUE)} | B89: =D99 | C89: #VALUE! | D89: {=_FV(DataRT!$C89,"Currency")} | E89: {=_FV(DataRT!$C89,"Last trade time",TRUE)} | F89: {=_FV(DataRT!$C89,"Previous close",TRUE)} | G89: {=IFERROR(_FV(DataRT!$C89,"Open"),DataRT!$F89)} | H89: {=_FV(DataRT!$C89,"Price")} | I89: {=IFERROR(_FV(DataRT!$C89,"Low"),0)} | J89: {=IFERROR(_FV(DataRT!$C89,"High"),0)} | K89: {=IFERROR(_FV(DataRT!$C89,"P/E",TRUE),99)} | L89: {=_FV(DataRT!$C89,"Change")} | M89: {=_FV(DataRT!$C89,"Change (%)",TRUE)} | N89: {=_FV(DataRT!$C89,"52 week low",TRUE)} | O89: {=_FV(DataRT!$C89,"52 week high",TRUE)} | P89: {=_FV(DataRT!$C89,"Volume")} | Q89: {=_FV(DataRT!$C89,"Volume average",TRUE)} | R89: {=_FV(DataRT!$C89,"Beta")} | T89: S | U89: {=_FV(DataRT!$C89,"Exchange abbreviation",TRUE)} | V89: =IFERROR(DataRT!$P89/DataRT!$Q89,1) | X89: =_xlfn.XLOOKUP(DataRT!$A89,TickerList!$G88:$G182,TickerList!L88:L182) | Y89: =_xlfn.XLOOKUP(DataRT!$A89,TickerList!$G88:$G182,TickerList!M88:M182) | Z89: =_xlfn.XLOOKUP(DataRT!$A89,TickerList!$G88:$G182,TickerList!N88:N182) | AA89: =_xlfn.XLOOKUP(DataRT!$A89,TickerList!$G88:$G182,TickerList!O88:O182) | AB89: 0.0001 | AC89: 0.003 | AD89: 4.08/5.31 | AE89: =_xlfn.LET(_xlpm.New1YT,DataRT!$X89, _xlpm.Old1YT,IF(ISNUMBER(DataRT!$AD89),DataRT!$AD89,VALUE(LEFT(DataRT!$AD89,FIND("/",DataRT!$AD89,1)-1))), IF(OR(DataRT!$X89=0,_xlpm.Old1YT=0),0,(_xlpm.New1YT-_xlpm.Old1YT)/_xlpm.Old1YT)) | AF89: =TEXT(DataRT!$X89,"#,#0.00")&" < "&DataRT!$AD89
A90: {=_xlfn.SINGLE(DataRT!$S$3:$S$96)&_FV(DataRT!$C90,"Ticker symbol",TRUE)} | B90: =D99 | C90: #VALUE! | D90: {=_FV(DataRT!$C90,"Currency")} | E90: {=_FV(DataRT!$C90,"Last trade time",TRUE)} | F90: {=_FV(DataRT!$C90,"Previous close",TRUE)} | G90: {=IFERROR(_FV(DataRT!$C90,"Open"),DataRT!$F90)} | H90: {=_FV(DataRT!$C90,"Price")} | I90: {=IFERROR(_FV(DataRT!$C90,"Low"),0)} | J90: {=IFERROR(_FV(DataRT!$C90,"High"),0)} | K90: {=IFERROR(_FV(DataRT!$C90,"P/E",TRUE),99)} | L90: {=_FV(DataRT!$C90,"Change")} | M90: {=_FV(DataRT!$C90,"Change (%)",TRUE)} | N90: {=_FV(DataRT!$C90,"52 week low",TRUE)} | O90: {=_FV(DataRT!$C90,"52 week high",TRUE)} | P90: {=_FV(DataRT!$C90,"Volume")} | Q90: {=_FV(DataRT!$C90,"Volume average",TRUE)} | R90: {=_FV(DataRT!$C90,"Beta")} | T90: S | U90: {=_FV(DataRT!$C90,"Exchange abbreviation",TRUE)} | V90: =IFERROR(DataRT!$P90/DataRT!$Q90,1) | X90: =_xlfn.XLOOKUP(DataRT!$A90,TickerList!$G89:$G183,TickerList!L89:L183) | Y90: =_xlfn.XLOOKUP(DataRT!$A90,TickerList!$G89:$G183,TickerList!M89:M183) | Z90: =_xlfn.XLOOKUP(DataRT!$A90,TickerList!$G89:$G183,TickerList!N89:N183) | AA90: =_xlfn.XLOOKUP(DataRT!$A90,TickerList!$G89:$G183,TickerList!O89:O183) | AB90: 0.0001 | AC90: 0.003 | AD90: 41.102/38.77 | AE90: =_xlfn.LET(_xlpm.New1YT,DataRT!$X90, _xlpm.Old1YT,IF(ISNUMBER(DataRT!$AD90),DataRT!$AD90,VALUE(LEFT(DataRT!$AD90,FIND("/",DataRT!$AD90,1)-1))), IF(OR(DataRT!$X90=0,_xlpm.Old1YT=0),0,(_xlpm.New1YT-_xlpm.Old1YT)/_xlpm.Old1YT)) | AF90: =TEXT(DataRT!$X90,"#,#0.00")&" < "&DataRT!$AD90
A91: {=_xlfn.SINGLE(DataRT!$S$3:$S$96)&_FV(DataRT!$C91,"Ticker symbol",TRUE)} | B91: =D99 | C91: #VALUE! | D91: {=_FV(DataRT!$C91,"Currency")} | E91: {=_FV(DataRT!$C91,"Last trade time",TRUE)} | F91: {=_FV(DataRT!$C91,"Previous close",TRUE)} | G91: {=IFERROR(_FV(DataRT!$C91,"Open"),DataRT!$F91)} | H91: {=_FV(DataRT!$C91,"Price")} | I91: {=IFERROR(_FV(DataRT!$C91,"Low"),0)} | J91: {=IFERROR(_FV(DataRT!$C91,"High"),0)} | K91: {=IFERROR(_FV(DataRT!$C91,"P/E",TRUE),99)} | L91: {=_FV(DataRT!$C91,"Change")} | M91: {=_FV(DataRT!$C91,"Change (%)",TRUE)} | N91: {=_FV(DataRT!$C91,"52 week low",TRUE)} | O91: {=_FV(DataRT!$C91,"52 week high",TRUE)} | P91: {=_FV(DataRT!$C91,"Volume")} | Q91: {=_FV(DataRT!$C91,"Volume average",TRUE)} | R91: {=_FV(DataRT!$C91,"Beta")} | T91: S | U91: {=_FV(DataRT!$C91,"Exchange abbreviation",TRUE)} | V91: =IFERROR(DataRT!$P91/DataRT!$Q91,1) | X91: =_xlfn.XLOOKUP(DataRT!$A91,TickerList!$G90:$G184,TickerList!L90:L184) | Y91: =_xlfn.XLOOKUP(DataRT!$A91,TickerList!$G90:$G184,TickerList!M90:M184) | Z91: =_xlfn.XLOOKUP(DataRT!$A91,TickerList!$G90:$G184,TickerList!N90:N184) | AA91: =_xlfn.XLOOKUP(DataRT!$A91,TickerList!$G90:$G184,TickerList!O90:O184) | AB91: 0.0001 | AC91: 0.003 | AD91: 75.65/69.81/87.12 | AE91: =_xlfn.LET(_xlpm.New1YT,DataRT!$X91, _xlpm.Old1YT,IF(ISNUMBER(DataRT!$AD91),DataRT!$AD91,VALUE(LEFT(DataRT!$AD91,FIND("/",DataRT!$AD91,1)-1))), IF(OR(DataRT!$X91=0,_xlpm.Old1YT=0),0,(_xlpm.New1YT-_xlpm.Old1YT)/_xlpm.Old1YT)) | AF91: =TEXT(DataRT!$X91,"#,#0.00")&" < "&DataRT!$AD91
A92: {=_xlfn.SINGLE(DataRT!$S$3:$S$96)&_FV(DataRT!$C92,"Ticker symbol",TRUE)} | B92: =D99 | C92: #VALUE! | D92: {=_FV(DataRT!$C92,"Currency")} | E92: {=_FV(DataRT!$C92,"Last trade time",TRUE)} | F92: {=_FV(DataRT!$C92,"Previous close",TRUE)} | G92: {=IFERROR(_FV(DataRT!$C92,"Open"),DataRT!$F92)} | H92: {=_FV(DataRT!$C92,"Price")} | I92: {=IFERROR(_FV(DataRT!$C92,"Low"),0)} | J92: {=IFERROR(_FV(DataRT!$C92,"High"),0)} | K92: {=IFERROR(_FV(DataRT!$C92,"P/E",TRUE),99)} | L92: {=_FV(DataRT!$C92,"Change")} | M92: {=_FV(DataRT!$C92,"Change (%)",TRUE)} | N92: {=_FV(DataRT!$C92,"52 week low",TRUE)} | O92: {=_FV(DataRT!$C92,"52 week high",TRUE)} | P92: {=_FV(DataRT!$C92,"Volume")} | Q92: {=_FV(DataRT!$C92,"Volume average",TRUE)} | R92: {=_FV(DataRT!$C92,"Beta")} | T92: S | U92: {=_FV(DataRT!$C92,"Exchange abbreviation",TRUE)} | V92: =IFERROR(DataRT!$P92/DataRT!$Q92,1) | X92: =_xlfn.XLOOKUP(DataRT!$A92,TickerList!$G91:$G185,TickerList!L91:L185) | Y92: =_xlfn.XLOOKUP(DataRT!$A92,TickerList!$G91:$G185,TickerList!M91:M185) | Z92: =_xlfn.XLOOKUP(DataRT!$A92,TickerList!$G91:$G185,TickerList!N91:N185) | AA92: =_xlfn.XLOOKUP(DataRT!$A92,TickerList!$G91:$G185,TickerList!O91:O185) | AB92: 0.0001 | AC92: 0.003 | AD92: 177.21 | AE92: =_xlfn.LET(_xlpm.New1YT,DataRT!$X92, _xlpm.Old1YT,IF(ISNUMBER(DataRT!$AD92),DataRT!$AD92,VALUE(LEFT(DataRT!$AD92,FIND("/",DataRT!$AD92,1)-1))), IF(OR(DataRT!$X92=0,_xlpm.Old1YT=0),0,(_xlpm.New1YT-_xlpm.Old1YT)/_xlpm.Old1YT)) | AF92: =TEXT(DataRT!$X92,"#,#0.00")&" < "&DataRT!$AD92
A93: {=_xlfn.SINGLE(DataRT!$S$3:$S$96)&_FV(DataRT!$C93,"Ticker symbol",TRUE)} | B93: =D99 | C93: #VALUE! | D93: {=_FV(DataRT!$C93,"Currency")} | E93: {=_FV(DataRT!$C93,"Last trade time",TRUE)} | F93: {=_FV(DataRT!$C93,"Previous close",TRUE)} | G93: {=IFERROR(_FV(DataRT!$C93,"Open"),DataRT!$F93)} | H93: {=_FV(DataRT!$C93,"Price")} | I93: {=IFERROR(_FV(DataRT!$C93,"Low"),0)} | J93: {=IFERROR(_FV(DataRT!$C93,"High"),0)} | K93: {=IFERROR(_FV(DataRT!$C93,"P/E",TRUE),99)} | L93: {=_FV(DataRT!$C93,"Change")} | M93: {=_FV(DataRT!$C93,"Change (%)",TRUE)} | N93: {=_FV(DataRT!$C93,"52 week low",TRUE)} | O93: {=_FV(DataRT!$C93,"52 week high",TRUE)} | P93: {=_FV(DataRT!$C93,"Volume")} | Q93: {=_FV(DataRT!$C93,"Volume average",TRUE)} | R93: {=_FV(DataRT!$C93,"Beta")} | T93: S | U93: {=_FV(DataRT!$C93,"Exchange abbreviation",TRUE)} | V93: =IFERROR(DataRT!$P93/DataRT!$Q93,1) | X93: =_xlfn.XLOOKUP(DataRT!$A93,TickerList!$G92:$G186,TickerList!L92:L186) | Y93: =_xlfn.XLOOKUP(DataRT!$A93,TickerList!$G92:$G186,TickerList!M92:M186) | Z93: =_xlfn.XLOOKUP(DataRT!$A93,TickerList!$G92:$G186,TickerList!N92:N186) | AA93: =_xlfn.XLOOKUP(DataRT!$A93,TickerList!$G92:$G186,TickerList!O92:O186) | AB93: 0.0001 | AC93: 0.003 | AD93: 39.13 | AE93: =_xlfn.LET(_xlpm.New1YT,DataRT!$X93, _xlpm.Old1YT,IF(ISNUMBER(DataRT!$AD93),DataRT!$AD93,VALUE(LEFT(DataRT!$AD93,FIND("/",DataRT!$AD93,1)-1))), IF(OR(DataRT!$X93=0,_xlpm.Old1YT=0),0,(_xlpm.New1YT-_xlpm.Old1YT)/_xlpm.Old1YT)) | AF93: =TEXT(DataRT!$X93,"#,#0.00")&" < "&DataRT!$AD93
A94: {=_xlfn.SINGLE(DataRT!$S$3:$S$96)&_FV(DataRT!$C94,"Ticker symbol",TRUE)} | B94: 1 | C94: #VALUE! | D94: {=_FV(DataRT!$C94,"Currency")} | E94: {=_FV(DataRT!$C94,"Last trade time",TRUE)} | F94: {=_FV(DataRT!$C94,"Previous close",TRUE)} | G94: {=IFERROR(_FV(DataRT!$C94,"Open"),DataRT!$F94)} | H94: {=_FV(DataRT!$C94,"Price")} | I94: {=IFERROR(_FV(DataRT!$C94,"Low"),0)} | J94: {=IFERROR(_FV(DataRT!$C94,"High"),0)} | K94: {=IFERROR(_FV(DataRT!$C94,"P/E",TRUE),99)} | L94: {=_FV(DataRT!$C94,"Change")} | M94: {=_FV(DataRT!$C94,"Change (%)",TRUE)} | N94: {=_FV(DataRT!$C94,"52 week low",TRUE)} | O94: {=_FV(DataRT!$C94,"52 week high",TRUE)} | P94: {=_FV(DataRT!$C94,"Volume")} | Q94: {=_FV(DataRT!$C94,"Volume average",TRUE)} | R94: {=_FV(DataRT!$C94,"Beta")} | T94: S | U94: {=_FV(DataRT!$C94,"Exchange abbreviation",TRUE)} | V94: =IFERROR(DataRT!$P94/DataRT!$Q94,1) | X94: =_xlfn.XLOOKUP(DataRT!$A94,TickerList!$G93:$G187,TickerList!L93:L187) | Y94: =_xlfn.XLOOKUP(DataRT!$A94,TickerList!$G93:$G187,TickerList!M93:M187) | Z94: =_xlfn.XLOOKUP(DataRT!$A94,TickerList!$G93:$G187,TickerList!N93:N187) | AA94: =_xlfn.XLOOKUP(DataRT!$A94,TickerList!$G93:$G187,TickerList!O93:O187) | AB94: =[1]Sheet2!H93 | AC94: =[1]Sheet2!I93 | AD94: 10.58 | AE94: =_xlfn.LET(_xlpm.New1YT,DataRT!$X94, _xlpm.Old1YT,IF(ISNUMBER(DataRT!$AD94),DataRT!$AD94,VALUE(LEFT(DataRT!$AD94,FIND("/",DataRT!$AD94,1)-1))), IF(OR(DataRT!$X94=0,_xlpm.Old1YT=0),0,(_xlpm.New1YT-_xlpm.Old1YT)/_xlpm.Old1YT)) | AF94: =TEXT(DataRT!$X94,"#,#0.00")&" < "&DataRT!$AD94
A95: {=_xlfn.SINGLE(DataRT!$S$3:$S$96)&_FV(DataRT!$C95,"Ticker symbol",TRUE)} | B95: 1 | C95: #VALUE! | D95: {=_FV(DataRT!$C95,"Currency")} | E95: {=_FV(DataRT!$C95,"Last trade time",TRUE)} | F95: {=_FV(DataRT!$C95,"Previous close",TRUE)} | G95: {=IFERROR(_FV(DataRT!$C95,"Open"),DataRT!$F95)} | H95: {=_FV(DataRT!$C95,"Price")} | I95: {=IFERROR(_FV(DataRT!$C95,"Low"),0)} | J95: {=IFERROR(_FV(DataRT!$C95,"High"),0)} | K95: {=IFERROR(_FV(DataRT!$C95,"P/E",TRUE),99)} | L95: {=_FV(DataRT!$C95,"Change")} | M95: {=_FV(DataRT!$C95,"Change (%)",TRUE)} | N95: {=_FV(DataRT!$C95,"52 week low",TRUE)} | O95: {=_FV(DataRT!$C95,"52 week high",TRUE)} | P95: {=_FV(DataRT!$C95,"Volume")} | Q95: {=_FV(DataRT!$C95,"Volume average",TRUE)} | R95: {=_FV(DataRT!$C95,"Beta")} | S95: JB | T95: J | U95: {=_FV(DataRT!$C95,"Exchange abbreviation",TRUE)} | V95: =IFERROR(DataRT!$P95/DataRT!$Q95,1) | X95: =_xlfn.XLOOKUP(DataRT!$A95,TickerList!$G94:$G188,TickerList!L94:L188) | Y95: =_xlfn.XLOOKUP(DataRT!$A95,TickerList!$G94:$G188,TickerList!M94:M188) | Z95: =_xlfn.XLOOKUP(DataRT!$A95,TickerList!$G94:$G188,TickerList!N94:N188) | AA95: =_xlfn.XLOOKUP(DataRT!$A95,TickerList!$G94:$G188,TickerList!O94:O188) | AB95: =[1]Sheet2!H94 | AC95: =[1]Sheet2!I94 | AD95: 847.58 | AE95: =_xlfn.LET(_xlpm.New1YT,DataRT!$X95, _xlpm.Old1YT,IF(ISNUMBER(DataRT!$AD95),DataRT!$AD95,VALUE(LEFT(DataRT!$AD95,FIND("/",DataRT!$AD95,1)-1))), IF(OR(DataRT!$X95=0,_xlpm.Old1YT=0),0,(_xlpm.New1YT-_xlpm.Old1YT)/_xlpm.Old1YT)) | AF95: =TEXT(DataRT!$X95,"#,#0.00")&" < "&DataRT!$AD95
A96: {=_xlfn.SINGLE(DataRT!$S$3:$S$96)&_FV(DataRT!$C96,"Ticker symbol",TRUE)} | B96: 1 | C96: #VALUE! | D96: {=_FV(DataRT!$C96,"Currency")} | E96: {=_FV(DataRT!$C96,"Last trade time",TRUE)} | F96: {=_FV(DataRT!$C96,"Previous close",TRUE)} | G96: {=IFERROR(_FV(DataRT!$C96,"Open"),DataRT!$F96)} | H96: {=_FV(DataRT!$C96,"Price")} | I96: {=IFERROR(_FV(DataRT!$C96,"Low"),0)} | J96: {=IFERROR(_FV(DataRT!$C96,"High"),0)} | K96: {=IFERROR(_FV(DataRT!$C96,"P/E",TRUE),99)} | L96: {=_FV(DataRT!$C96,"Change")} | M96: {=_FV(DataRT!$C96,"Change (%)",TRUE)} | N96: {=_FV(DataRT!$C96,"52 week low",TRUE)} | O96: {=_FV(DataRT!$C96,"52 week high",TRUE)} | P96: {=_FV(DataRT!$C96,"Volume")} | Q96: {=_FV(DataRT!$C96,"Volume average",TRUE)} | R96: {=_FV(DataRT!$C96,"Beta")} | S96: JB | T96: J | U96: {=_FV(DataRT!$C96,"Exchange abbreviation",TRUE)} | V96: =IFERROR(DataRT!$P96/DataRT!$Q96,1) | X96: =_xlfn.XLOOKUP(DataRT!$A96,TickerList!$G95:$G189,TickerList!L95:L189) | Y96: =_xlfn.XLOOKUP(DataRT!$A96,TickerList!$G95:$G189,TickerList!M95:M189) | Z96: =_xlfn.XLOOKUP(DataRT!$A96,TickerList!$G95:$G189,TickerList!N95:N189) | AA96: =_xlfn.XLOOKUP(DataRT!$A96,TickerList!$G95:$G189,TickerList!O95:O189) | AB96: =[1]Sheet2!H95 | AC96: =[1]Sheet2!I95 | AD96: 16.3 | AE96: =_xlfn.LET(_xlpm.New1YT,DataRT!$X96, _xlpm.Old1YT,IF(ISNUMBER(DataRT!$AD96),DataRT!$AD96,VALUE(LEFT(DataRT!$AD96,FIND("/",DataRT!$AD96,1)-1))), IF(OR(DataRT!$X96=0,_xlpm.Old1YT=0),0,(_xlpm.New1YT-_xlpm.Old1YT)/_xlpm.Old1YT)) | AF96: =TEXT(DataRT!$X96,"#,#0.00")&" < "&DataRT!$AD96
A97: Total | L97: =SUBTOTAL(101,DataRT!$L$3:$L$96) | M97: =SUBTOTAL(104,DataRT!$M$3:$M$96) | P97: =SUBTOTAL(104,DataRT!$P$3:$P$96) | Q97: =SUBTOTAL(101,DataRT!$Q$3:$Q$96)
A98: Couple | B98: RT | C98: 52 W High | D98: 1/RT
A99: #VALUE! | B99: {=_FV(A99,"Price")} | C99: {=_FV(A99,"52 week high",TRUE)} | D99: =1/DataRT!$B99
A100: #VALUE! | B100: {=_FV(A100,"Price")} | C100: {=_FV(A100,"52 week high",TRUE)} | D100: =1/DataRT!$B100
...

Sheet TickerList
A1: Tickers | B1: =[1]Sheet1!B1 | C1: =[1]Sheet1!C1 | D1: =[1]Sheet1!D1 | E1: =[1]Sheet1!E1 | F1: Striped_Ticker | G1: Names | H1: Striped_Name | K1: Ordered?
A2: =[2]YData!A2 | B2: =[2]YData!B2 | C2: =VALUE([2]YData!C2) | D2: =[2]YData!D2 | E2: =[2]YData!E2 | F2: =_xlfn.LET(_xlpm.Tick,A2,IFERROR(LEFT(_xlpm.Tick,FIND(".",_xlpm.Tick)-1),_xlpm.Tick)) | G2: AAPL | H2: {=_xlfn.IFS(OR(LEFT(G2,3)="SAF",LEFT(G2,3)="MVE"), RIGHT(G2,LEN(G2)-3), LEFT(G2,2)="JB", RIGHT(G2,LEN(G2)-2), TRUE, G2)} | K2: =_xlfn.LET(_xlpm.Tick,[2]YData!$A2,IFERROR(LEFT(_xlpm.Tick,FIND(".",_xlpm.Tick)-1),_xlpm.Tick)) | L2: {=IFERROR( INDEX(Dataload, MATCH(StripName, StripTick, 0), _xlfn.SEQUENCE(1, COLUMNS(Dataload))), "" )} | M2: 45971 | N2: Jan 29, 2026 | O2: 0.0038
A3: =[2]YData!A3 | B3: =[2]YData!B3 | C3: =VALUE([2]YData!C3) | D3: =[2]YData!D3 | E3: =[2]YData!E3 | F3: =_xlfn.LET(_xlpm.Tick,A3,IFERROR(LEFT(_xlpm.Tick,FIND(".",_xlpm.Tick)-1),_xlpm.Tick)) | G3: ADEA | H3: {=_xlfn.IFS(OR(LEFT(G3,3)="SAF",LEFT(G3,3)="MVE"), RIGHT(G3,LEN(G3)-3), LEFT(G3,2)="JB", RIGHT(G3,LEN(G3)-2), TRUE, G3)} | K3: =_xlfn.LET(_xlpm.Tick,[2]YData!$A3,IFERROR(LEFT(_xlpm.Tick,FIND(".",_xlpm.Tick)-1),_xlpm.Tick)) | L3: 20.66667 | M3: 45895 | N3: 0 | O3: 0.0117
A4: =[2]YData!A4 | B4: =[2]YData!B4 | C4: =VALUE([2]YData!C4) | D4: =[2]YData!D4 | E4: =[2]YData!E4 | F4: =_xlfn.LET(_xlpm.Tick,A4,IFERROR(LEFT(_xlpm.Tick,FIND(".",_xlpm.Tick)-1),_xlpm.Tick)) | G4: AET | H4: {=_xlfn.IFS(OR(LEFT(G4,3)="SAF",LEFT(G4,3)="MVE"), RIGHT(G4,LEN(G4)-3), LEFT(G4,2)="JB", RIGHT(G4,LEN(G4)-2), TRUE, G4)} | K4: =_xlfn.LET(_xlpm.Tick,[2]YData!$A4,IFERROR(LEFT(_xlpm.Tick,FIND(".",_xlpm.Tick)-1),_xlpm.Tick)) | L4: 96.66 | M4: 0 | N4: 0 | O4: 0
A5: =[2]YData!A5 | B5: =[2]YData!B5 | C5: =VALUE([2]YData!C5) | D5: =[2]YData!D5 | E5: =[2]YData!E5 | F5: =_xlfn.LET(_xlpm.Tick,A5,IFERROR(LEFT(_xlpm.Tick,FIND(".",_xlpm.Tick)-1),_xlpm.Tick)) | G5: AMZN | H5: {=_xlfn.IFS(OR(LEFT(G5,3)="SAF",LEFT(G5,3)="MVE"), RIGHT(G5,LEN(G5)-3), LEFT(G5,2)="JB", RIGHT(G5,LEN(G5)-2), TRUE, G5)} | K5: =_xlfn.LET(_xlpm.Tick,[2]YData!$A5,IFERROR(LEFT(_xlpm.Tick,FIND(".",_xlpm.Tick)-1),_xlpm.Tick)) | L5: 288.4241 | M5: 0 | N5: Oct 30, 2025 | O5: 0
A6: =[2]YData!A6 | B6: =[2]YData!B6 | C6: =VALUE([2]YData!C6) | D6: =[2]YData!D6 | E6: =[2]YData!E6 | F6: =_xlfn.LET(_xlpm.Tick,A6,IFERROR(LEFT(_xlpm.Tick,FIND(".",_xlpm.Tick)-1),_xlpm.Tick)) | G6: ALDNE | H6: {=_xlfn.IFS(OR(LEFT(G6,3)="SAF",LEFT(G6,3)="MVE"), RIGHT(G6,LEN(G6)-3), LEFT(G6,2)="JB", RIGHT(G6,LEN(G6)-2), TRUE, G6)} | K6: =_xlfn.LET(_xlpm.Tick,[2]YData!$A6,IFERROR(LEFT(_xlpm.Tick,FIND(".",_xlpm.Tick)-1),_xlpm.Tick)) | L6: 1.53333 | M6: 0 | N6: 0 | O6: 0
A7: =[2]YData!A7 | B7: =[2]YData!B7 | C7: =VALUE([2]YData!C7) | D7: =[2]YData!D7 | E7: =[2]YData!E7 | F7: =_xlfn.LET(_xlpm.Tick,A7,IFERROR(LEFT(_xlpm.Tick,FIND(".",_xlpm.Tick)-1),_xlpm.Tick)) | G7: ASML | H7: {=_xlfn.IFS(OR(LEFT(G7,3)="SAF",LEFT(G7,3)="MVE"), RIGHT(G7,LEN(G7)-3), LEFT(G7,2)="JB", RIGHT(G7,LEN(G7)-2), TRUE, G7)} | K7: =_xlfn.LET(_xlpm.Tick,[2]YData!$A7,IFERROR(LEFT(_xlpm.Tick,FIND(".",_xlpm.Tick)-1),_xlpm.Tick)) | L7: 941.90326 | M7: 45958 | N7: 0 | O7: 0.0069999998
A8: =[2]YData!A8 | B8: =[2]YData!B8 | C8: =VALUE([2]YData!C8) | D8: =[2]YData!D8 | E8: =[2]YData!E8 | F8: =_xlfn.LET(_xlpm.Tick,A8,IFERROR(LEFT(_xlpm.Tick,FIND(".",_xlpm.Tick)-1),_xlpm.Tick)) | G8: AVGO | H8: {=_xlfn.IFS(OR(LEFT(G8,3)="SAF",LEFT(G8,3)="MVE"), RIGHT(G8,LEN(G8)-3), LEFT(G8,2)="JB", RIGHT(G8,LEN(G8)-2), TRUE, G8)} | K8: =_xlfn.LET(_xlpm.Tick,[2]YData!$A8,IFERROR(LEFT(_xlpm.Tick,FIND(".",_xlpm.Tick)-1),_xlpm.Tick)) | L8: 392.38165 | M8: 45922 | N8: Dec 11, 2025 | O8: 0.0064
A9: =[2]YData!A9 | B9: =[2]YData!B9 | C9: =VALUE([2]YData!C9) | D9: =[2]YData!D9 | E9: =[2]YData!E9 | F9: =_xlfn.LET(_xlpm.Tick,A9,IFERROR(LEFT(_xlpm.Tick,FIND(".",_xlpm.Tick)-1),_xlpm.Tick)) | G9: AZN | H9: {=_xlfn.IFS(OR(LEFT(G9,3)="SAF",LEFT(G9,3)="MVE"), RIGHT(G9,LEN(G9)-3), LEFT(G9,2)="JB", RIGHT(G9,LEN(G9)-2), TRUE, G9)} | K9: =_xlfn.LET(_xlpm.Tick,[2]YData!$A9,IFERROR(LEFT(_xlpm.Tick,FIND(".",_xlpm.Tick)-1),_xlpm.Tick)) | L9: 93.25273 | M9: 45877 | N9: Nov 6, 2025 | O9: 0.019
A10: =[2]YData!A10 | B10: =[2]YData!B10 | C10: =VALUE([2]YData!C10) | D10: =[2]YData!D10 | E10: =[2]YData!E10 | F10: =_xlfn.LET(_xlpm.Tick,A10,IFERROR(LEFT(_xlpm.Tick,FIND(".",_xlpm.Tick)-1),_xlpm.Tick)) | G10: BLDP | H10: {=_xlfn.IFS(OR(LEFT(G10,3)="SAF",LEFT(G10,3)="MVE"), RIGHT(G10,LEN(G10)-3), LEFT(G10,2)="JB", RIGHT(G10,LEN(G10)-2), TRUE, G10)} | K10: =_xlfn.LET(_xlpm.Tick,[2]YData!$A10,IFERROR(LEFT(_xlpm.Tick,FIND(".",_xlpm.Tick)-1),_xlpm.Tick)) | L10: 2.75 | M10: 0 | N10: Nov 13, 2025 | O10: 0
A11: =[2]YData!A11 | B11: =[2]YData!B11 | C11: =VALUE([2]YData!C11) | D11: =[2]YData!D11 | E11: =[2]YData!E11 | F11: =_xlfn.LET(_xlpm.Tick,A11,IFERROR(LEFT(_xlpm.Tick,FIND(".",_xlpm.Tick)-1),_xlpm.Tick)) | G11: BMRA | H11: {=_xlfn.IFS(OR(LEFT(G11,3)="SAF",LEFT(G11,3)="MVE"), RIGHT(G11,LEN(G11)-3), LEFT(G11,2)="JB", RIGHT(G11,LEN(G11)-2), TRUE, G11)} | K11: =_xlfn.LET(_xlpm.Tick,[2]YData!$A11,IFERROR(LEFT(_xlpm.Tick,FIND(".",_xlpm.Tick)-1),_xlpm.Tick)) | L11: 0 | M11: 0 | N11: 0 | O11: 0
A12: =[2]YData!A12 | B12: =[2]YData!B12 | C12: =VALUE([2]YData!C12) | D12: =[2]YData!D12 | E12: =[2]YData!E12 | F12: =_xlfn.LET(_xlpm.Tick,A12,IFERROR(LEFT(_xlpm.Tick,FIND(".",_xlpm.Tick)-1),_xlpm.Tick)) | G12: C | H12: {=_xlfn.IFS(OR(LEFT(G12,3)="SAF",LEFT(G12,3)="MVE"), RIGHT(G12,LEN(G12)-3), LEFT(G12,2)="JB", RIGHT(G12,LEN(G12)-2), TRUE, G12)} | K12: =_xlfn.LET(_xlpm.Tick,[2]YData!$A12,IFERROR(LEFT(_xlpm.Tick,FIND(".",_xlpm.Tick)-1),_xlpm.Tick)) | L12: 113.7619 | M12: 45964 | N12: Jan 14, 2026 | O12: 0.023699999
A13: =[2]YData!A13 | B13: =[2]YData!B13 | C13: =VALUE([2]YData!C13) | D13: =[2]YData!D13 | E13: =[2]YData!E13 | F13: =_xlfn.LET(_xlpm.Tick,A13,IFERROR(LEFT(_xlpm.Tick,FIND(".",_xlpm.Tick)-1),_xlpm.Tick)) | G13: CSCO | H13: {=_xlfn.IFS(OR(LEFT(G13,3)="SAF",LEFT(G13,3)="MVE"), RIGHT(G13,LEN(G13)-3), LEFT(G13,2)="JB", RIGHT(G13,LEN(G13)-2), TRUE, G13)} | K13: =_xlfn.LET(_xlpm.Tick,[2]YData!$A13,IFERROR(LEFT(_xlpm.Tick,FIND(".",_xlpm.Tick)-1),_xlpm.Tick)) | L13: 76.29095 | M13: 45933 | N13: Nov 12, 2025 | O13: 0.0224
A14: =[2]YData!A14 | B14: =[2]YData!B14 | C14: =VALUE([2]YData!C14) | D14: =[2]YData!D14 | E14: =[2]YData!E14 | F14: =_xlfn.LET(_xlpm.Tick,A14,IFERROR(LEFT(_xlpm.Tick,FIND(".",_xlpm.Tick)-1),_xlpm.Tick)) | G14: CVS | H14: {=_xlfn.IFS(OR(LEFT(G14,3)="SAF",LEFT(G14,3)="MVE"), RIGHT(G14,LEN(G14)-3), LEFT(G14,2)="JB", RIGHT(G14,LEN(G14)-2), TRUE, G14)} | K14: =_xlfn.LET(_xlpm.Tick,[2]YData!$A14,IFERROR(LEFT(_xlpm.Tick,FIND(".",_xlpm.Tick)-1),_xlpm.Tick)) | L14: 90.48 | M14: 45953 | N14: Oct 29, 2025 | O14: 0.034
A15: =[2]YData!A15 | B15: =[2]YData!B15 | C15: =VALUE([2]YData!C15) | D15: =[2]YData!D15 | E15: =[2]YData!E15 | F15: =_xlfn.LET(_xlpm.Tick,A15,IFERROR(LEFT(_xlpm.Tick,FIND(".",_xlpm.Tick)-1),_xlpm.Tick)) | G15: DDD | H15: {=_xlfn.IFS(OR(LEFT(G15,3)="SAF",LEFT(G15,3)="MVE"), RIGHT(G15,LEN(G15)-3), LEFT(G15,2)="JB", RIGHT(G15,LEN(G15)-2), TRUE, G15)} | K15: =_xlfn.LET(_xlpm.Tick,[2]YData!$A15,IFERROR(LEFT(_xlpm.Tick,FIND(".",_xlpm.Tick)-1),_xlpm.Tick)) | L15: 3.25 | M15: 0 | N15: Nov 4, 2025 | O15: 0
A16: =[2]YData!A16 | B16: =[2]YData!B16 | C16: =VALUE([2]YData!C16) | D16: =[2]YData!D16 | E16: =[2]YData!E16 | F16: =_xlfn.LET(_xlpm.Tick,A16,IFERROR(LEFT(_xlpm.Tick,FIND(".",_xlpm.Tick)-1),_xlpm.Tick)) | G16: DIS | H16: {=_xlfn.IFS(OR(LEFT(G16,3)="SAF",LEFT(G16,3)="MVE"), RIGHT(G16,LEN(G16)-3), LEFT(G16,2)="JB", RIGHT(G16,LEN(G16)-2), TRUE, G16)} | K16: =_xlfn.LET(_xlpm.Tick,[2]YData!$A16,IFERROR(LEFT(_xlpm.Tick,FIND(".",_xlpm.Tick)-1),_xlpm.Tick)) | L16: 134.0724 | M16: 45832 | N16: Nov 13, 2025 | O16: 0.0089
A17: =[2]YData!A17 | B17: =[2]YData!B17 | C17: =VALUE([2]YData!C17) | D17: =[2]YData!D17 | E17: =[2]YData!E17 | F17: =_xlfn.LET(_xlpm.Tick,A17,IFERROR(LEFT(_xlpm.Tick,FIND(".",_xlpm.Tick)-1),_xlpm.Tick)) | G17: DSY | H17: {=_xlfn.IFS(OR(LEFT(G17,3)="SAF",LEFT(G17,3)="MVE"), RIGHT(G17,LEN(G17)-3), LEFT(G17,2)="JB", RIGHT(G17,LEN(G17)-2), TRUE, G17)} | K17: =_xlfn.LET(_xlpm.Tick,[2]YData!$A17,IFERROR(LEFT(_xlpm.Tick,FIND(".",_xlpm.Tick)-1),_xlpm.Tick)) | L17: 31.87778 | M17: 45803 | N17: 0 | O17: 0.0106
A18: =[2]YData!A18 | B18: =[2]YData!B18 | C18: =VALUE([2]YData!C18) | D18: =[2]YData!D18 | E18: =[2]YData!E18 | F18: =_xlfn.LET(_xlpm.Tick,A18,IFERROR(LEFT(_xlpm.Tick,FIND(".",_xlpm.Tick)-1),_xlpm.Tick)) | G18: DVA | H18: {=_xlfn.IFS(OR(LEFT(G18,3)="SAF",LEFT(G18,3)="MVE"), RIGHT(G18,LEN(G18)-3), LEFT(G18,2)="JB", RIGHT(G18,LEN(G18)-2), TRUE, G18)} | K18: =_xlfn.LET(_xlpm.Tick,[2]YData!$A18,IFERROR(LEFT(_xlpm.Tick,FIND(".",_xlpm.Tick)-1),_xlpm.Tick)) | L18: 147.125 | M18: 0 | N18: Oct 29, 2025 | O18: 0
A19: =[2]YData!A19 | B19: =[2]YData!B19 | C19: =VALUE([2]YData!C19) | D19: =[2]YData!D19 | E19: =[2]YData!E19 | F19: =_xlfn.LET(_xlpm.Tick,A19,IFERROR(LEFT(_xlpm.Tick,FIND(".",_xlpm.Tick)-1),_xlpm.Tick)) | G19: DXC | H19: {=_xlfn.IFS(OR(LEFT(G19,3)="SAF",LEFT(G19,3)="MVE"), RIGHT(G19,LEN(G19)-3), LEFT(G19,2)="JB", RIGHT(G19,LEN(G19)-2), TRUE, G19)} | K19: =_xlfn.LET(_xlpm.Tick,[2]YData!$A19,IFERROR(LEFT(_xlpm.Tick,FIND(".",_xlpm.Tick)-1),_xlpm.Tick)) | L19: 14.5 | M19: 43914 | N19: Oct 30, 2025 | O19: 0
A20: =[2]YData!A20 | B20: =[2]YData!B20 | C20: =VALUE([2]YData!C20) | D20: =[2]YData!D20 | E20: =[2]YData!E20 | F20: =_xlfn.LET(_xlpm.Tick,A20,IFERROR(LEFT(_xlpm.Tick,FIND(".",_xlpm.Tick)-1),_xlpm.Tick)) | G20: EOAN | H20: {=_xlfn.IFS(OR(LEFT(G20,3)="SAF",LEFT(G20,3)="MVE"), RIGHT(G20,LEN(G20)-3), LEFT(G20,2)="JB", RIGHT(G20,LEN(G20)-2), TRUE, G20)} | K20: =_xlfn.LET(_xlpm.Tick,[2]YData!$A20,IFERROR(LEFT(_xlpm.Tick,FIND(".",_xlpm.Tick)-1),_xlpm.Tick)) | L20: 16.91959 | M20: 45793 | N20: 0 | O20: 0.0341
A21: =[2]YData!A21 | B21: =[2]YData!B21 | C21: =VALUE([2]YData!C21) | D21: =[2]YData!D21 | E21: =[2]YData!E21 | F21: =_xlfn.LET(_xlpm.Tick,A21,IFERROR(LEFT(_xlpm.Tick,FIND(".",_xlpm.Tick)-1),_xlpm.Tick)) | G21: EPIX | H21: {=_xlfn.IFS(OR(LEFT(G21,3)="SAF",LEFT(G21,3)="MVE"), RIGHT(G21,LEN(G21)-3), LEFT(G21,2)="JB", RIGHT(G21,LEN(G21)-2), TRUE, G21)} | K21: =_xlfn.LET(_xlpm.Tick,[2]YData!$A21,IFERROR(LEFT(_xlpm.Tick,FIND(".",_xlpm.Tick)-1),_xlpm.Tick)) | L21: 0 | M21: 45894 | N21: 0 | O21: 0
A22: =[2]YData!A22 | B22: =[2]YData!B22 | C22: =VALUE([2]YData!C22) | D22: =[2]YData!D22 | E22: =[2]YData!E22 | F22: =_xlfn.LET(_xlpm.Tick,A22,IFERROR(LEFT(_xlpm.Tick,FIND(".",_xlpm.Tick)-1),_xlpm.Tick)) | G22: GM | H22: {=_xlfn.IFS(OR(LEFT(G22,3)="SAF",LEFT(G22,3)="MVE"), RIGHT(G22,LEN(G22)-3), LEFT(G22,2)="JB", RIGHT(G22,LEN(G22)-2), TRUE, G22)} | K22: =_xlfn.LET(_xlpm.Tick,[2]YData!$A22,IFERROR(LEFT(_xlpm.Tick,FIND(".",_xlpm.Tick)-1),_xlpm.Tick)) | L22: 73.15385 | M22: 45996 | N22: Oct 21, 2025 | O22: 0.0087
A23: =[2]YData!A23 | B23: =[2]YData!B23 | C23: =VALUE([2]YData!C23) | D23: =[2]YData!D23 | E23: =[2]YData!E23 | F23: =_xlfn.LET(_xlpm.Tick,A23,IFERROR(LEFT(_xlpm.Tick,FIND(".",_xlpm.Tick)-1),_xlpm.Tick)) | G23: HPE | H23: {=_xlfn.IFS(OR(LEFT(G23,3)="SAF",LEFT(G23,3)="MVE"), RIGHT(G23,LEN(G23)-3), LEFT(G23,2)="JB", RIGHT(G23,LEN(G23)-2), TRUE, G23)} | K23: =_xlfn.LET(_xlpm.Tick,[2]YData!$A23,IFERROR(LEFT(_xlpm.Tick,FIND(".",_xlpm.Tick)-1),_xlpm.Tick)) | L23: 26.51211 | M23: 45918 | N23: Dec 4, 2025 | O23: 0.021300001
A24: =[2]YData!A24 | B24: =[2]YData!B24 | C24: =VALUE([2]YData!C24) | D24: =[2]YData!D24 | E24: =[2]YData!E24 | F24: =_xlfn.LET(_xlpm.Tick,A24,IFERROR(LEFT(_xlpm.Tick,FIND(".",_xlpm.Tick)-1),_xlpm.Tick)) | G24: HPQ | H24: {=_xlfn.IFS(OR(LEFT(G24,3)="SAF",LEFT(G24,3)="MVE"), RIGHT(G24,LEN(G24)-3), LEFT(G24,2)="JB", RIGHT(G24,LEN(G24)-2), TRUE, G24)} | K24: =_xlfn.LET(_xlpm.Tick,[2]YData!$A24,IFERROR(LEFT(_xlpm.Tick,FIND(".",_xlpm.Tick)-1),_xlpm.Tick)) | L24: 28.2825 | M24: 45910 | N24: Nov 25, 2025 | O24: 0.0418
A25: =[2]YData!A25 | B25: =[2]YData!B25 | C25: =VALUE([2]YData!C25) | D25: =[2]YData!D25 | E25: =[2]YData!E25 | F25: =_xlfn.LET(_xlpm.Tick,A25,IFERROR(LEFT(_xlpm.Tick,FIND(".",_xlpm.Tick)-1),_xlpm.Tick)) | G25: IAG | H25: {=_xlfn.IFS(OR(LEFT(G25,3)="SAF",LEFT(G25,3)="MVE"), RIGHT(G25,LEN(G25)-3), LEFT(G25,2)="JB", RIGHT(G25,LEN(G25)-2), TRUE, G25)} | K25: =_xlfn.LET(_xlpm.Tick,[2]YData!$A25,IFERROR(LEFT(_xlpm.Tick,FIND(".",_xlpm.Tick)-1),_xlpm.Tick)) | L25: 464.0942 | M25: 45834 | N25: 0 | O25: 0.0183
A26: =[2]YData!A26 | B26: =[2]YData!B26 | C26: =VALUE([2]YData!C26) | D26: =[2]YData!D26 | E26: =[2]YData!E26 | F26: =_xlfn.LET(_xlpm.Tick,A26,IFERROR(LEFT(_xlpm.Tick,FIND(".",_xlpm.Tick)-1),_xlpm.Tick)) | G26: KR | H26: {=_xlfn.IFS(OR(LEFT(G26,3)="SAF",LEFT(G26,3)="MVE"), RIGHT(G26,LEN(G26)-3), LEFT(G26,2)="JB", RIGHT(G26,LEN(G26)-2), TRUE, G26)} | K26: =_xlfn.LET(_xlpm.Tick,[2]YData!$A26,IFERROR(LEFT(_xlpm.Tick,FIND(".",_xlpm.Tick)-1),_xlpm.Tick)) | L26: 76.04545 | M26: 45975 | N26: Dec 4, 2025 | O26: 0.022
A27: =[2]YData!A27 | B27: =[2]YData!B27 | C27: =VALUE([2]YData!C27) | D27: =[2]YData!D27 | E27: =[2]YData!E27 | F27: =_xlfn.LET(_xlpm.Tick,A27,IFERROR(LEFT(_xlpm.Tick,FIND(".",_xlpm.Tick)-1),_xlpm.Tick)) | G27: LNSR | H27: {=_xlfn.IFS(OR(LEFT(G27,3)="SAF",LEFT(G27,3)="MVE"), RIGHT(G27,LEN(G27)-3), LEFT(G27,2)="JB", RIGHT(G27,LEN(G27)-2), TRUE, G27)} | K27: =_xlfn.LET(_xlpm.Tick,[2]YData!$A27,IFERROR(LEFT(_xlpm.Tick,FIND(".",_xlpm.Tick)-1),_xlpm.Tick)) | L27: 15 | M27: 0 | N27: 0 | O27: 0
A28: =[2]YData!A28 | B28: =[2]YData!B28 | C28: =VALUE([2]YData!C28) | D28: =[2]YData!D28 | E28: =[2]YData!E28 | F28: =_xlfn.LET(_xlpm.Tick,A28,IFERROR(LEFT(_xlpm.Tick,FIND(".",_xlpm.Tick)-1),_xlpm.Tick)) | G28: LUMN | H28: {=_xlfn.IFS(OR(LEFT(G28,3)="SAF",LEFT(G28,3)="MVE"), RIGHT(G28,LEN(G28)-3), LEFT(G28,2)="JB", RIGHT(G28,LEN(G28)-2), TRUE, G28)} | K28: =_xlfn.LET(_xlpm.Tick,[2]YData!$A28,IFERROR(LEFT(_xlpm.Tick,FIND(".",_xlpm.Tick)-1),_xlpm.Tick)) | L28: 5.958 | M28: 44802 | N28: Oct 30, 2025 | O28: 0
A29: =[2]YData!A29 | B29: =[2]YData!B29 | C29: =VALUE([2]YData!C29) | D29: =[2]YData!D29 | E29: =[2]YData!E29 | F29: =_xlfn.LET(_xlpm.Tick,A29,IFERROR(LEFT(_xlpm.Tick,FIND(".",_xlpm.Tick)-1),_xlpm.Tick)) | G29: MRNA | H29: {=_xlfn.IFS(OR(LEFT(G29,3)="SAF",LEFT(G29,3)="MVE"), RIGHT(G29,LEN(G29)-3), LEFT(G29,2)="JB", RIGHT(G29,LEN(G29)-2), TRUE, G29)} | K29: =_xlfn.LET(_xlpm.Tick,[2]YData!$A29,IFERROR(LEFT(_xlpm.Tick,FIND(".",_xlpm.Tick)-1),_xlpm.Tick)) | L29: 40.3 | M29: 0 | N29: Nov 6, 2025 | O29: 0
A30: =[2]YData!A30 | B30: =[2]YData!B30 | C30: =VALUE([2]YData!C30) | D30: =[2]YData!D30 | E30: =[2]YData!E30 | F30: =_xlfn.LET(_xlpm.Tick,A30,IFERROR(LEFT(_xlpm.Tick,FIND(".",_xlpm.Tick)-1),_xlpm.Tick)) | G30: MSFT | H30: {=_xlfn.IFS(OR(LEFT(G30,3)="SAF",LEFT(G30,3)="MVE"), RIGHT(G30,LEN(G30)-3), LEFT(G30,2)="JB", RIGHT(G30,LEN(G30)-2), TRUE, G30)} | K30: =_xlfn.LET(_xlpm.Tick,[2]YData!$A30,IFERROR(LEFT(_xlpm.Tick,FIND(".",_xlpm.Tick)-1),_xlpm.Tick)) | L30: 626.22656 | M30: 45981 | N30: Jan 28, 2026 | O30: 0.0069999998
A31: =[2]YData!A31 | B31: =[2]YData!B31 | C31: =VALUE([2]YData!C31) | D31: =[2]YData!D31 | E31: =[2]YData!E31 | F31: =_xlfn.LET(_xlpm.Tick,A31,IFERROR(LEFT(_xlpm.Tick,FIND(".",_xlpm.Tick)-1),_xlpm.Tick)) | G31: NEE | H31: {=_xlfn.IFS(OR(LEFT(G31,3)="SAF",LEFT(G31,3)="MVE"), RIGHT(G31,LEN(G31)-3), LEFT(G31,2)="JB", RIGHT(G31,LEN(G31)-2), TRUE, G31)} | K31: =_xlfn.LET(_xlpm.Tick,[2]YData!$A31,IFERROR(LEFT(_xlpm.Tick,FIND(".",_xlpm.Tick)-1),_xlpm.Tick)) | L31: 91 | M31: 45982 | N31: Oct 28, 2025 | O31: 0.0278
A32: =[2]YData!A32 | B32: =[2]YData!B32 | C32: =VALUE([2]YData!C32) | D32: =[2]YData!D32 | E32: =[2]YData!E32 | F32: =_xlfn.LET(_xlpm.Tick,A32,IFERROR(LEFT(_xlpm.Tick,FIND(".",_xlpm.Tick)-1),_xlpm.Tick)) | G32: NEM | H32: {=_xlfn.IFS(OR(LEFT(G32,3)="SAF",LEFT(G32,3)="MVE"), RIGHT(G32,LEN(G32)-3), LEFT(G32,2)="JB", RIGHT(G32,LEN(G32)-2), TRUE, G32)} | K32: =_xlfn.LET(_xlpm.Tick,[2]YData!$A32,IFERROR(LEFT(_xlpm.Tick,FIND(".",_xlpm.Tick)-1),_xlpm.Tick)) | L32: 102.735 | M32: 45987 | N32: Oct 23, 2025 | O32: 0.0124
A33: =[2]YData!A33 | B33: =[2]YData!B33 | C33: =VALUE([2]YData!C33) | D33: =[2]YData!D33 | E33: =[2]YData!E33 | F33: =_xlfn.LET(_xlpm.Tick,A33,IFERROR(LEFT(_xlpm.Tick,FIND(".",_xlpm.Tick)-1),_xlpm.Tick)) | G33: NFLX | H33: {=_xlfn.IFS(OR(LEFT(G33,3)="SAF",LEFT(G33,3)="MVE"), RIGHT(G33,LEN(G33)-3), LEFT(G33,2)="JB", RIGHT(G33,LEN(G33)-2), TRUE, G33)} | K33: =_xlfn.LET(_xlpm.Tick,[2]YData!$A33,IFERROR(LEFT(_xlpm.Tick,FIND(".",_xlpm.Tick)-1),_xlpm.Tick)) | L33: 1347.3231 | M33: 0 | N33: Jan 20, 2026 | O33: 0
A34: =[2]YData!A34 | B34: =[2]YData!B34 | C34: =VALUE([2]YData!C34) | D34: =[2]YData!D34 | E34: =[2]YData!E34 | F34: =_xlfn.LET(_xlpm.Tick,A34,IFERROR(LEFT(_xlpm.Tick,FIND(".",_xlpm.Tick)-1),_xlpm.Tick)) | G34: NOTE | H34: {=_xlfn.IFS(OR(LEFT(G34,3)="SAF",LEFT(G34,3)="MVE"), RIGHT(G34,LEN(G34)-3), LEFT(G34,2)="JB", RIGHT(G34,LEN(G34)-2), TRUE, G34)} | K34: =_xlfn.LET(_xlpm.Tick,[2]YData!$A34,IFERROR(LEFT(_xlpm.Tick,FIND(".",_xlpm.Tick)-1),_xlpm.Tick)) | L34: 31.50108 | M34: 0 | N34: 0 | O34: 0
A35: =[2]YData!A35 | B35: =[2]YData!B35 | C35: =VALUE([2]YData!C35) | D35: =[2]YData!D35 | E35: =[2]YData!E35 | F35: =_xlfn.LET(_xlpm.Tick,A35,IFERROR(LEFT(_xlpm.Tick,FIND(".",_xlpm.Tick)-1),_xlpm.Tick)) | G35: PAAS | H35: {=_xlfn.IFS(OR(LEFT(G35,3)="SAF",LEFT(G35,3)="MVE"), RIGHT(G35,LEN(G35)-3), LEFT(G35,2)="JB", RIGHT(G35,LEN(G35)-2), TRUE, G35)} | K35: =_xlfn.LET(_xlpm.Tick,[2]YData!$A35,IFERROR(LEFT(_xlpm.Tick,FIND(".",_xlpm.Tick)-1),_xlpm.Tick)) | L35: 46.875 | M35: 45887 | N35: Nov 12, 2025 | O35: 0.0136
A36: =[2]YData!A36 | B36: =[2]YData!B36 | C36: =VALUE([2]YData!C36) | D36: =[2]YData!D36 | E36: =[2]YData!E36 | F36: =_xlfn.LET(_xlpm.Tick,A36,IFERROR(LEFT(_xlpm.Tick,FIND(".",_xlpm.Tick)-1),_xlpm.Tick)) | G36: PROF | H36: {=_xlfn.IFS(OR(LEFT(G36,3)="SAF",LEFT(G36,3)="MVE"), RIGHT(G36,LEN(G36)-3), LEFT(G36,2)="JB", RIGHT(G36,LEN(G36)-2), TRUE, G36)} | K36: =_xlfn.LET(_xlpm.Tick,[2]YData!$A36,IFERROR(LEFT(_xlpm.Tick,FIND(".",_xlpm.Tick)-1),_xlpm.Tick)) | L36: 12.1 | M36: 0 | N36: 0 | O36: 0
A37: =[2]YData!A37 | B37: =[2]YData!B37 | C37: =VALUE([2]YData!C37) | D37: =[2]YData!D37 | E37: =[2]YData!E37 | F37: =_xlfn.LET(_xlpm.Tick,A37,IFERROR(LEFT(_xlpm.Tick,FIND(".",_xlpm.Tick)-1),_xlpm.Tick)) | G37: POET | H37: {=_xlfn.IFS(OR(LEFT(G37,3)="SAF",LEFT(G37,3)="MVE"), RIGHT(G37,LEN(G37)-3), LEFT(G37,2)="JB", RIGHT(G37,LEN(G37)-2), TRUE, G37)} | K37: =_xlfn.LET(_xlpm.Tick,[2]YData!$A37,IFERROR(LEFT(_xlpm.Tick,FIND(".",_xlpm.Tick)-1),_xlpm.Tick)) | L37: 6.63333 | M37: 0 | N37: Nov 13, 2025 | O37: 0
A38: =[2]YData!A38 | B38: =[2]YData!B38 | C38: =VALUE([2]YData!C38) | D38: =[2]YData!D38 | E38: =[2]YData!E38 | F38: =_xlfn.LET(_xlpm.Tick,A38,IFERROR(LEFT(_xlpm.Tick,FIND(".",_xlpm.Tick)-1),_xlpm.Tick)) | G38: PW | H38: {=_xlfn.IFS(OR(LEFT(G38,3)="SAF",LEFT(G38,3)="MVE"), RIGHT(G38,LEN(G38)-3), LEFT(G38,2)="JB", RIGHT(G38,LEN(G38)-2), TRUE, G38)} | K38: =_xlfn.LET(_xlpm.Tick,[2]YData!$A38,IFERROR(LEFT(_xlpm.Tick,FIND(".",_xlpm.Tick)-1),_xlpm.Tick)) | L38: 0 | M38: 41284 | N38: 0 | O38: 0
A39: =[2]YData!A39 | B39: =[2]YData!B39 | C39: =VALUE([2]YData!C39) | D39: =[2]YData!D39 | E39: =[2]YData!E39 | F39: =_xlfn.LET(_xlpm.Tick,A39,IFERROR(LEFT(_xlpm.Tick,FIND(".",_xlpm.Tick)-1),_xlpm.Tick)) | G39: RIGL | H39: {=_xlfn.IFS(OR(LEFT(G39,3)="SAF",LEFT(G39,3)="MVE"), RIGHT(G39,LEN(G39)-3), LEFT(G39,2)="JB", RIGHT(G39,LEN(G39)-2), TRUE, G39)} | K39: =_xlfn.LET(_xlpm.Tick,[2]YData!$A39,IFERROR(LEFT(_xlpm.Tick,FIND(".",_xlpm.Tick)-1),_xlpm.Tick)) | L39: 38.33333 | M39: 0 | N39: Nov 4, 2025 | O39: 0
A40: =[2]YData!A40 | B40: =[2]YData!B40 | C40: =VALUE([2]YData!C40) | D40: =[2]YData!D40 | E40: =[2]YData!E40 | F40: =_xlfn.LET(_xlpm.Tick,A40,IFERROR(LEFT(_xlpm.Tick,FIND(".",_xlpm.Tick)-1),_xlpm.Tick)) | G40: RWE | H40: {=_xlfn.IFS(OR(LEFT(G40,3)="SAF",LEFT(G40,3)="MVE"), RIGHT(G40,LEN(G40)-3), LEFT(G40,2)="JB", RIGHT(G40,LEN(G40)-2), TRUE, G40)} | K40: =_xlfn.LET(_xlpm.Tick,[2]YData!$A40,IFERROR(LEFT(_xlpm.Tick,FIND(".",_xlpm.Tick)-1),_xlpm.Tick)) | L40: 44.74706 | M40: 45779 | N40: 0 | O40: 0.025799999
A41: =[2]YData!A41 | B41: =[2]YData!B41 | C41: =VALUE([2]YData!C41) | D41: =[2]YData!D41 | E41: =[2]YData!E41 | F41: =_xlfn.LET(_xlpm.Tick,A41,IFERROR(LEFT(_xlpm.Tick,FIND(".",_xlpm.Tick)-1),_xlpm.Tick)) | G41: SAP | H41: {=_xlfn.IFS(OR(LEFT(G41,3)="SAF",LEFT(G41,3)="MVE"), RIGHT(G41,LEN(G41)-3), LEFT(G41,2)="JB", RIGHT(G41,LEN(G41)-2), TRUE, G41)} | K41: =_xlfn.LET(_xlpm.Tick,[2]YData!$A41,IFERROR(LEFT(_xlpm.Tick,FIND(".",_xlpm.Tick)-1),_xlpm.Tick)) | L41: 288.6668 | M41: 45791 | N41: 0 | O41: 0.0105
A42: =[2]YData!A42 | B42: =[2]YData!B42 | C42: =VALUE([2]YData!C42) | D42: =[2]YData!D42 | E42: =[2]YData!E42 | F42: =_xlfn.LET(_xlpm.Tick,A42,IFERROR(LEFT(_xlpm.Tick,FIND(".",_xlpm.Tick)-1),_xlpm.Tick)) | G42: SHECY | H42: {=_xlfn.IFS(OR(LEFT(G42,3)="SAF",LEFT(G42,3)="MVE"), RIGHT(G42,LEN(G42)-3), LEFT(G42,2)="JB", RIGHT(G42,LEN(G42)-2), TRUE, G42)} | K42: =_xlfn.LET(_xlpm.Tick,[2]YData!$A42,IFERROR(LEFT(_xlpm.Tick,FIND(".",_xlpm.Tick)-1),_xlpm.Tick)) | L42: 0 | M42: 45747 | N42: 0 | O42: 0.024500001
A43: =[2]YData!A43 | B43: =[2]YData!B43 | C43: =VALUE([2]YData!C43) | D43: =[2]YData!D43 | E43: =[2]YData!E43 | F43: =_xlfn.LET(_xlpm.Tick,A43,IFERROR(LEFT(_xlpm.Tick,FIND(".",_xlpm.Tick)-1),_xlpm.Tick)) | G43: SSYS | H43: {=_xlfn.IFS(OR(LEFT(G43,3)="SAF",LEFT(G43,3)="MVE"), RIGHT(G43,LEN(G43)-3), LEFT(G43,2)="JB", RIGHT(G43,LEN(G43)-2), TRUE, G43)} | K43: =_xlfn.LET(_xlpm.Tick,[2]YData!$A43,IFERROR(LEFT(_xlpm.Tick,FIND(".",_xlpm.Tick)-1),_xlpm.Tick)) | L43: 13.33333 | M43: 0 | N43: Nov 13, 2025 | O43: 0
A44: =[2]YData!A44 | B44: =[2]YData!B44 | C44: =VALUE([2]YData!C44) | D44: =[2]YData!D44 | E44: =[2]YData!E44 | F44: =_xlfn.LET(_xlpm.Tick,A44,IFERROR(LEFT(_xlpm.Tick,FIND(".",_xlpm.Tick)-1),_xlpm.Tick)) | G44: TSLA | H44: {=_xlfn.IFS(OR(LEFT(G44,3)="SAF",LEFT(G44,3)="MVE"), RIGHT(G44,LEN(G44)-3), LEFT(G44,2)="JB", RIGHT(G44,LEN(G44)-2), TRUE, G44)} | K44: =_xlfn.LET(_xlpm.Tick,[2]YData!$A44,IFERROR(LEFT(_xlpm.Tick,FIND(".",_xlpm.Tick)-1),_xlpm.Tick)) | L44: 391.31805 | M44: 0 | N44: Jan 28, 2026 | O44: 0
A45: =[2]YData!A45 | B45: =[2]YData!B45 | C45: =VALUE([2]YData!C45) | D45: =[2]YData!D45 | E45: =[2]YData!E45 | F45: =_xlfn.LET(_xlpm.Tick,A45,IFERROR(LEFT(_xlpm.Tick,FIND(".",_xlpm.Tick)-1),_xlpm.Tick)) | G45: TSM | H45: {=_xlfn.IFS(OR(LEFT(G45,3)="SAF",LEFT(G45,3)="MVE"), RIGHT(G45,LEN(G45)-3), LEFT(G45,2)="JB", RIGHT(G45,LEN(G45)-2), TRUE, G45)} | K45: =_xlfn.LET(_xlpm.Tick,[2]YData!$A45,IFERROR(LEFT(_xlpm.Tick,FIND(".",_xlpm.Tick)-1),_xlpm.Tick)) | L45: 335.39688 | M45: 46002 | N45: Jan 15, 2026 | O45: 0.0111
A46: =[2]YData!A46 | B46: =[2]YData!B46 | C46: =VALUE([2]YData!C46) | D46: =[2]YData!D46 | E46: =[2]YData!E46 | F46: =_xlfn.LET(_xlpm.Tick,A46,IFERROR(LEFT(_xlpm.Tick,FIND(".",_xlpm.Tick)-1),_xlpm.Tick)) | G46: UN0 | H46: {=_xlfn.IFS(OR(LEFT(G46,3)="SAF",LEFT(G46,3)="MVE"), RIGHT(G46,LEN(G46)-3), LEFT(G46,2)="JB", RIGHT(G46,LEN(G46)-2), TRUE, G46)} | K46: =_xlfn.LET(_xlpm.Tick,[2]YData!$A46,IFERROR(LEFT(_xlpm.Tick,FIND(".",_xlpm.Tick)-1),_xlpm.Tick)) | L46: 0 | M46: 0 | N46: 0 | O46: 0
A47: =[2]YData!A47 | B47: =[2]YData!B47 | C47: =VALUE([2]YData!C47) | D47: =[2]YData!D47 | E47: =[2]YData!E47 | F47: =_xlfn.LET(_xlpm.Tick,A47,IFERROR(LEFT(_xlpm.Tick,FIND(".",_xlpm.Tick)-1),_xlpm.Tick)) | G47: UNIT | H47: {=_xlfn.IFS(OR(LEFT(G47,3)="SAF",LEFT(G47,3)="MVE"), RIGHT(G47,LEN(G47)-3), LEFT(G47,2)="JB", RIGHT(G47,LEN(G47)-2), TRUE, G47)} | K47: =_xlfn.LET(_xlpm.Tick,[2]YData!$A47,IFERROR(LEFT(_xlpm.Tick,FIND(".",_xlpm.Tick)-1),_xlpm.Tick)) | L47: 7.42222 | M47: 45457 | N47: Nov 4, 2025 | O47: 0
A48: =[2]YData!A48 | B48: =[2]YData!B48 | C48: =VALUE([2]YData!C48) | D48: =[2]YData!D48 | E48: =[2]YData!E48 | F48: =_xlfn.LET(_xlpm.Tick,A48,IFERROR(LEFT(_xlpm.Tick,FIND(".",_xlpm.Tick)-1),_xlpm.Tick)) | G48: AVGO | H48: {=_xlfn.IFS(OR(LEFT(G48,3)="SAF",LEFT(G48,3)="MVE"), RIGHT(G48,LEN(G48)-3), LEFT(G48,2)="JB", RIGHT(G48,LEN(G48)-2), TRUE, G48)} | K48: =_xlfn.LET(_xlpm.Tick,[2]YData!$A48,IFERROR(LEFT(_xlpm.Tick,FIND(".",_xlpm.Tick)-1),_xlpm.Tick)) | L48: 392.38165 | M48: 45922 | N48: Dec 11, 2025 | O48: 0.0064
A49: =[2]YData!A49 | B49: =[2]YData!B49 | C49: =VALUE([2]YData!C49) | D49: =[2]YData!D49 | E49: =[2]YData!E49 | F49: =_xlfn.LET(_xlpm.Tick,A49,IFERROR(LEFT(_xlpm.Tick,FIND(".",_xlpm.Tick)-1),_xlpm.Tick)) | G49: VLVLY | H49: {=_xlfn.IFS(OR(LEFT(G49,3)="SAF",LEFT(G49,3)="MVE"), RIGHT(G49,LEN(G49)-3), LEFT(G49,2)="JB", RIGHT(G49,LEN(G49)-2), TRUE, G49)} | K49: =_xlfn.LET(_xlpm.Tick,[2]YData!$A49,IFERROR(LEFT(_xlpm.Tick,FIND(".",_xlpm.Tick)-1),_xlpm.Tick)) | L49: 34 | M49: 45751 | N49: 0 | O49: 0.0291
A50: =[2]YData!A50 | B50: =[2]YData!B50 | C50: =VALUE([2]YData!C50) | D50: =[2]YData!D50 | E50: =[2]YData!E50 | F50: =_xlfn.LET(_xlpm.Tick,A50,IFERROR(LEFT(_xlpm.Tick,FIND(".",_xlpm.Tick)-1),_xlpm.Tick)) | G50: VONN | H50: {=_xlfn.IFS(OR(LEFT(G50,3)="SAF",LEFT(G50,3)="MVE"), RIGHT(G50,LEN(G50)-3), LEFT(G50,2)="JB", RIGHT(G50,LEN(G50)-2), TRUE, G50)} | K50: =_xlfn.LET(_xlpm.Tick,[2]YData!$A50,IFERROR(LEFT(_xlpm.Tick,FIND(".",_xlpm.Tick)-1),_xlpm.Tick)) | L50: 61.5 | M50: 45751 | N50: -- | O50: 0.049200002
A51: =[2]YData!A51 | B51: =[2]YData!B51 | C51: =VALUE([2]YData!C51) | D51: =[2]YData!D51 | E51: =[2]YData!E51 | F51: =_xlfn.LET(_xlpm.Tick,A51,IFERROR(LEFT(_xlpm.Tick,FIND(".",_xlpm.Tick)-1),_xlpm.Tick)) | G51: VTRS | H51: {=_xlfn.IFS(OR(LEFT(G51,3)="SAF",LEFT(G51,3)="MVE"), RIGHT(G51,LEN(G51)-3), LEFT(G51,2)="JB", RIGHT(G51,LEN(G51)-2), TRUE, G51)} | K51: =_xlfn.LET(_xlpm.Tick,[2]YData!$A51,IFERROR(LEFT(_xlpm.Tick,FIND(".",_xlpm.Tick)-1),_xlpm.Tick)) | L51: 12 | M51: 45891 | N51: Nov 6, 2025 | O51: 0.0463
A52: =[2]YData!A52 | B52: =[2]YData!B52 | C52: =VALUE([2]YData!C52) | D52: =[2]YData!D52 | E52: =[2]YData!E52 | F52: =_xlfn.LET(_xlpm.Tick,A52,IFERROR(LEFT(_xlpm.Tick,FIND(".",_xlpm.Tick)-1),_xlpm.Tick)) | G52: WBA | H52: {=_xlfn.IFS(OR(LEFT(G52,3)="SAF",LEFT(G52,3)="MVE"), RIGHT(G52,LEN(G52)-3), LEFT(G52,2)="JB", RIGHT(G52,LEN(G52)-2), TRUE, G52)} | K52: =_xlfn.LET(_xlpm.Tick,[2]YData!$A52,IFERROR(LEFT(_xlpm.Tick,FIND(".",_xlpm.Tick)-1),_xlpm.Tick)) | L52: 0 | M52: 0 | N52: 0 | O52: 0
A53: =[2]YData!A53 | B53: =[2]YData!B53 | C53: =VALUE([2]YData!C53) | D53: =[2]YData!D53 | E53: =[2]YData!E53 | F53: =_xlfn.LET(_xlpm.Tick,A53,IFERROR(LEFT(_xlpm.Tick,FIND(".",_xlpm.Tick)-1),_xlpm.Tick)) | G53: XOM | H53: {=_xlfn.IFS(OR(LEFT(G53,3)="SAF",LEFT(G53,3)="MVE"), RIGHT(G53,LEN(G53)-3), LEFT(G53,2)="JB", RIGHT(G53,LEN(G53)-2), TRUE, G53)} | K53: =_xlfn.LET(_xlpm.Tick,[2]YData!$A53,IFERROR(LEFT(_xlpm.Tick,FIND(".",_xlpm.Tick)-1),_xlpm.Tick)) | L53: 126.88 | M53: 45975 | N53: Jan 30, 2026 | O53: 0.0346
A54: =[2]YData!A54 | B54: =[2]YData!B54 | C54: =VALUE([2]YData!C54) | D54: =[2]YData!D54 | E54: =[2]YData!E54 | F54: =_xlfn.LET(_xlpm.Tick,A54,IFERROR(LEFT(_xlpm.Tick,FIND(".",_xlpm.Tick)-1),_xlpm.Tick)) | G54: XPER | H54: {=_xlfn.IFS(OR(LEFT(G54,3)="SAF",LEFT(G54,3)="MVE"), RIGHT(G54,LEN(G54)-3), LEFT(G54,2)="JB", RIGHT(G54,LEN(G54)-2), TRUE, G54)} | K54: =_xlfn.LET(_xlpm.Tick,[2]YData!$A54,IFERROR(LEFT(_xlpm.Tick,FIND(".",_xlpm.Tick)-1),_xlpm.Tick)) | L54: 11.4 | M54: 0 | N54: 0 | O54: 0
A55: =[2]YData!A55 | B55: =[2]YData!B55 | C55: =VALUE([2]YData!C55) | D55: =[2]YData!D55 | E55: =[2]YData!E55 | F55: =_xlfn.LET(_xlpm.Tick,A55,IFERROR(LEFT(_xlpm.Tick,FIND(".",_xlpm.Tick)-1),_xlpm.Tick)) | G55: MVEALDNE | H55: {=_xlfn.IFS(OR(LEFT(G55,3)="SAF",LEFT(G55,3)="MVE"), RIGHT(G55,LEN(G55)-3), LEFT(G55,2)="JB", RIGHT(G55,LEN(G55)-2), TRUE, G55)} | K55: =_xlfn.LET(_xlpm.Tick,[2]YData!$A55,IFERROR(LEFT(_xlpm.Tick,FIND(".",_xlpm.Tick)-1),_xlpm.Tick)) | L55: 1.53333 | M55: 0 | N55: 0 | O55: 0
A56: =[2]YData!A56 | B56: =[2]YData!B56 | C56: =VALUE([2]YData!C56) | D56: =[2]YData!D56 | E56: =[2]YData!E56 | F56: =_xlfn.LET(_xlpm.Tick,A56,IFERROR(LEFT(_xlpm.Tick,FIND(".",_xlpm.Tick)-1),_xlpm.Tick)) | G56: MVEDDD | H56: {=_xlfn.IFS(OR(LEFT(G56,3)="SAF",LEFT(G56,3)="MVE"), RIGHT(G56,LEN(G56)-3), LEFT(G56,2)="JB", RIGHT(G56,LEN(G56)-2), TRUE, G56)} | K56: =_xlfn.LET(_xlpm.Tick,[2]YData!$A56,IFERROR(LEFT(_xlpm.Tick,FIND(".",_xlpm.Tick)-1),_xlpm.Tick)) | L56: 3.25 | M56: 0 | N56: Nov 4, 2025 | O56: 0
A57: =[2]YData!A57 | B57: =[2]YData!B57 | C57: =VALUE([2]YData!C57) | D57: =[2]YData!D57 | E57: =[2]YData!E57 | F57: =_xlfn.LET(_xlpm.Tick,A57,IFERROR(LEFT(_xlpm.Tick,FIND(".",_xlpm.Tick)-1),_xlpm.Tick)) | G57: MVEDSY | H57: {=_xlfn.IFS(OR(LEFT(G57,3)="SAF",LEFT(G57,3)="MVE"), RIGHT(G57,LEN(G57)-3), LEFT(G57,2)="JB", RIGHT(G57,LEN(G57)-2), TRUE, G57)} | K57: =_xlfn.LET(_xlpm.Tick,[2]YData!$A57,IFERROR(LEFT(_xlpm.Tick,FIND(".",_xlpm.Tick)-1),_xlpm.Tick)) | L57: 31.87778 | M57: 45803 | N57: 0 | O57: 0.0106
A58: =[2]YData!A58 | B58: =[2]YData!B58 | C58: =VALUE([2]YData!C58) | D58: =[2]YData!D58 | E58: =[2]YData!E58 | F58: =_xlfn.LET(_xlpm.Tick,A58,IFERROR(LEFT(_xlpm.Tick,FIND(".",_xlpm.Tick)-1),_xlpm.Tick)) | G58: MVEEOAN | H58: {=_xlfn.IFS(OR(LEFT(G58,3)="SAF",LEFT(G58,3)="MVE"), RIGHT(G58,LEN(G58)-3), LEFT(G58,2)="JB", RIGHT(G58,LEN(G58)-2), TRUE, G58)} | K58: =_xlfn.LET(_xlpm.Tick,[2]YData!$A58,IFERROR(LEFT(_xlpm.Tick,FIND(".",_xlpm.Tick)-1),_xlpm.Tick)) | L58: 16.91959 | M58: 45793 | N58: 0 | O58: 0.0341
A59: =[2]YData!A59 | B59: =[2]YData!B59 | C59: =VALUE([2]YData!C59) | D59: =[2]YData!D59 | E59: =[2]YData!E59 | F59: =_xlfn.LET(_xlpm.Tick,A59,IFERROR(LEFT(_xlpm.Tick,FIND(".",_xlpm.Tick)-1),_xlpm.Tick)) | G59: MVEENI | H59: {=_xlfn.IFS(OR(LEFT(G59,3)="SAF",LEFT(G59,3)="MVE"), RIGHT(G59,LEN(G59)-3), LEFT(G59,2)="JB", RIGHT(G59,LEN(G59)-2), TRUE, G59)} | K59: =_xlfn.LET(_xlpm.Tick,[2]YData!$A59,IFERROR(LEFT(_xlpm.Tick,FIND(".",_xlpm.Tick)-1),_xlpm.Tick)) | L59: 16.12273 | M59: 45985 | N59: 0 | O59: 0.0652
A60: =[2]YData!A60 | B60: =[2]YData!B60 | C60: =VALUE([2]YData!C60) | D60: =[2]YData!D60 | E60: =[2]YData!E60 | F60: =_xlfn.LET(_xlpm.Tick,A60,IFERROR(LEFT(_xlpm.Tick,FIND(".",_xlpm.Tick)-1),_xlpm.Tick)) | G60: MVEEPIX | H60: {=_xlfn.IFS(OR(LEFT(G60,3)="SAF",LEFT(G60,3)="MVE"), RIGHT(G60,LEN(G60)-3), LEFT(G60,2)="JB", RIGHT(G60,LEN(G60)-2), TRUE, G60)} | K60: =_xlfn.LET(_xlpm.Tick,[2]YData!$A60,IFERROR(LEFT(_xlpm.Tick,FIND(".",_xlpm.Tick)-1),_xlpm.Tick)) | L60: 0 | M60: 45894 | N60: 0 | O60: 0
A61: =[2]YData!A61 | B61: =[2]YData!B61 | C61: =VALUE([2]YData!C61) | D61: =[2]YData!D61 | E61: =[2]YData!E61 | F61: =_xlfn.LET(_xlpm.Tick,A61,IFERROR(LEFT(_xlpm.Tick,FIND(".",_xlpm.Tick)-1),_xlpm.Tick)) | G61: MVEGLE | H61: {=_xlfn.IFS(OR(LEFT(G61,3)="SAF",LEFT(G61,3)="MVE"), RIGHT(G61,LEN(G61)-3), LEFT(G61,2)="JB", RIGHT(G61,LEN(G61)-2), TRUE, G61)} | K61: =_xlfn.LET(_xlpm.Tick,[2]YData!$A61,IFERROR(LEFT(_xlpm.Tick,FIND(".",_xlpm.Tick)-1),_xlpm.Tick)) | L61: 64.68611 | M61: 45937 | N61: Oct 30, 2025 | O61: 0.031
A62: =[2]YData!A62 | B62: =[2]YData!B62 | C62: =VALUE([2]YData!C62) | D62: =[2]YData!D62 | E62: =[2]YData!E62 | F62: =_xlfn.LET(_xlpm.Tick,A62,IFERROR(LEFT(_xlpm.Tick,FIND(".",_xlpm.Tick)-1),_xlpm.Tick)) | G62: MVEORA | H62: {=_xlfn.IFS(OR(LEFT(G62,3)="SAF",LEFT(G62,3)="MVE"), RIGHT(G62,LEN(G62)-3), LEFT(G62,2)="JB", RIGHT(G62,LEN(G62)-2), TRUE, G62)} | K62: =_xlfn.LET(_xlpm.Tick,[2]YData!$A62,IFERROR(LEFT(_xlpm.Tick,FIND(".",_xlpm.Tick)-1),_xlpm.Tick)) | L62: 15.32222 | M62: 45993 | N62: 0 | O62: 0.0542
A63: =[2]YData!A63 | B63: =[2]YData!B63 | C63: =VALUE([2]YData!C63) | D63: =[2]YData!D63 | E63: =[2]YData!E63 | F63: =_xlfn.LET(_xlpm.Tick,A63,IFERROR(LEFT(_xlpm.Tick,FIND(".",_xlpm.Tick)-1),_xlpm.Tick)) | G63: MVERWE | H63: {=_xlfn.IFS(OR(LEFT(G63,3)="SAF",LEFT(G63,3)="MVE"), RIGHT(G63,LEN(G63)-3), LEFT(G63,2)="JB", RIGHT(G63,LEN(G63)-2), TRUE, G63)} | K63: =_xlfn.LET(_xlpm.Tick,[2]YData!$A63,IFERROR(LEFT(_xlpm.Tick,FIND(".",_xlpm.Tick)-1),_xlpm.Tick)) | L63: 44.74706 | M63: 45779 | N63: 0 | O63: 0.025799999
A64: =[2]YData!A64 | B64: =[2]YData!B64 | C64: =VALUE([2]YData!C64) | D64: =[2]YData!D64 | E64: =[2]YData!E64 | F64: =_xlfn.LET(_xlpm.Tick,A64,IFERROR(LEFT(_xlpm.Tick,FIND(".",_xlpm.Tick)-1),_xlpm.Tick)) | G64: MVESAP | H64: {=_xlfn.IFS(OR(LEFT(G64,3)="SAF",LEFT(G64,3)="MVE"), RIGHT(G64,LEN(G64)-3), LEFT(G64,2)="JB", RIGHT(G64,LEN(G64)-2), TRUE, G64)} | K64: =_xlfn.LET(_xlpm.Tick,[2]YData!$A64,IFERROR(LEFT(_xlpm.Tick,FIND(".",_xlpm.Tick)-1),_xlpm.Tick)) | L64: 288.6668 | M64: 45791 | N64: 0 | O64: 0.0105
A65: =[2]YData!A65 | B65: =[2]YData!B65 | C65: =VALUE([2]YData!C65) | D65: =[2]YData!D65 | E65: =[2]YData!E65 | F65: =_xlfn.LET(_xlpm.Tick,A65,IFERROR(LEFT(_xlpm.Tick,FIND(".",_xlpm.Tick)-1),_xlpm.Tick)) | G65: MVEUN0 | H65: {=_xlfn.IFS(OR(LEFT(G65,3)="SAF",LEFT(G65,3)="MVE"), RIGHT(G65,LEN(G65)-3), LEFT(G65,2)="JB", RIGHT(G65,LEN(G65)-2), TRUE, G65)} | K65: =_xlfn.LET(_xlpm.Tick,[2]YData!$A65,IFERROR(LEFT(_xlpm.Tick,FIND(".",_xlpm.Tick)-1),_xlpm.Tick)) | L65: 0 | M65: 0 | N65: 0 | O65: 0
A66: =[2]YData!A66 | B66: =[2]YData!B66 | C66: =VALUE([2]YData!C66) | D66: =[2]YData!D66 | E66: =[2]YData!E66 | F66: =_xlfn.LET(_xlpm.Tick,A66,IFERROR(LEFT(_xlpm.Tick,FIND(".",_xlpm.Tick)-1),_xlpm.Tick)) | G66: SAFAAPL | H66: {=_xlfn.IFS(OR(LEFT(G66,3)="SAF",LEFT(G66,3)="MVE"), RIGHT(G66,LEN(G66)-3), LEFT(G66,2)="JB", RIGHT(G66,LEN(G66)-2), TRUE, G66)} | K66: =_xlfn.LET(_xlpm.Tick,[2]YData!$A66,IFERROR(LEFT(_xlpm.Tick,FIND(".",_xlpm.Tick)-1),_xlpm.Tick)) | L66: 276.43097 | M66: 45971 | N66: Jan 29, 2026 | O66: 0.0038
A67: =[2]YData!A67 | B67: =[2]YData!B67 | C67: =VALUE([2]YData!C67) | D67: =[2]YData!D67 | E67: =[2]YData!E67 | F67: =_xlfn.LET(_xlpm.Tick,A67,IFERROR(LEFT(_xlpm.Tick,FIND(".",_xlpm.Tick)-1),_xlpm.Tick)) | G67: SAFAMZN | H67: {=_xlfn.IFS(OR(LEFT(G67,3)="SAF",LEFT(G67,3)="MVE"), RIGHT(G67,LEN(G67)-3), LEFT(G67,2)="JB", RIGHT(G67,LEN(G67)-2), TRUE, G67)} | K67: =_xlfn.LET(_xlpm.Tick,[2]YData!$A67,IFERROR(LEFT(_xlpm.Tick,FIND(".",_xlpm.Tick)-1),_xlpm.Tick)) | L67: 288.4241 | M67: 0 | N67: Oct 30, 2025 | O67: 0
A68: =[2]YData!A68 | B68: =[2]YData!B68 | C68: =VALUE([2]YData!C68) | D68: =[2]YData!D68 | E68: =[2]YData!E68 | F68: =_xlfn.LET(_xlpm.Tick,A68,IFERROR(LEFT(_xlpm.Tick,FIND(".",_xlpm.Tick)-1),_xlpm.Tick)) | G68: SAFASML | H68: {=_xlfn.IFS(OR(LEFT(G68,3)="SAF",LEFT(G68,3)="MVE"), RIGHT(G68,LEN(G68)-3), LEFT(G68,2)="JB", RIGHT(G68,LEN(G68)-2), TRUE, G68)} | K68: =_xlfn.LET(_xlpm.Tick,[2]YData!$A68,IFERROR(LEFT(_xlpm.Tick,FIND(".",_xlpm.Tick)-1),_xlpm.Tick)) | L68: 941.90326 | M68: 45958 | N68: 0 | O68: 0.0069999998
A69: =[2]YData!A69 | B69: =[2]YData!B69 | C69: =VALUE([2]YData!C69) | D69: =[2]YData!D69 | E69: =[2]YData!E69 | F69: =_xlfn.LET(_xlpm.Tick,A69,IFERROR(LEFT(_xlpm.Tick,FIND(".",_xlpm.Tick)-1),_xlpm.Tick)) | G69: SAFDDD | H69: {=_xlfn.IFS(OR(LEFT(G69,3)="SAF",LEFT(G69,3)="MVE"), RIGHT(G69,LEN(G69)-3), LEFT(G69,2)="JB", RIGHT(G69,LEN(G69)-2), TRUE, G69)} | K69: =_xlfn.LET(_xlpm.Tick,[2]YData!$A69,IFERROR(LEFT(_xlpm.Tick,FIND(".",_xlpm.Tick)-1),_xlpm.Tick)) | L69: 3.25 | M69: 0 | N69: Nov 4, 2025 | O69: 0
A70: =[2]YData!A70 | B70: =[2]YData!B70 | C70: =VALUE([2]YData!C70) | D70: =[2]YData!D70 | E70: =[2]YData!E70 | F70: =_xlfn.LET(_xlpm.Tick,A70,IFERROR(LEFT(_xlpm.Tick,FIND(".",_xlpm.Tick)-1),_xlpm.Tick)) | G70: SAFDIS | H70: {=_xlfn.IFS(OR(LEFT(G70,3)="SAF",LEFT(G70,3)="MVE"), RIGHT(G70,LEN(G70)-3), LEFT(G70,2)="JB", RIGHT(G70,LEN(G70)-2), TRUE, G70)} | K70: =_xlfn.LET(_xlpm.Tick,[2]YData!$A70,IFERROR(LEFT(_xlpm.Tick,FIND(".",_xlpm.Tick)-1),_xlpm.Tick)) | L70: 134.0724 | M70: 45832 | N70: Nov 13, 2025 | O70: 0.0089
A71: =[2]YData!A71 | B71: =[2]YData!B71 | C71: =VALUE([2]YData!C71) | D71: =[2]YData!D71 | E71: =[2]YData!E71 | F71: =_xlfn.LET(_xlpm.Tick,A71,IFERROR(LEFT(_xlpm.Tick,FIND(".",_xlpm.Tick)-1),_xlpm.Tick)) | G71: SAFGM | H71: {=_xlfn.IFS(OR(LEFT(G71,3)="SAF",LEFT(G71,3)="MVE"), RIGHT(G71,LEN(G71)-3), LEFT(G71,2)="JB", RIGHT(G71,LEN(G71)-2), TRUE, G71)} | K71: =_xlfn.LET(_xlpm.Tick,[2]YData!$A71,IFERROR(LEFT(_xlpm.Tick,FIND(".",_xlpm.Tick)-1),_xlpm.Tick)) | L71: 73.15385 | M71: 45996 | N71: Oct 21, 2025 | O71: 0.0087
A72: =[2]YData!A72 | B72: =[2]YData!B72 | C72: =VALUE([2]YData!C72) | D72: =[2]YData!D72 | E72: =[2]YData!E72 | F72: =_xlfn.LET(_xlpm.Tick,A72,IFERROR(LEFT(_xlpm.Tick,FIND(".",_xlpm.Tick)-1),_xlpm.Tick)) | G72: SAFIAG | H72: {=_xlfn.IFS(OR(LEFT(G72,3)="SAF",LEFT(G72,3)="MVE"), RIGHT(G72,LEN(G72)-3), LEFT(G72,2)="JB", RIGHT(G72,LEN(G72)-2), TRUE, G72)} | K72: =_xlfn.LET(_xlpm.Tick,[2]YData!$A72,IFERROR(LEFT(_xlpm.Tick,FIND(".",_xlpm.Tick)-1),_xlpm.Tick)) | L72: 464.0942 | M72: 45834 | N72: 0 | O72: 0.0183
A73: =[2]YData!A73 | B73: =[2]YData!B73 | C73: =VALUE([2]YData!C73) | D73: =[2]YData!D73 | E73: =[2]YData!E73 | F73: =_xlfn.LET(_xlpm.Tick,A73,IFERROR(LEFT(_xlpm.Tick,FIND(".",_xlpm.Tick)-1),_xlpm.Tick)) | G73: SAFMRNA | H73: {=_xlfn.IFS(OR(LEFT(G73,3)="SAF",LEFT(G73,3)="MVE"), RIGHT(G73,LEN(G73)-3), LEFT(G73,2)="JB", RIGHT(G73,LEN(G73)-2), TRUE, G73)} | K73: =_xlfn.LET(_xlpm.Tick,[2]YData!$A73,IFERROR(LEFT(_xlpm.Tick,FIND(".",_xlpm.Tick)-1),_xlpm.Tick)) | L73: 40.3 | M73: 0 | N73: Nov 6, 2025 | O73: 0
A74: =[2]YData!A74 | B74: =[2]YData!B74 | C74: =VALUE([2]YData!C74) | D74: =[2]YData!D74 | E74: =[2]YData!E74 | F74: =_xlfn.LET(_xlpm.Tick,A74,IFERROR(LEFT(_xlpm.Tick,FIND(".",_xlpm.Tick)-1),_xlpm.Tick)) | G74: BLNK | H74: {=_xlfn.IFS(OR(LEFT(G74,3)="SAF",LEFT(G74,3)="MVE"), RIGHT(G74,LEN(G74)-3), LEFT(G74,2)="JB", RIGHT(G74,LEN(G74)-2), TRUE, G74)} | K74: =_xlfn.LET(_xlpm.Tick,[2]YData!$A74,IFERROR(LEFT(_xlpm.Tick,FIND(".",_xlpm.Tick)-1),_xlpm.Tick)) | L74: 2.4 | M74: 0 | N74: Nov 6, 2025 | O74: 0
A75: =[2]YData!A75 | B75: =[2]YData!B75 | C75: =VALUE([2]YData!C75) | D75: =[2]YData!D75 | E75: =[2]YData!E75 | F75: =_xlfn.LET(_xlpm.Tick,A75,IFERROR(LEFT(_xlpm.Tick,FIND(".",_xlpm.Tick)-1),_xlpm.Tick)) | G75: ENI | H75: {=_xlfn.IFS(OR(LEFT(G75,3)="SAF",LEFT(G75,3)="MVE"), RIGHT(G75,LEN(G75)-3), LEFT(G75,2)="JB", RIGHT(G75,LEN(G75)-2), TRUE, G75)} | K75: =_xlfn.LET(_xlpm.Tick,[2]YData!$A75,IFERROR(LEFT(_xlpm.Tick,FIND(".",_xlpm.Tick)-1),_xlpm.Tick)) | L75: 16.12273 | M75: 45985 | N75: 0 | O75: 0.0652
A76: =G76 | B76: =_xlfn.XLOOKUP($H76,$F$2:$F$75,B$2:B$75) | C76: =_xlfn.XLOOKUP($H76,$F$2:$F$75,C$2:C$75) | D76: =_xlfn.XLOOKUP($H76,$F$2:$F$75,D$2:D$75) | E76: =_xlfn.XLOOKUP($H76,$F$2:$F$75,E$2:E$75) | G76: EZJ | H76: {=_xlfn.IFS(OR(LEFT(G76,3)="SAF",LEFT(G76,3)="MVE"), RIGHT(G76,LEN(G76)-3), LEFT(G76,2)="JB", RIGHT(G76,LEN(G76)-2), TRUE, G76)} | L76: 626.25 | M76: 45708 | N76: 0 | O76: 0.025
A77: =G77 | B77: =_xlfn.XLOOKUP($H77,$F$2:$F$75,B$2:B$75) | C77: =_xlfn.XLOOKUP($H77,$F$2:$F$75,C$2:C$75) | D77: =_xlfn.XLOOKUP($H77,$F$2:$F$75,D$2:D$75) | E77: =_xlfn.XLOOKUP($H77,$F$2:$F$75,E$2:E$75) | G77: F | H77: {=_xlfn.IFS(OR(LEFT(G77,3)="SAF",LEFT(G77,3)="MVE"), RIGHT(G77,LEN(G77)-3), LEFT(G77,2)="JB", RIGHT(G77,LEN(G77)-2), TRUE, G77)} | L77: 12.265 | M77: 45968 | N77: Oct 23, 2025 | O77: 0.045700002
A78: =G78 | B78: =_xlfn.XLOOKUP($H78,$F$2:$F$75,B$2:B$75) | C78: =_xlfn.XLOOKUP($H78,$F$2:$F$75,C$2:C$75) | D78: =_xlfn.XLOOKUP($H78,$F$2:$F$75,D$2:D$75) | E78: =_xlfn.XLOOKUP($H78,$F$2:$F$75,E$2:E$75) | G78: GLE | H78: {=_xlfn.IFS(OR(LEFT(G78,3)="SAF",LEFT(G78,3)="MVE"), RIGHT(G78,LEN(G78)-3), LEFT(G78,2)="JB", RIGHT(G78,LEN(G78)-2), TRUE, G78)} | L78: 64.68611 | M78: 45937 | N78: Oct 30, 2025 | O78: 0.031
A79: =G79 | B79: =_xlfn.XLOOKUP($H79,$F$2:$F$75,B$2:B$75) | C79: =_xlfn.XLOOKUP($H79,$F$2:$F$75,C$2:C$75) | D79: =_xlfn.XLOOKUP($H79,$F$2:$F$75,D$2:D$75) | E79: =_xlfn.XLOOKUP($H79,$F$2:$F$75,E$2:E$75) | G79: GNRC | H79: {=_xlfn.IFS(OR(LEFT(G79,3)="SAF",LEFT(G79,3)="MVE"), RIGHT(G79,LEN(G79)-3), LEFT(G79,2)="JB", RIGHT(G79,LEN(G79)-2), TRUE, G79)} | L79: 207.4706 | M79: 41435 | N79: Oct 29, 2025 | O79: 0
A80: =G80 | B80: =_xlfn.XLOOKUP($H80,$F$2:$F$75,B$2:B$75) | C80: =_xlfn.XLOOKUP($H80,$F$2:$F$75,C$2:C$75) | D80: =_xlfn.XLOOKUP($H80,$F$2:$F$75,D$2:D$75) | E80: =_xlfn.XLOOKUP($H80,$F$2:$F$75,E$2:E$75) | G80: GS | H80: {=_xlfn.IFS(OR(LEFT(G80,3)="SAF",LEFT(G80,3)="MVE"), RIGHT(G80,LEN(G80)-3), LEFT(G80,2)="JB", RIGHT(G80,LEN(G80)-2), TRUE, G80)} | L80: 801.8421 | M80: 45993 | N80: Jan 15, 2026 | O80: 0.020299999
A81: =G81 | B81: =_xlfn.XLOOKUP($H81,$F$2:$F$75,B$2:B$75) | C81: =_xlfn.XLOOKUP($H81,$F$2:$F$75,C$2:C$75) | D81: =_xlfn.XLOOKUP($H81,$F$2:$F$75,D$2:D$75) | E81: =_xlfn.XLOOKUP($H81,$F$2:$F$75,E$2:E$75) | G81: LAZR | H81: {=_xlfn.IFS(OR(LEFT(G81,3)="SAF",LEFT(G81,3)="MVE"), RIGHT(G81,LEN(G81)-3), LEFT(G81,2)="JB", RIGHT(G81,LEN(G81)-2), TRUE, G81)} | L81: 2.5 | M81: 0 | N81: Nov 13, 2025 | O81: 0
A82: =G82 | B82: =_xlfn.XLOOKUP($H82,$F$2:$F$75,B$2:B$75) | C82: =_xlfn.XLOOKUP($H82,$F$2:$F$75,C$2:C$75) | D82: =_xlfn.XLOOKUP($H82,$F$2:$F$75,D$2:D$75) | E82: =_xlfn.XLOOKUP($H82,$F$2:$F$75,E$2:E$75) | G82: LUV | H82: {=_xlfn.IFS(OR(LEFT(G82,3)="SAF",LEFT(G82,3)="MVE"), RIGHT(G82,LEN(G82)-3), LEFT(G82,2)="JB", RIGHT(G82,LEN(G82)-2), TRUE, G82)} | L82: 34.07368 | M82: 45903 | N82: Oct 22, 2025 | O82: 0.0238
A83: =G83 | B83: =_xlfn.XLOOKUP($H83,$F$2:$F$75,B$2:B$75) | C83: =_xlfn.XLOOKUP($H83,$F$2:$F$75,C$2:C$75) | D83: =_xlfn.XLOOKUP($H83,$F$2:$F$75,D$2:D$75) | E83: =_xlfn.XLOOKUP($H83,$F$2:$F$75,E$2:E$75) | G83: MA | H83: {=_xlfn.IFS(OR(LEFT(G83,3)="SAF",LEFT(G83,3)="MVE"), RIGHT(G83,LEN(G83)-3), LEFT(G83,2)="JB", RIGHT(G83,LEN(G83)-2), TRUE, G83)} | L83: 655.2057 | M83: 45939 | N83: Jan 29, 2026 | O83: 0.0055
A84: =G84 | B84: =_xlfn.XLOOKUP($H84,$F$2:$F$75,B$2:B$75) | C84: =_xlfn.XLOOKUP($H84,$F$2:$F$75,C$2:C$75) | D84: =_xlfn.XLOOKUP($H84,$F$2:$F$75,D$2:D$75) | E84: =_xlfn.XLOOKUP($H84,$F$2:$F$75,E$2:E$75) | G84: NVAX | H84: {=_xlfn.IFS(OR(LEFT(G84,3)="SAF",LEFT(G84,3)="MVE"), RIGHT(G84,LEN(G84)-3), LEFT(G84,2)="JB", RIGHT(G84,LEN(G84)-2), TRUE, G84)} | L84: 12.6125 | M84: 0 | N84: Nov 10, 2025 | O84: 0
A85: =G85 | B85: =_xlfn.XLOOKUP($H85,$F$2:$F$75,B$2:B$75) | C85: =_xlfn.XLOOKUP($H85,$F$2:$F$75,C$2:C$75) | D85: =_xlfn.XLOOKUP($H85,$F$2:$F$75,D$2:D$75) | E85: =_xlfn.XLOOKUP($H85,$F$2:$F$75,E$2:E$75) | G85: NVS | H85: {=_xlfn.IFS(OR(LEFT(G85,3)="SAF",LEFT(G85,3)="MVE"), RIGHT(G85,LEN(G85)-3), LEFT(G85,2)="JB", RIGHT(G85,LEN(G85)-2), TRUE, G85)} | L85: 127.454 | M85: 45728 | N85: Oct 28, 2025 | O85: 0.0323
A86: =G86 | B86: =_xlfn.XLOOKUP($H86,$F$2:$F$75,B$2:B$75) | C86: =_xlfn.XLOOKUP($H86,$F$2:$F$75,C$2:C$75) | D86: =_xlfn.XLOOKUP($H86,$F$2:$F$75,D$2:D$75) | E86: =_xlfn.XLOOKUP($H86,$F$2:$F$75,E$2:E$75) | G86: ORA | H86: {=_xlfn.IFS(OR(LEFT(G86,3)="SAF",LEFT(G86,3)="MVE"), RIGHT(G86,LEN(G86)-3), LEFT(G86,2)="JB", RIGHT(G86,LEN(G86)-2), TRUE, G86)} | L86: 15.32222 | M86: 45993 | N86: 0 | O86: 0.0542
A87: =G87 | B87: =_xlfn.XLOOKUP($H87,$F$2:$F$75,B$2:B$75) | C87: =_xlfn.XLOOKUP($H87,$F$2:$F$75,C$2:C$75) | D87: =_xlfn.XLOOKUP($H87,$F$2:$F$75,D$2:D$75) | E87: =_xlfn.XLOOKUP($H87,$F$2:$F$75,E$2:E$75) | G87: OXY | H87: {=_xlfn.IFS(OR(LEFT(G87,3)="SAF",LEFT(G87,3)="MVE"), RIGHT(G87,LEN(G87)-3), LEFT(G87,2)="JB", RIGHT(G87,LEN(G87)-2), TRUE, G87)} | L87: 49.91304 | M87: 45910 | N87: Nov 10, 2025 | O87: 0.0233
A88: =G88 | B88: =_xlfn.XLOOKUP($H88,$F$2:$F$75,B$2:B$75) | C88: =_xlfn.XLOOKUP($H88,$F$2:$F$75,C$2:C$75) | D88: =_xlfn.XLOOKUP($H88,$F$2:$F$75,D$2:D$75) | E88: =_xlfn.XLOOKUP($H88,$F$2:$F$75,E$2:E$75) | G88: PFE | H88: {=_xlfn.IFS(OR(LEFT(G88,3)="SAF",LEFT(G88,3)="MVE"), RIGHT(G88,LEN(G88)-3), LEFT(G88,2)="JB", RIGHT(G88,LEN(G88)-2), TRUE, G88)} | L88: 28.7519 | M88: 45968 | N88: Nov 4, 2025 | O88: 0.0698
A89: =G89 | B89: =_xlfn.XLOOKUP($H89,$F$2:$F$75,B$2:B$75) | C89: =_xlfn.XLOOKUP($H89,$F$2:$F$75,C$2:C$75) | D89: =_xlfn.XLOOKUP($H89,$F$2:$F$75,D$2:D$75) | E89: =_xlfn.XLOOKUP($H89,$F$2:$F$75,E$2:E$75) | G89: RIG | H89: {=_xlfn.IFS(OR(LEFT(G89,3)="SAF",LEFT(G89,3)="MVE"), RIGHT(G89,LEN(G89)-3), LEFT(G89,2)="JB", RIGHT(G89,LEN(G89)-2), TRUE, G89)} | L89: 3.95385 | M89: 42237 | N89: Oct 29, 2025 | O89: 0
A90: =G90 | B90: =_xlfn.XLOOKUP($H90,$F$2:$F$75,B$2:B$75) | C90: =_xlfn.XLOOKUP($H90,$F$2:$F$75,C$2:C$75) | D90: =_xlfn.XLOOKUP($H90,$F$2:$F$75,D$2:D$75) | E90: =_xlfn.XLOOKUP($H90,$F$2:$F$75,E$2:E$75) | G90: RRC | H90: {=_xlfn.IFS(OR(LEFT(G90,3)="SAF",LEFT(G90,3)="MVE"), RIGHT(G90,LEN(G90)-3), LEFT(G90,2)="JB", RIGHT(G90,LEN(G90)-2), TRUE, G90)} | L90: 41.41542 | M90: 45912 | N90: Oct 28, 2025 | O90: 0.0101
A91: =G91 | B91: =_xlfn.XLOOKUP($H91,$F$2:$F$75,B$2:B$75) | C91: =_xlfn.XLOOKUP($H91,$F$2:$F$75,C$2:C$75) | D91: =_xlfn.XLOOKUP($H91,$F$2:$F$75,D$2:D$75) | E91: =_xlfn.XLOOKUP($H91,$F$2:$F$75,E$2:E$75) | G91: XYZ | H91: {=_xlfn.IFS(OR(LEFT(G91,3)="SAF",LEFT(G91,3)="MVE"), RIGHT(G91,LEN(G91)-3), LEFT(G91,2)="JB", RIGHT(G91,LEN(G91)-2), TRUE, G91)} | L91: 88.50526 | M91: 0 | N91: Nov 6, 2025 | O91: 0
A92: =G92 | B92: =_xlfn.XLOOKUP($H92,$F$2:$F$75,B$2:B$75) | C92: =_xlfn.XLOOKUP($H92,$F$2:$F$75,C$2:C$75) | D92: =_xlfn.XLOOKUP($H92,$F$2:$F$75,D$2:D$75) | E92: =_xlfn.XLOOKUP($H92,$F$2:$F$75,E$2:E$75) | G92: THC | H92: {=_xlfn.IFS(OR(LEFT(G92,3)="SAF",LEFT(G92,3)="MVE"), RIGHT(G92,LEN(G92)-3), LEFT(G92,2)="JB", RIGHT(G92,LEN(G92)-2), TRUE, G92)} | L92: 229.61905 | M92: 36598 | N92: Oct 28, 2025 | O92: 0
A93: =G93 | B93: =_xlfn.XLOOKUP($H93,$F$2:$F$75,B$2:B$75) | C93: =_xlfn.XLOOKUP($H93,$F$2:$F$75,C$2:C$75) | D93: =_xlfn.XLOOKUP($H93,$F$2:$F$75,D$2:D$75) | E93: =_xlfn.XLOOKUP($H93,$F$2:$F$75,E$2:E$75) | G93: X | H93: {=_xlfn.IFS(OR(LEFT(G93,3)="SAF",LEFT(G93,3)="MVE"), RIGHT(G93,LEN(G93)-3), LEFT(G93,2)="JB", RIGHT(G93,LEN(G93)-2), TRUE, G93)} | L93: 0 | M93: 0 | N93: 0 | O93: 0
A94: =G94 | B94: =_xlfn.XLOOKUP($H94,$F$2:$F$75,B$2:B$75) | C94: =_xlfn.XLOOKUP($H94,$F$2:$F$75,C$2:C$75) | D94: =_xlfn.XLOOKUP($H94,$F$2:$F$75,D$2:D$75) | E94: =_xlfn.XLOOKUP($H94,$F$2:$F$75,E$2:E$75) | G94: LOCK | H94: {=_xlfn.IFS(OR(LEFT(G94,3)="SAF",LEFT(G94,3)="MVE"), RIGHT(G94,LEN(G94)-3), LEFT(G94,2)="JB", RIGHT(G94,LEN(G94)-2), TRUE, G94)} | L94: 0 | M94: 0 | N94: 0 | O94: 0
A95: =G95 | B95: =_xlfn.XLOOKUP($H95,$F$2:$F$75,B$2:B$75) | C95: =_xlfn.XLOOKUP($H95,$F$2:$F$75,C$2:C$75) | D95: =_xlfn.XLOOKUP($H95,$F$2:$F$75,D$2:D$75) | E95: =_xlfn.XLOOKUP($H95,$F$2:$F$75,E$2:E$75) | G95: JBASML | H95: {=_xlfn.IFS(OR(LEFT(G95,3)="SAF",LEFT(G95,3)="MVE"), RIGHT(G95,LEN(G95)-3), LEFT(G95,2)="JB", RIGHT(G95,LEN(G95)-2), TRUE, G95)} | L95: 941.90326 | M95: 45958 | N95: 0 | O95: 0.0069999998
A96: =G96 | B96: =_xlfn.XLOOKUP($H96,$F$2:$F$75,B$2:B$75) | C96: =_xlfn.XLOOKUP($H96,$F$2:$F$75,C$2:C$75) | D96: =_xlfn.XLOOKUP($H96,$F$2:$F$75,D$2:D$75) | E96: =_xlfn.XLOOKUP($H96,$F$2:$F$75,E$2:E$75) | G96: JBEOAN | H96: {=_xlfn.IFS(OR(LEFT(G96,3)="SAF",LEFT(G96,3)="MVE"), RIGHT(G96,LEN(G96)-3), LEFT(G96,2)="JB", RIGHT(G96,LEN(G96)-2), TRUE, G96)} | L96: 16.91959 | M96: 45793 | N96: 0 | O96: 0.0341
B97: =IFERROR(VALUE(_xlfn.XLOOKUP($H97,$A$2:$A$74,[2]YData!B$2:B$74)),"") | C97: =IFERROR(VALUE(_xlfn.XLOOKUP($H97,$A$2:$A$74,[2]YData!C$2:C$74)),"") | D97: =IFERROR(VALUE(_xlfn.XLOOKUP($H97,$A$2:$A$74,[2]YData!D$2:D$74)),"") | E97: =IFERROR(VALUE(_xlfn.XLOOKUP($H97,$A$2:$A$74,[2]YData!E$2:E$74)),"")
