Workbook
Name Dataload: TickerList!$B$2:$E$75
Name SelRow: 5
Name SelRowNum: 5
Name StripName: TickerList!$H$2:$H$96
Name StripTick: TickerList!$F$2:$F$75
Name T_List: TickerList!$A$2:$A$75

Sheet ExtEntry
A1: =MAX(E3:E96) -> 45967.001 | B1: Today | E1: Today | F1: =NOW() -> 45967.058 | P1: 58505147 | X1: From DataLocal Sheet2
A2: Ticker_Symbol | B2: ExchR | C2: Company Name | D2: Currency | E2: Last trade time | F2: Close | G2: Open | H2: M-Price | I2: Low | J2: High | K2: P/E | L2: Change | M2: Change% | N2: 52_week_low | O2: 52_week_high | P2: Volume | Q2: Volume average | R2: Beta | S2: suffix | T2: Custody2 | U2: Exchange abbreviation | V2: V/VA | W2: Column1 | X2: 1YT | Y2: Ddate | Z2: EarningDate | AA2: RepDiv | AB2: Broker | AC2: Stamp | AD2: Old1YT | AE2: YTChange | AF2: Column2
A3: {=_xlfn.SINGLE(RTData[suffix])&_FV(RTData[[#This Row],[Company Name]],"Ticker symbol",TRUE)} -> AAPL | B3: =D99 -> 0.87001914 | C3: #VALUE! | D3: {=_FV(RTData[[#This Row],[Company Name]],"Currency")} -> USD | E3: {=_FV(RTData[[#This Row],[Company Name]],"Last trade time",TRUE)} -> 45967 | F3: {=_FV(RTData[[#This Row],[Company Name]],"Previous close",TRUE)} -> 270.04 | G3: {=_FV(RTData[[#This Row],[Company Name]],"Open")} -> 268.61 | H3: {=_FV(RTData[[#This Row],[Company Name]],"Price")} -> 270.14 | I3: {=_FV(RTData[[#This Row],[Company Name]],"Low")} -> 266.93 | J3: {=_FV(RTData[[#This Row],[Company Name]],"High")} -> 271.7 | K3: {=IFERROR(_FV(RTData[[#This Row],[Company Name]],"P/E",TRUE),99)} -> 36.3613 | L3: {=_FV(RTData[[#This Row],[Company Name]],"Change")} -> 0.1 | M3: {=_FV(RTData[[#This Row],[Company Name]],"Change (%)",TRUE)} -> 0.0003703 | N3: {=_FV(RTData[[#This Row],[Company Name]],"52 week low",TRUE)} -> 169.2101 | O3: {=_FV(RTData[[#This Row],[Company Name]],"52 week high",TRUE)} -> 277.32 | P3: {=_FV(RTData[[#This Row],[Company Name]],"Volume")} -> 43644546 | Q3: {=_FV(RTData[[#This Row],[Company Name]],"Volume average",TRUE)} -> 47864472 | R3: {=_FV(RTData[[#This Row],[Company Name]],"Beta")} -> 1.1077 | T3: V | U3: {=_FV(RTData[[#This Row],[Company Name]],"Exchange abbreviation",TRUE)} -> XNAS | V3: =IFERROR(RTData[[#This Row],[Volume]]/RTData[[#This Row],[Volume average]],1) -> 0.91183594 | X3: =_xlfn.XLOOKUP(RTData[[#This Row],[Ticker_Symbol]],TickerList!$G2:$G96,TickerList!L2:L96) -> 276.43097 | Y3: =_xlfn.XLOOKUP(RTData[[#This Row],[Ticker_Symbol]],TickerList!$G2:$G96,TickerList!M2:M96) -> 45971 | Z3: =_xlfn.XLOOKUP(RTData[[#This Row],[Ticker_Symbol]],TickerList!$G2:$G96,TickerList!N2:N96) -> Jan 29, 2026 | AA3: =_xlfn.XLOOKUP(RTData[[#This Row],[Ticker_Symbol]],TickerList!$G2:$G96,TickerList!O2:O96) -> 0.0038 | AB3: 0.0001 | AC3: 0.003 | AD3: 245.31 | AE3: =_xlfn.LET(_xlpm.New1YT,RTData[[#This Row],[1YT]], _xlpm.Old1YT,IF(ISNUMBER(RTData[[#This Row],[Old1YT]]),RTData[[#This Row],[Old1YT]],VALUE(LEFT(RTData[[#This Row],[Old1YT]],FIND("/",RTData[[#This Row],[Old1YT]],1)-1))), IF(OR(RTData[[#This Row],[1YT]]=0,_xlpm.Old1YT=0),0,(_xlpm.New1YT-_xlpm.Old1YT)/_xlpm.Old1YT)) -> 0.12686385 | AF3: =TEXT(RTData[[#This Row],[1YT]],"#,#0.00")&" < "&RTData[[#This Row],[Old1YT]] -> 276.43 < 245.31
A4: {=_xlfn.SINGLE(RTData[suffix])&_FV(RTData[[#This Row],[Company Name]],"Ticker symbol",TRUE)} -> ADEA | B4: =D99 -> 0.87001914 | C4: #VALUE! | D4: {=_FV(RTData[[#This Row],[Company Name]],"Currency")} -> USD | E4: {=_FV(RTData[[#This Row],[Company Name]],"Last trade time",TRUE)} -> 45966.95 | F4: {=_FV(RTData[[#This Row],[Company Name]],"Previous close",TRUE)} -> 12.75 | G4: {=_FV(RTData[[#This Row],[Company Name]],"Open")} -> 12.84 | H4: {=_FV(RTData[[#This Row],[Company Name]],"Price")} -> 13.78 | I4: {=_FV(RTData[[#This Row],[Company Name]],"Low")} -> 12.7 | J4: {=_FV(RTData[[#This Row],[Company Name]],"High")} -> 13.84 | K4: {=IFERROR(_FV(RTData[[#This Row],[Company Name]],"P/E",TRUE),99)} -> 21.2327 | L4: {=_FV(RTData[[#This Row],[Company Name]],"Change")} -> 1.03 | M4: {=_FV(RTData[[#This Row],[Company Name]],"Change (%)",TRUE)} -> 0.080784 | N4: {=_FV(RTData[[#This Row],[Company Name]],"52 week low",TRUE)} -> 10.59 | O4: {=_FV(RTData[[#This Row],[Company Name]],"52 week high",TRUE)} -> 18.25 | P4: {=_FV(RTData[[#This Row],[Company Name]],"Volume")} -> 1761241 | Q4: {=_FV(RTData[[#This Row],[Company Name]],"Volume average",TRUE)} -> 681700 | R4: {=_FV(RTData[[#This Row],[Company Name]],"Beta")} -> 2.4069 | T4: V | U4: {=_FV(RTData[[#This Row],[Company Name]],"Exchange abbreviation",TRUE)} -> XNAS | V4: =IFERROR(RTData[[#This Row],[Volume]]/RTData[[#This Row],[Volume average]],1) -> 2.5836013 | X4: =_xlfn.XLOOKUP(RTData[[#This Row],[Ticker_Symbol]],TickerList!$G3:$G97,TickerList!L3:L97) -> 20.66667 | Y4: =_xlfn.XLOOKUP(RTData[[#This Row],[Ticker_Symbol]],TickerList!$G3:$G97,TickerList!M3:M97) -> 45895 | Z4: =_xlfn.XLOOKUP(RTData[[#This Row],[Ticker_Symbol]],TickerList!$G3:$G97,TickerList!N3:N97) -> 0 | AA4: =_xlfn.XLOOKUP(RTData[[#This Row],[Ticker_Symbol]],TickerList!$G3:$G97,TickerList!O3:O97) -> 0.0117 | AB4: 0.0001 | AC4: 0.003 | AD4: 15.33 | AE4: =_xlfn.LET(_xlpm.New1YT,RTData[[#This Row],[1YT]], _xlpm.Old1YT,IF(ISNUMBER(RTData[[#This Row],[Old1YT]]),RTData[[#This Row],[Old1YT]],VALUE(LEFT(RTData[[#This Row],[Old1YT]],FIND("/",RTData[[#This Row],[Old1YT]],1)-1))), IF(OR(RTData[[#This Row],[1YT]]=0,_xlpm.Old1YT=0),0,(_xlpm.New1YT-_xlpm.Old1YT)/_xlpm.Old1YT)) -> 0.34811937 | AF4: =TEXT(RTData[[#This Row],[1YT]],"#,#0.00")&" < "&RTData[[#This Row],[Old1YT]] -> 20.67 < 15.33
A5: {=_xlfn.SINGLE(RTData[suffix])&_FV(RTData[[#This Row],[Company Name]],"Ticker symbol",TRUE)} -> AET | B5: =D101/100 -> 0.011358473 | C5: #VALUE! | D5: {=_FV(RTData[[#This Row],[Company Name]],"Currency")} -> GBp | E5: {=_FV(RTData[[#This Row],[Company Name]],"Last trade time",TRUE)} -> 45966.691 | F5: {=_FV(RTData[[#This Row],[Company Name]],"Previous close",TRUE)} -> 45 | G5: {=_FV(RTData[[#This Row],[Company Name]],"Open")} -> 44.3 | H5: {=_FV(RTData[[#This Row],[Company Name]],"Price")} -> 46 | I5: {=_FV(RTData[[#This Row],[Company Name]],"Low")} -> 44.3 | J5: {=_FV(RTData[[#This Row],[Company Name]],"High")} -> 46 | K5: {=IFERROR(_FV(RTData[[#This Row],[Company Name]],"P/E",TRUE),99)} -> 3.9931 | L5: {=_FV(RTData[[#This Row],[Company Name]],"Change")} -> 1 | M5: {=_FV(RTData[[#This Row],[Company Name]],"Change (%)",TRUE)} -> 0.022222 | N5: {=_FV(RTData[[#This Row],[Company Name]],"52 week low",TRUE)} -> 33.065 | O5: {=_FV(RTData[[#This Row],[Company Name]],"52 week high",TRUE)} -> 56.2 | P5: {=_FV(RTData[[#This Row],[Company Name]],"Volume")} -> 93063 | Q5: {=_FV(RTData[[#This Row],[Company Name]],"Volume average",TRUE)} -> 418370 | R5: {=_FV(RTData[[#This Row],[Company Name]],"Beta")} -> 1.6406 | T5: V | U5: {=_FV(RTData[[#This Row],[Company Name]],"Exchange abbreviation",TRUE)} -> XLON | V5: =IFERROR(RTData[[#This Row],[Volume]]/RTData[[#This Row],[Volume average]],1) -> 0.22244186 | X5: =_xlfn.XLOOKUP(RTData[[#This Row],[Ticker_Symbol]],TickerList!$G4:$G98,TickerList!L4:L98) -> 96.66 | Y5: =_xlfn.XLOOKUP(RTData[[#This Row],[Ticker_Symbol]],TickerList!$G4:$G98,TickerList!M4:M98) -> 0 | Z5: =_xlfn.XLOOKUP(RTData[[#This Row],[Ticker_Symbol]],TickerList!$G4:$G98,TickerList!N4:N98) -> 0 | AA5: =_xlfn.XLOOKUP(RTData[[#This Row],[Ticker_Symbol]],TickerList!$G4:$G98,TickerList!O4:O98) -> 0 | AC5: 0.003 | AD5: 91.96/86.78 | AE5: =_xlfn.LET(_xlpm.New1YT,RTData[[#This Row],[1YT]], _xlpm.Old1YT,IF(ISNUMBER(RTData[[#This Row],[Old1YT]]),RTData[[#This Row],[Old1YT]],VALUE(LEFT(RTData[[#This Row],[Old1YT]],FIND("/",RTData[[#This Row],[Old1YT]],1)-1))), IF(OR(RTData[[#This Row],[1YT]]=0,_xlpm.Old1YT=0),0,(_xlpm.New1YT-_xlpm.Old1YT)/_xlpm.Old1YT)) -> 0.051109178 | AF5: =TEXT(RTData[[#This Row],[1YT]],"#,#0.00")&" < "&RTData[[#This Row],[Old1YT]] -> 96.66 < 91.96/86.78
A6: {=_xlfn.SINGLE(RTData[suffix])&_FV(RTData[[#This Row],[Company Name]],"Ticker symbol",TRUE)} -> AMZN | B6: =D99 -> 0.87001914 | C6: #VALUE! | D6: {=_FV(RTData[[#This Row],[Company Name]],"Currency")} -> USD | E6: {=_FV(RTData[[#This Row],[Company Name]],"Last trade time",TRUE)} -> 45967.001 | F6: {=_FV(RTData[[#This Row],[Company Name]],"Previous close",TRUE)} -> 249.32 | G6: {=_FV(RTData[[#This Row],[Company Name]],"Open")} -> 249.03 | H6: {=_FV(RTData[[#This Row],[Company Name]],"Price")} -> 250.2 | I6: {=_FV(RTData[[#This Row],[Company Name]],"Low")} -> 246.16 | J6: {=_FV(RTData[[#This Row],[Company Name]],"High")} -> 251 | K6: {=IFERROR(_FV(RTData[[#This Row],[Company Name]],"P/E",TRUE),99)} -> 35.344 | L6: {=_FV(RTData[[#This Row],[Company Name]],"Change")} -> 0.88 | M6: {=_FV(RTData[[#This Row],[Company Name]],"Change (%)",TRUE)} -> 0.00353 | N6: {=_FV(RTData[[#This Row],[Company Name]],"52 week low",TRUE)} -> 161.38 | O6: {=_FV(RTData[[#This Row],[Company Name]],"52 week high",TRUE)} -> 258.6 | P6: {=_FV(RTData[[#This Row],[Company Name]],"Volume")} -> 40552606 | Q6: {=_FV(RTData[[#This Row],[Company Name]],"Volume average",TRUE)} -> 53776835 | R6: {=_FV(RTData[[#This Row],[Company Name]],"Beta")} -> 1.3597 | T6: V | U6: {=_FV(RTData[[#This Row],[Company Name]],"Exchange abbreviation",TRUE)} -> XNAS | V6: =IFERROR(RTData[[#This Row],[Volume]]/RTData[[#This Row],[Volume average]],1) -> 0.7540906 | X6: =_xlfn.XLOOKUP(RTData[[#This Row],[Ticker_Symbol]],TickerList!$G5:$G99,TickerList!L5:L99) -> 288.4241 | Y6: =_xlfn.XLOOKUP(RTData[[#This Row],[Ticker_Symbol]],TickerList!$G5:$G99,TickerList!M5:M99) -> 0 | Z6: =_xlfn.XLOOKUP(RTData[[#This Row],[Ticker_Symbol]],TickerList!$G5:$G99,TickerList!N5:N99) -> Oct 30, 2025 | AA6: =_xlfn.XLOOKUP(RTData[[#This Row],[Ticker_Symbol]],TickerList!$G5:$G99,TickerList!O5:O99) -> 0 | AB6: 0.0001 | AC6: 0.003 | AD6: 238.96/218.19 | AE6: =_xlfn.LET(_xlpm.New1YT,RTData[[#This Row],[1YT]], _xlpm.Old1YT,IF(ISNUMBER(RTData[[#This Row],[Old1YT]]),RTData[[#This Row],[Old1YT]],VALUE(LEFT(RTData[[#This Row],[Old1YT]],FIND("/",RTData[[#This Row],[Old1YT]],1)-1))), IF(OR(RTData[[#This Row],[1YT]]=0,_xlpm.Old1YT=0),0,(_xlpm.New1YT-_xlpm.Old1YT)/_xlpm.Old1YT)) -> 0.20699741 | AF6: =TEXT(RTData[[#This Row],[1YT]],"#,#0.00")&" < "&RTData[[#This Row],[Old1YT]] -> 288.42 < 238.96/218.19
A7: {=_xlfn.SINGLE(RTData[suffix])&_FV(RTData[[#This Row],[Company Name]],"Ticker symbol",TRUE)} -> ALDNE | B7: 1 | C7: #VALUE! | D7: {=_FV(RTData[[#This Row],[Company Name]],"Currency")} -> EUR | E7: {=_FV(RTData[[#This Row],[Company Name]],"Last trade time",TRUE)} -> 45966.708 | F7: {=_FV(RTData[[#This Row],[Company Name]],"Previous close",TRUE)} -> 0.788 | G7: {=_FV(RTData[[#This Row],[Company Name]],"Open")} -> 0.788 | H7: {=_FV(RTData[[#This Row],[Company Name]],"Price")} -> 0.79 | I7: {=_FV(RTData[[#This Row],[Company Name]],"Low")} -> 0.77 | J7: {=_FV(RTData[[#This Row],[Company Name]],"High")} -> 0.798 | K7: {=IFERROR(_FV(RTData[[#This Row],[Company Name]],"P/E",TRUE),99)} -> 0 | L7: {=_FV(RTData[[#This Row],[Company Name]],"Change")} -> 0.002 | M7: {=_FV(RTData[[#This Row],[Company Name]],"Change (%)",TRUE)} -> 0.002538 | N7: {=_FV(RTData[[#This Row],[Company Name]],"52 week low",TRUE)} -> 0.65 | O7: {=_FV(RTData[[#This Row],[Company Name]],"52 week high",TRUE)} -> 1.53 | P7: {=_FV(RTData[[#This Row],[Company Name]],"Volume")} -> 2729 | Q7: {=_FV(RTData[[#This Row],[Company Name]],"Volume average",TRUE)} -> 6780 | R7: {=_FV(RTData[[#This Row],[Company Name]],"Beta")} -> 0.9588 | T7: V | U7: {=_FV(RTData[[#This Row],[Company Name]],"Exchange abbreviation",TRUE)} -> XPAR | V7: =IFERROR(RTData[[#This Row],[Volume]]/RTData[[#This Row],[Volume average]],1) -> 0.40250737 | X7: =_xlfn.XLOOKUP(RTData[[#This Row],[Ticker_Symbol]],TickerList!$G6:$G100,TickerList!L6:L100) -> 1.53333 | Y7: =_xlfn.XLOOKUP(RTData[[#This Row],[Ticker_Symbol]],TickerList!$G6:$G100,TickerList!M6:M100) -> 0 | Z7: =_xlfn.XLOOKUP(RTData[[#This Row],[Ticker_Symbol]],TickerList!$G6:$G100,TickerList!N6:N100) -> 0 | AA7: =_xlfn.XLOOKUP(RTData[[#This Row],[Ticker_Symbol]],TickerList!$G6:$G100,TickerList!O6:O100) -> 0 | AC7: 0.003 | AD7: 3.87 | AE7: =_xlfn.LET(_xlpm.New1YT,RTData[[#This Row],[1YT]], _xlpm.Old1YT,IF(ISNUMBER(RTData[[#This Row],[Old1YT]]),RTData[[#This Row],[Old1YT]],VALUE(LEFT(RTData[[#This Row],[Old1YT]],FIND("/",RTData[[#This Row],[Old1YT]],1)-1))), IF(OR(RTData[[#This Row],[1YT]]=0,_xlpm.Old1YT=0),0,(_xlpm.New1YT-_xlpm.Old1YT)/_xlpm.Old1YT)) -> -0.6037907 | AF7: =TEXT(RTData[[#This Row],[1YT]],"#,#0.00")&" < "&RTData[[#This Row],[Old1YT]] -> 1.53 < 3.87
A8: {=_xlfn.SINGLE(RTData[suffix])&_FV(RTData[[#This Row],[Company Name]],"Ticker symbol",TRUE)} -> ASML | B8: 1 | C8: #VALUE! | D8: {=_FV(RTData[[#This Row],[Company Name]],"Currency")} -> EUR | E8: {=_FV(RTData[[#This Row],[Company Name]],"Last trade time",TRUE)} -> 45966.708 | F8: {=_FV(RTData[[#This Row],[Company Name]],"Previous close",TRUE)} -> 918 | G8: {=_FV(RTData[[#This Row],[Company Name]],"Open")} -> 882.9 | H8: {=_FV(RTData[[#This Row],[Company Name]],"Price")} -> 906.6 | I8: {=_FV(RTData[[#This Row],[Company Name]],"Low")} -> 878.4 | J8: {=_FV(RTData[[#This Row],[Company Name]],"High")} -> 913.3 | K8: {=IFERROR(_FV(RTData[[#This Row],[Company Name]],"P/E",TRUE),99)} -> 34.8102 | L8: {=_FV(RTData[[#This Row],[Company Name]],"Change")} -> -11.4 | M8: {=_FV(RTData[[#This Row],[Company Name]],"Change (%)",TRUE)} -> -0.012418 | N8: {=_FV(RTData[[#This Row],[Company Name]],"52 week low",TRUE)} -> 508.4 | O8: {=_FV(RTData[[#This Row],[Company Name]],"52 week high",TRUE)} -> 913.3 | P8: {=_FV(RTData[[#This Row],[Company Name]],"Volume")} -> 663558 | Q8: {=_FV(RTData[[#This Row],[Company Name]],"Volume average",TRUE)} -> 547460 | R8: {=_FV(RTData[[#This Row],[Company Name]],"Beta")} -> 2.1158 | T8: V | U8: {=_FV(RTData[[#This Row],[Company Name]],"Exchange abbreviation",TRUE)} -> XAMS | V8: =IFERROR(RTData[[#This Row],[Volume]]/RTData[[#This Row],[Volume average]],1) -> 1.2120666 | X8: =_xlfn.XLOOKUP(RTData[[#This Row],[Ticker_Symbol]],TickerList!$G7:$G101,TickerList!L7:L101) -> 941.90326 | Y8: =_xlfn.XLOOKUP(RTData[[#This Row],[Ticker_Symbol]],TickerList!$G7:$G101,TickerList!M7:M101) -> 45958 | Z8: =_xlfn.XLOOKUP(RTData[[#This Row],[Ticker_Symbol]],TickerList!$G7:$G101,TickerList!N7:N101) -> 0 | AA8: =_xlfn.XLOOKUP(RTData[[#This Row],[Ticker_Symbol]],TickerList!$G7:$G101,TickerList!O7:O101) -> 0.0069999998 | AC8: 0.003 | AD8: 847.58 | AE8: =_xlfn.LET(_xlpm.New1YT,RTData[[#This Row],[1YT]], _xlpm.Old1YT,IF(ISNUMBER(RTData[[#This Row],[Old1YT]]),RTData[[#This Row],[Old1YT]],VALUE(LEFT(RTData[[#This Row],[Old1YT]],FIND("/",RTData[[#This Row],[Old1YT]],1)-1))), IF(OR(RTData[[#This Row],[1YT]]=0,_xlpm.Old1YT=0),0,(_xlpm.New1YT-_xlpm.Old1YT)/_xlpm.Old1YT)) -> 0.11128538 | AF8: =TEXT(RTData[[#This Row],[1YT]],"#,#0.00")&" < "&RTData[[#This Row],[Old1YT]] -> 941.90 < 847.58
A9: {=_xlfn.SINGLE(RTData[suffix])&_FV(RTData[[#This Row],[Company Name]],"Ticker symbol",TRUE)} -> AVGO | B9: 1 | C9: #VALUE! | D9: {=_FV(RTData[[#This Row],[Company Name]],"Currency")} -> USD | E9: {=_FV(RTData[[#This Row],[Company Name]],"Last trade time",TRUE)} -> 45967 | F9: {=_FV(RTData[[#This Row],[Company Name]],"Previous close",TRUE)} -> 351.94 | G9: {=_FV(RTData[[#This Row],[Company Name]],"Open")} -> 350.89 | H9: {=_FV(RTData[[#This Row],[Company Name]],"Price")} -> 358.98 | I9: {=_FV(RTData[[#This Row],[Company Name]],"Low")} -> 350.0913 | J9: {=_FV(RTData[[#This Row],[Company Name]],"High")} -> 364.8699 | K9: {=IFERROR(_FV(RTData[[#This Row],[Company Name]],"P/E",TRUE),99)} -> 90.2184 | L9: {=_FV(RTData[[#This Row],[Company Name]],"Change")} -> 7.04 | M9: {=_FV(RTData[[#This Row],[Company Name]],"Change (%)",TRUE)} -> 0.020003 | N9: {=_FV(RTData[[#This Row],[Company Name]],"52 week low",TRUE)} -> 138.1 | O9: {=_FV(RTData[[#This Row],[Company Name]],"52 week high",TRUE)} -> 386.48 | P9: {=_FV(RTData[[#This Row],[Company Name]],"Volume")} -> 17071547 | Q9: {=_FV(RTData[[#This Row],[Company Name]],"Volume average",TRUE)} -> 21075301 | R9: {=_FV(RTData[[#This Row],[Company Name]],"Beta")} -> 1.2219 | U9: {=_FV(RTData[[#This Row],[Company Name]],"Exchange abbreviation",TRUE)} -> XNAS | V9: =IFERROR(RTData[[#This Row],[Volume]]/RTData[[#This Row],[Volume average]],1) -> 0.81002625 | X9: =_xlfn.XLOOKUP(RTData[[#This Row],[Ticker_Symbol]],TickerList!$G8:$G102,TickerList!L8:L102) -> 392.38165 | Y9: =_xlfn.XLOOKUP(RTData[[#This Row],[Ticker_Symbol]],TickerList!$G8:$G102,TickerList!M8:M102) -> 45922 | Z9: =_xlfn.XLOOKUP(RTData[[#This Row],[Ticker_Symbol]],TickerList!$G8:$G102,TickerList!N8:N102) -> Dec 11, 2025 | AA9: =_xlfn.XLOOKUP(RTData[[#This Row],[Ticker_Symbol]],TickerList!$G8:$G102,TickerList!O8:O102) -> 0.0064 | AC9: 0.003 | AD9: 848.58 | AE9: =_xlfn.LET(_xlpm.New1YT,RTData[[#This Row],[1YT]], _xlpm.Old1YT,IF(ISNUMBER(RTData[[#This Row],[Old1YT]]),RTData[[#This Row],[Old1YT]],VALUE(LEFT(RTData[[#This Row],[Old1YT]],FIND("/",RTData[[#This Row],[Old1YT]],1)-1))), IF(OR(RTData[[#This Row],[1YT]]=0,_xlpm.Old1YT=0),0,(_xlpm.New1YT-_xlpm.Old1YT)/_xlpm.Old1YT)) -> -0.53760205 | AF9: =TEXT(RTData[[#This Row],[1YT]],"#,#0.00")&" < "&RTData[[#This Row],[Old1YT]] -> 392.38 < 848.58
A10: {=_xlfn.SINGLE(RTData[suffix])&_FV(RTData[[#This Row],[Company Name]],"Ticker symbol",TRUE)} -> AZN | B10: 1 | C10: #VALUE! | D10: {=_FV(RTData[[#This Row],[Company Name]],"Currency")} -> USD | E10: {=_FV(RTData[[#This Row],[Company Name]],"Last trade time",TRUE)} -> 45966.99 | F10: {=_FV(RTData[[#This Row],[Company Name]],"Previous close",TRUE)} -> 82.03 | G10: {=_FV(RTData[[#This Row],[Company Name]],"Open")} -> 81.38 | H10: {=_FV(RTData[[#This Row],[Company Name]],"Price")} -> 81.15 | I10: {=_FV(RTData[[#This Row],[Company Name]],"Low")} -> 81.02 | J10: {=_FV(RTData[[#This Row],[Company Name]],"High")} -> 82.09 | K10: {=IFERROR(_FV(RTData[[#This Row],[Company Name]],"P/E",TRUE),99)} -> 30.5523 | L10: {=_FV(RTData[[#This Row],[Company Name]],"Change")} -> -0.88 | M10: {=_FV(RTData[[#This Row],[Company Name]],"Change (%)",TRUE)} -> -0.010728 | N10: {=_FV(RTData[[#This Row],[Company Name]],"52 week low",TRUE)} -> 61.24 | O10: {=_FV(RTData[[#This Row],[Company Name]],"52 week high",TRUE)} -> 86.57 | P10: {=_FV(RTData[[#This Row],[Company Name]],"Volume")} -> 5442643 | Q10: {=_FV(RTData[[#This Row],[Company Name]],"Volume average",TRUE)} -> 5461602 | R10: {=_FV(RTData[[#This Row],[Company Name]],"Beta")} -> 0.3382 | U10: {=_FV(RTData[[#This Row],[Company Name]],"Exchange abbreviation",TRUE)} -> XNAS | V10: =IFERROR(RTData[[#This Row],[Volume]]/RTData[[#This Row],[Volume average]],1) -> 0.99652867 | X10: =_xlfn.XLOOKUP(RTData[[#This Row],[Ticker_Symbol]],TickerList!$G9:$G103,TickerList!L9:L103) -> 93.25273 | Y10: =_xlfn.XLOOKUP(RTData[[#This Row],[Ticker_Symbol]],TickerList!$G9:$G103,TickerList!M9:M103) -> 45877 | Z10: =_xlfn.XLOOKUP(RTData[[#This Row],[Ticker_Symbol]],TickerList!$G9:$G103,TickerList!N9:N103) -> Nov 6, 2025 | AA10: =_xlfn.XLOOKUP(RTData[[#This Row],[Ticker_Symbol]],TickerList!$G9:$G103,TickerList!O9:O103) -> 0.019 | AC10: 0.003 | AD10: 849.58 | AE10: =_xlfn.LET(_xlpm.New1YT,RTData[[#This Row],[1YT]], _xlpm.Old1YT,IF(ISNUMBER(RTData[[#This Row],[Old1YT]]),RTData[[#This Row],[Old1YT]],VALUE(LEFT(RTData[[#This Row],[Old1YT]],FIND("/",RTData[[#This Row],[Old1YT]],1)-1))), IF(OR(RTData[[#This Row],[1YT]]=0,_xlpm.Old1YT=0),0,(_xlpm.New1YT-_xlpm.Old1YT)/_xlpm.Old1YT)) -> -0.89023667 | AF10: =TEXT(RTData[[#This Row],[1YT]],"#,#0.00")&" < "&RTData[[#This Row],[Old1YT]] -> 93.25 < 849.58
A11: {=_xlfn.SINGLE(RTData[suffix])&_FV(RTData[[#This Row],[Company Name]],"Ticker symbol",TRUE)} -> BLDP | B11: =D99 -> 0.87001914 | C11: #VALUE! | D11: {=_FV(RTData[[#This Row],[Company Name]],"Currency")} -> USD | E11: {=_FV(RTData[[#This Row],[Company Name]],"Last trade time",TRUE)} -> 45966.995 | F11: {=_FV(RTData[[#This Row],[Company Name]],"Previous close",TRUE)} -> 3.37 | G11: {=_FV(RTData[[#This Row],[Company Name]],"Open")} -> 3.37 | H11: {=_FV(RTData[[#This Row],[Company Name]],"Price")} -> 3.65 | I11: {=_FV(RTData[[#This Row],[Company Name]],"Low")} -> 3.37 | J11: {=_FV(RTData[[#This Row],[Company Name]],"High")} -> 3.685 | K11: {=IFERROR(_FV(RTData[[#This Row],[Company Name]],"P/E",TRUE),99)} -> 0 | L11: {=_FV(RTData[[#This Row],[Company Name]],"Change")} -> 0.28 | M11: {=_FV(RTData[[#This Row],[Company Name]],"Change (%)",TRUE)} -> 0.083086 | N11: {=_FV(RTData[[#This Row],[Company Name]],"52 week low",TRUE)} -> 1 | O11: {=_FV(RTData[[#This Row],[Company Name]],"52 week high",TRUE)} -> 4.1 | P11: {=_FV(RTData[[#This Row],[Company Name]],"Volume")} -> 6926072 | Q11: {=_FV(RTData[[#This Row],[Company Name]],"Volume average",TRUE)} -> 8884901 | R11: {=_FV(RTData[[#This Row],[Company Name]],"Beta")} -> 1.7143 | T11: V | U11: {=_FV(RTData[[#This Row],[Company Name]],"Exchange abbreviation",TRUE)} -> XNAS | V11: =IFERROR(RTData[[#This Row],[Volume]]/RTData[[#This Row],[Volume average]],1) -> 0.77953283 | X11: =_xlfn.XLOOKUP(RTData[[#This Row],[Ticker_Symbol]],TickerList!$G10:$G104,TickerList!L10:L104) -> 2.75 | Y11: =_xlfn.XLOOKUP(RTData[[#This Row],[Ticker_Symbol]],TickerList!$G10:$G104,TickerList!M10:M104) -> 0 | Z11: =_xlfn.XLOOKUP(RTData[[#This Row],[Ticker_Symbol]],TickerList!$G10:$G104,TickerList!N10:N104) -> Nov 13, 2025 | AA11: =_xlfn.XLOOKUP(RTData[[#This Row],[Ticker_Symbol]],TickerList!$G10:$G104,TickerList!O10:O104) -> 0 | AB11: 0.0001 | AC11: 0.003 | AD11: 90.46 | AE11: =_xlfn.LET(_xlpm.New1YT,RTData[[#This Row],[1YT]], _xlpm.Old1YT,IF(ISNUMBER(RTData[[#This Row],[Old1YT]]),RTData[[#This Row],[Old1YT]],VALUE(LEFT(RTData[[#This Row],[Old1YT]],FIND("/",RTData[[#This Row],[Old1YT]],1)-1))), IF(OR(RTData[[#This Row],[1YT]]=0,_xlpm.Old1YT=0),0,(_xlpm.New1YT-_xlpm.Old1YT)/_xlpm.Old1YT)) -> -0.96959982 | AF11: =TEXT(RTData[[#This Row],[1YT]],"#,#0.00")&" < "&RTData[[#This Row],[Old1YT]] -> 2.75 < 90.46
A12: {=_xlfn.SINGLE(RTData[suffix])&_FV(RTData[[#This Row],[Company Name]],"Ticker symbol",TRUE)} -> BMRA | B12: =D99 -> 0.87001914 | C12: #VALUE! | D12: {=_FV(RTData[[#This Row],[Company Name]],"Currency")} -> USD | E12: {=_FV(RTData[[#This Row],[Company Name]],"Last trade time",TRUE)} -> 45966.93 | F12: {=_FV(RTData[[#This Row],[Company Name]],"Previous close",TRUE)} -> 2.48 | G12: {=_FV(RTData[[#This Row],[Company Name]],"Open")} -> 2.5 | H12: {=_FV(RTData[[#This Row],[Company Name]],"Price")} -> 2.58 | I12: {=_FV(RTData[[#This Row],[Company Name]],"Low")} -> 2.5 | J12: {=_FV(RTData[[#This Row],[Company Name]],"High")} -> 2.65 | K12: {=IFERROR(_FV(RTData[[#This Row],[Company Name]],"P/E",TRUE),99)} -> 0 | L12: {=_FV(RTData[[#This Row],[Company Name]],"Change")} -> 0.1 | M12: {=_FV(RTData[[#This Row],[Company Name]],"Change (%)",TRUE)} -> 0.040323 | N12: {=_FV(RTData[[#This Row],[Company Name]],"52 week low",TRUE)} -> 2.08 | O12: {=_FV(RTData[[#This Row],[Company Name]],"52 week high",TRUE)} -> 10.16 | P12: {=_FV(RTData[[#This Row],[Company Name]],"Volume")} -> 16669 | Q12: {=_FV(RTData[[#This Row],[Company Name]],"Volume average",TRUE)} -> 204947 | R12: {=_FV(RTData[[#This Row],[Company Name]],"Beta")} -> 0.0622 | T12: V | U12: {=_FV(RTData[[#This Row],[Company Name]],"Exchange abbreviation",TRUE)} -> XNAS | V12: =IFERROR(RTData[[#This Row],[Volume]]/RTData[[#This Row],[Volume average]],1) -> 0.081333223 | X12: =_xlfn.XLOOKUP(RTData[[#This Row],[Ticker_Symbol]],TickerList!$G11:$G105,TickerList!L11:L105) -> 0 | Y12: =_xlfn.XLOOKUP(RTData[[#This Row],[Ticker_Symbol]],TickerList!$G11:$G105,TickerList!M11:M105) -> 0 | Z12: =_xlfn.XLOOKUP(RTData[[#This Row],[Ticker_Symbol]],TickerList!$G11:$G105,TickerList!N11:N105) -> 0 | AA12: =_xlfn.XLOOKUP(RTData[[#This Row],[Ticker_Symbol]],TickerList!$G11:$G105,TickerList!O11:O105) -> 0 | AB12: 0.0001 | AC12: 0.003 | AD12: 2.73 | AE12: =_xlfn.LET(_xlpm.New1YT,RTData[[#This Row],[1YT]], _xlpm.Old1YT,IF(ISNUMBER(RTData[[#This Row],[Old1YT]]),RTData[[#This Row],[Old1YT]],VALUE(LEFT(RTData[[#This Row],[Old1YT]],FIND("/",RTData[[#This Row],[Old1YT]],1)-1))), IF(OR(RTData[[#This Row],[1YT]]=0,_xlpm.Old1YT=0),0,(_xlpm.New1YT-_xlpm.Old1YT)/_xlpm.Old1YT)) -> 0 | AF12: =TEXT(RTData[[#This Row],[1YT]],"#,#0.00")&" < "&RTData[[#This Row],[Old1YT]] -> 0.00 < 2.73
A13: {=_xlfn.SINGLE(RTData[suffix])&_FV(RTData[[#This Row],[Company Name]],"Ticker symbol",TRUE)} -> C | B13: =D99 -> 0.87001914 | C13: #VALUE! | D13: {=_FV(RTData[[#This Row],[Company Name]],"Currency")} -> USD | E13: {=_FV(RTData[[#This Row],[Company Name]],"Last trade time",TRUE)} -> 45966.999 | F13: {=_FV(RTData[[#This Row],[Company Name]],"Previous close",TRUE)} -> 101.01 | G13: {=_FV(RTData[[#This Row],[Company Name]],"Open")} -> 101.25 | H13: {=_FV(RTData[[#This Row],[Company Name]],"Price")} -> 101.72 | I13: {=_FV(RTData[[#This Row],[Company Name]],"Low")} -> 99.012 | J13: {=_FV(RTData[[#This Row],[Company Name]],"High")} -> 102.275 | K13: {=IFERROR(_FV(RTData[[#This Row],[Company Name]],"P/E",TRUE),99)} -> 14.2994 | L13: {=_FV(RTData[[#This Row],[Company Name]],"Change")} -> 0.71 | M13: {=_FV(RTData[[#This Row],[Company Name]],"Change (%)",TRUE)} -> 0.007029 | N13: {=_FV(RTData[[#This Row],[Company Name]],"52 week low",TRUE)} -> 55.51 | O13: {=_FV(RTData[[#This Row],[Company Name]],"52 week high",TRUE)} -> 105.59 | P13: {=_FV(RTData[[#This Row],[Company Name]],"Volume")} -> 9990774 | Q13: {=_FV(RTData[[#This Row],[Company Name]],"Volume average",TRUE)} -> 13407839 | R13: {=_FV(RTData[[#This Row],[Company Name]],"Beta")} -> 1.1959 | T13: V | U13: {=_FV(RTData[[#This Row],[Company Name]],"Exchange abbreviation",TRUE)} -> XNYS | V13: =IFERROR(RTData[[#This Row],[Volume]]/RTData[[#This Row],[Volume average]],1) -> 0.74514424 | X13: =_xlfn.XLOOKUP(RTData[[#This Row],[Ticker_Symbol]],TickerList!$G12:$G106,TickerList!L12:L106) -> 113.7619 | Y13: =_xlfn.XLOOKUP(RTData[[#This Row],[Ticker_Symbol]],TickerList!$G12:$G106,TickerList!M12:M106) -> 45964 | Z13: =_xlfn.XLOOKUP(RTData[[#This Row],[Ticker_Symbol]],TickerList!$G12:$G106,TickerList!N12:N106) -> Jan 14, 2026 | AA13: =_xlfn.XLOOKUP(RTData[[#This Row],[Ticker_Symbol]],TickerList!$G12:$G106,TickerList!O12:O106) -> 0.023699999 | AB13: 0.0001 | AC13: 0.003 | AD13: 13.26 | AE13: =_xlfn.LET(_xlpm.New1YT,RTData[[#This Row],[1YT]], _xlpm.Old1YT,IF(ISNUMBER(RTData[[#This Row],[Old1YT]]),RTData[[#This Row],[Old1YT]],VALUE(LEFT(RTData[[#This Row],[Old1YT]],FIND("/",RTData[[#This Row],[Old1YT]],1)-1))), IF(OR(RTData[[#This Row],[1YT]]=0,_xlpm.Old1YT=0),0,(_xlpm.New1YT-_xlpm.Old1YT)/_xlpm.Old1YT)) -> 7.5793288 | AF13: =TEXT(RTData[[#This Row],[1YT]],"#,#0.00")&" < "&RTData[[#This Row],[Old1YT]] -> 113.76 < 13.26
A14: {=_xlfn.SINGLE(RTData[suffix])&_FV(RTData[[#This Row],[Company Name]],"Ticker symbol",TRUE)} -> CSCO | B14: =D99 -> 0.87001914 | C14: #VALUE! | D14: {=_FV(RTData[[#This Row],[Company Name]],"Currency")} -> USD | E14: {=_FV(RTData[[#This Row],[Company Name]],"Last trade time",TRUE)} -> 45966.997 | F14: {=_FV(RTData[[#This Row],[Company Name]],"Previous close",TRUE)} -> 72.32 | G14: {=_FV(RTData[[#This Row],[Company Name]],"Open")} -> 72.22 | H14: {=_FV(RTData[[#This Row],[Company Name]],"Price")} -> 72.1 | I14: {=_FV(RTData[[#This Row],[Company Name]],"Low")} -> 71.34 | J14: {=_FV(RTData[[#This Row],[Company Name]],"High")} -> 72.58 | K14: {=IFERROR(_FV(RTData[[#This Row],[Company Name]],"P/E",TRUE),99)} -> 30.4798 | L14: {=_FV(RTData[[#This Row],[Company Name]],"Change")} -> -0.22 | M14: {=_FV(RTData[[#This Row],[Company Name]],"Change (%)",TRUE)} -> -0.003042 | N14: {=_FV(RTData[[#This Row],[Company Name]],"52 week low",TRUE)} -> 52.11 | O14: {=_FV(RTData[[#This Row],[Company Name]],"52 week high",TRUE)} -> 74.838 | P14: {=_FV(RTData[[#This Row],[Company Name]],"Volume")} -> 16110965 | Q14: {=_FV(RTData[[#This Row],[Company Name]],"Volume average",TRUE)} -> 17757580 | R14: {=_FV(RTData[[#This Row],[Company Name]],"Beta")} -> 0.869 | T14: V | U14: {=_FV(RTData[[#This Row],[Company Name]],"Exchange abbreviation",TRUE)} -> XNAS | V14: =IFERROR(RTData[[#This Row],[Volume]]/RTData[[#This Row],[Volume average]],1) -> 0.90727256 | X14: =_xlfn.XLOOKUP(RTData[[#This Row],[Ticker_Symbol]],TickerList!$G13:$G107,TickerList!L13:L107) -> 76.29095 | Y14: =_xlfn.XLOOKUP(RTData[[#This Row],[Ticker_Symbol]],TickerList!$G13:$G107,TickerList!M13:M107) -> 45933 | Z14: =_xlfn.XLOOKUP(RTData[[#This Row],[Ticker_Symbol]],TickerList!$G13:$G107,TickerList!N13:N107) -> Nov 12, 2025 | AA14: =_xlfn.XLOOKUP(RTData[[#This Row],[Ticker_Symbol]],TickerList!$G13:$G107,TickerList!O13:O107) -> 0.0224 | AB14: 0.0001 | AC14: 0.003 | AD14: 87.38/72.32 | AE14: =_xlfn.LET(_xlpm.New1YT,RTData[[#This Row],[1YT]], _xlpm.Old1YT,IF(ISNUMBER(RTData[[#This Row],[Old1YT]]),RTData[[#This Row],[Old1YT]],VALUE(LEFT(RTData[[#This Row],[Old1YT]],FIND("/",RTData[[#This Row],[Old1YT]],1)-1))), IF(OR(RTData[[#This Row],[1YT]]=0,_xlpm.Old1YT=0),0,(_xlpm.New1YT-_xlpm.Old1YT)/_xlpm.Old1YT)) -> -0.12690604 | AF14: =TEXT(RTData[[#This Row],[1YT]],"#,#0.00")&" < "&RTData[[#This Row],[Old1YT]] -> 76.29 < 87.38/72.32
A15: {=_xlfn.SINGLE(RTData[suffix])&_FV(RTData[[#This Row],[Company Name]],"Ticker symbol",TRUE)} -> CVS | B15: =D99 -> 0.87001914 | C15: #VALUE! | D15: {=_FV(RTData[[#This Row],[Company Name]],"Currency")} -> USD | E15: {=_FV(RTData[[#This Row],[Company Name]],"Last trade time",TRUE)} -> 45966.996 | F15: {=_FV(RTData[[#This Row],[Company Name]],"Previous close",TRUE)} -> 78.08 | G15: {=_FV(RTData[[#This Row],[Company Name]],"Open")} -> 77.99 | H15: {=_FV(RTData[[#This Row],[Company Name]],"Price")} -> 78.56 | I15: {=_FV(RTData[[#This Row],[Company Name]],"Low")} -> 77.89 | J15: {=_FV(RTData[[#This Row],[Company Name]],"High")} -> 79.26 | K15: {=IFERROR(_FV(RTData[[#This Row],[Company Name]],"P/E",TRUE),99)} -> 205.8161 | L15: {=_FV(RTData[[#This Row],[Company Name]],"Change")} -> 0.48 | M15: {=_FV(RTData[[#This Row],[Company Name]],"Change (%)",TRUE)} -> 0.006148 | N15: {=_FV(RTData[[#This Row],[Company Name]],"52 week low",TRUE)} -> 43.56 | O15: {=_FV(RTData[[#This Row],[Company Name]],"52 week high",TRUE)} -> 85.15 | P15: {=_FV(RTData[[#This Row],[Company Name]],"Volume")} -> 6078942 | Q15: {=_FV(RTData[[#This Row],[Company Name]],"Volume average",TRUE)} -> 8003629 | R15: {=_FV(RTData[[#This Row],[Company Name]],"Beta")} -> 0.4818 | T15: V | U15: {=_FV(RTData[[#This Row],[Company Name]],"Exchange abbreviation",TRUE)} -> XNYS | V15: =IFERROR(RTData[[#This Row],[Volume]]/RTData[[#This Row],[Volume average]],1) -> 0.75952321 | X15: =_xlfn.XLOOKUP(RTData[[#This Row],[Ticker_Symbol]],TickerList!$G14:$G108,TickerList!L14:L108) -> 90.48 | Y15: =_xlfn.XLOOKUP(RTData[[#This Row],[Ticker_Symbol]],TickerList!$G14:$G108,TickerList!M14:M108) -> 45953 | Z15: =_xlfn.XLOOKUP(RTData[[#This Row],[Ticker_Symbol]],TickerList!$G14:$G108,TickerList!N14:N108) -> Oct 29, 2025 | AA15: =_xlfn.XLOOKUP(RTData[[#This Row],[Ticker_Symbol]],TickerList!$G14:$G108,TickerList!O14:O108) -> 0.034 | AB15: 0.0001 | AC15: 0.003 | AD15: 75.81476/55.04 | AE15: =_xlfn.LET(_xlpm.New1YT,RTData[[#This Row],[1YT]], _xlpm.Old1YT,IF(ISNUMBER(RTData[[#This Row],[Old1YT]]),RTData[[#This Row],[Old1YT]],VALUE(LEFT(RTData[[#This Row],[Old1YT]],FIND("/",RTData[[#This Row],[Old1YT]],1)-1))), IF(OR(RTData[[#This Row],[1YT]]=0,_xlpm.Old1YT=0),0,(_xlpm.New1YT-_xlpm.Old1YT)/_xlpm.Old1YT)) -> 0.19343516 | AF15: =TEXT(RTData[[#This Row],[1YT]],"#,#0.00")&" < "&RTData[[#This Row],[Old1YT]] -> 90.48 < 75.81476/55.04
A16: {=_xlfn.SINGLE(RTData[suffix])&_FV(RTData[[#This Row],[Company Name]],"Ticker symbol",TRUE)} -> DDD | B16: =D99 -> 0.87001914 | C16: #VALUE! | D16: {=_FV(RTData[[#This Row],[Company Name]],"Currency")} -> USD | E16: {=_FV(RTData[[#This Row],[Company Name]],"Last trade time",TRUE)} -> 45966.987 | F16: {=_FV(RTData[[#This Row],[Company Name]],"Previous close",TRUE)} -> 2.62 | G16: {=_FV(RTData[[#This Row],[Company Name]],"Open")} -> 2.5 | H16: {=_FV(RTData[[#This Row],[Company Name]],"Price")} -> 2.6 | I16: {=_FV(RTData[[#This Row],[Company Name]],"Low")} -> 2.4 | J16: {=_FV(RTData[[#This Row],[Company Name]],"High")} -> 2.695 | K16: {=IFERROR(_FV(RTData[[#This Row],[Company Name]],"P/E",TRUE),99)} -> 99 | L16: {=_FV(RTData[[#This Row],[Company Name]],"Change")} -> -0.02 | M16: {=_FV(RTData[[#This Row],[Company Name]],"Change (%)",TRUE)} -> -0.007634 | N16: {=_FV(RTData[[#This Row],[Company Name]],"52 week low",TRUE)} -> 1.32 | O16: {=_FV(RTData[[#This Row],[Company Name]],"52 week high",TRUE)} -> 4.9991 | P16: {=_FV(RTData[[#This Row],[Company Name]],"Volume")} -> 5452199 | Q16: {=_FV(RTData[[#This Row],[Company Name]],"Volume average",TRUE)} -> 4450047 | R16: {=_FV(RTData[[#This Row],[Company Name]],"Beta")} -> 1.8776 | T16: V | U16: {=_FV(RTData[[#This Row],[Company Name]],"Exchange abbreviation",TRUE)} -> XNYS | V16: =IFERROR(RTData[[#This Row],[Volume]]/RTData[[#This Row],[Volume average]],1) -> 1.2252003 | X16: =_xlfn.XLOOKUP(RTData[[#This Row],[Ticker_Symbol]],TickerList!$G15:$G109,TickerList!L15:L109) -> 3.25 | Y16: =_xlfn.XLOOKUP(RTData[[#This Row],[Ticker_Symbol]],TickerList!$G15:$G109,TickerList!M15:M109) -> 0 | Z16: =_xlfn.XLOOKUP(RTData[[#This Row],[Ticker_Symbol]],TickerList!$G15:$G109,TickerList!N15:N109) -> Nov 4, 2025 | AA16: =_xlfn.XLOOKUP(RTData[[#This Row],[Ticker_Symbol]],TickerList!$G15:$G109,TickerList!O15:O109) -> 0 | AB16: 0.0001 | AC16: 0.003 | AD16: 72.3 | AE16: =_xlfn.LET(_xlpm.New1YT,RTData[[#This Row],[1YT]], _xlpm.Old1YT,IF(ISNUMBER(RTData[[#This Row],[Old1YT]]),RTData[[#This Row],[Old1YT]],VALUE(LEFT(RTData[[#This Row],[Old1YT]],FIND("/",RTData[[#This Row],[Old1YT]],1)-1))), IF(OR(RTData[[#This Row],[1YT]]=0,_xlpm.Old1YT=0),0,(_xlpm.New1YT-_xlpm.Old1YT)/_xlpm.Old1YT)) -> -0.95504841 | AF16: =TEXT(RTData[[#This Row],[1YT]],"#,#0.00")&" < "&RTData[[#This Row],[Old1YT]] -> 3.25 < 72.3
A17: {=_xlfn.SINGLE(RTData[suffix])&_FV(RTData[[#This Row],[Company Name]],"Ticker symbol",TRUE)} -> DIS | B17: =D99 -> 0.87001914 | C17: #VALUE! | D17: {=_FV(RTData[[#This Row],[Company Name]],"Currency")} -> USD | E17: {=_FV(RTData[[#This Row],[Company Name]],"Last trade time",TRUE)} -> 45966.997 | F17: {=_FV(RTData[[#This Row],[Company Name]],"Previous close",TRUE)} -> 111.47 | G17: {=_FV(RTData[[#This Row],[Company Name]],"Open")} -> 111.35 | H17: {=_FV(RTData[[#This Row],[Company Name]],"Price")} -> 111.34 | I17: {=_FV(RTData[[#This Row],[Company Name]],"Low")} -> 110.6 | J17: {=_FV(RTData[[#This Row],[Company Name]],"High")} -> 111.97 | K17: {=IFERROR(_FV(RTData[[#This Row],[Company Name]],"P/E",TRUE),99)} -> 17.4558 | L17: {=_FV(RTData[[#This Row],[Company Name]],"Change")} -> -0.13 | M17: {=_FV(RTData[[#This Row],[Company Name]],"Change (%)",TRUE)} -> -0.001166 | N17: {=_FV(RTData[[#This Row],[Company Name]],"52 week low",TRUE)} -> 80.1 | O17: {=_FV(RTData[[#This Row],[Company Name]],"52 week high",TRUE)} -> 124.69 | P17: {=_FV(RTData[[#This Row],[Company Name]],"Volume")} -> 5745085 | Q17: {=_FV(RTData[[#This Row],[Company Name]],"Volume average",TRUE)} -> 7629637 | R17: {=_FV(RTData[[#This Row],[Company Name]],"Beta")} -> 1.4864 | T17: V | U17: {=_FV(RTData[[#This Row],[Company Name]],"Exchange abbreviation",TRUE)} -> XNYS | V17: =IFERROR(RTData[[#This Row],[Volume]]/RTData[[#This Row],[Volume average]],1) -> 0.75299585 | X17: =_xlfn.XLOOKUP(RTData[[#This Row],[Ticker_Symbol]],TickerList!$G16:$G110,TickerList!L16:L110) -> 134.0724 | Y17: =_xlfn.XLOOKUP(RTData[[#This Row],[Ticker_Symbol]],TickerList!$G16:$G110,TickerList!M16:M110) -> 45832 | Z17: =_xlfn.XLOOKUP(RTData[[#This Row],[Ticker_Symbol]],TickerList!$G16:$G110,TickerList!N16:N110) -> Nov 13, 2025 | AA17: =_xlfn.XLOOKUP(RTData[[#This Row],[Ticker_Symbol]],TickerList!$G16:$G110,TickerList!O16:O110) -> 0.0089 | AB17: 0.0001 | AC17: 0.003 | AD17: 3.94 | AE17: =_xlfn.LET(_xlpm.New1YT,RTData[[#This Row],[1YT]], _xlpm.Old1YT,IF(ISNUMBER(RTData[[#This Row],[Old1YT]]),RTData[[#This Row],[Old1YT]],VALUE(LEFT(RTData[[#This Row],[Old1YT]],FIND("/",RTData[[#This Row],[Old1YT]],1)-1))), IF(OR(RTData[[#This Row],[1YT]]=0,_xlpm.Old1YT=0),0,(_xlpm.New1YT-_xlpm.Old1YT)/_xlpm.Old1YT)) -> 33.028528 | AF17: =TEXT(RTData[[#This Row],[1YT]],"#,#0.00")&" < "&RTData[[#This Row],[Old1YT]] -> 134.07 < 3.94
A18: {=_xlfn.SINGLE(RTData[suffix])&_FV(RTData[[#This Row],[Company Name]],"Ticker symbol",TRUE)} -> DSY | B18: =D99 -> 0.87001914 | C18: #VALUE! | D18: {=_FV(RTData[[#This Row],[Company Name]],"Currency")} -> EUR | E18: {=_FV(RTData[[#This Row],[Company Name]],"Last trade time",TRUE)} -> 45966.708 | F18: {=_FV(RTData[[#This Row],[Company Name]],"Previous close",TRUE)} -> 24.04 | G18: {=_FV(RTData[[#This Row],[Company Name]],"Open")} -> 23.86 | H18: {=_FV(RTData[[#This Row],[Company Name]],"Price")} -> 23.98 | I18: {=_FV(RTData[[#This Row],[Company Name]],"Low")} -> 23.75 | J18: {=_FV(RTData[[#This Row],[Company Name]],"High")} -> 24.12 | K18: {=IFERROR(_FV(RTData[[#This Row],[Company Name]],"P/E",TRUE),99)} -> 26.7933 | L18: {=_FV(RTData[[#This Row],[Company Name]],"Change")} -> -0.06 | M18: {=_FV(RTData[[#This Row],[Company Name]],"Change (%)",TRUE)} -> -0.002496 | N18: {=_FV(RTData[[#This Row],[Company Name]],"52 week low",TRUE)} -> 23.75 | O18: {=_FV(RTData[[#This Row],[Company Name]],"52 week high",TRUE)} -> 41.17 | P18: {=_FV(RTData[[#This Row],[Company Name]],"Volume")} -> 1361709 | Q18: {=_FV(RTData[[#This Row],[Company Name]],"Volume average",TRUE)} -> 2619000 | R18: {=_FV(RTData[[#This Row],[Company Name]],"Beta")} -> 0.7891 | T18: V | U18: {=_FV(RTData[[#This Row],[Company Name]],"Exchange abbreviation",TRUE)} -> XPAR | V18: =IFERROR(RTData[[#This Row],[Volume]]/RTData[[#This Row],[Volume average]],1) -> 0.51993471 | X18: =_xlfn.XLOOKUP(RTData[[#This Row],[Ticker_Symbol]],TickerList!$G17:$G111,TickerList!L17:L111) -> 31.87778 | Y18: =_xlfn.XLOOKUP(RTData[[#This Row],[Ticker_Symbol]],TickerList!$G17:$G111,TickerList!M17:M111) -> 45803 | Z18: =_xlfn.XLOOKUP(RTData[[#This Row],[Ticker_Symbol]],TickerList!$G17:$G111,TickerList!N17:N111) -> 0 | AA18: =_xlfn.XLOOKUP(RTData[[#This Row],[Ticker_Symbol]],TickerList!$G17:$G111,TickerList!O17:O111) -> 0.0106 | AB18: 0.0001 | AC18: 0.003 | AD18: 111.22 | AE18: =_xlfn.LET(_xlpm.New1YT,RTData[[#This Row],[1YT]], _xlpm.Old1YT,IF(ISNUMBER(RTData[[#This Row],[Old1YT]]),RTData[[#This Row],[Old1YT]],VALUE(LEFT(RTData[[#This Row],[Old1YT]],FIND("/",RTData[[#This Row],[Old1YT]],1)-1))), IF(OR(RTData[[#This Row],[1YT]]=0,_xlpm.Old1YT=0),0,(_xlpm.New1YT-_xlpm.Old1YT)/_xlpm.Old1YT)) -> -0.71338087 | AF18: =TEXT(RTData[[#This Row],[1YT]],"#,#0.00")&" < "&RTData[[#This Row],[Old1YT]] -> 31.88 < 111.22
A19: {=_xlfn.SINGLE(RTData[suffix])&_FV(RTData[[#This Row],[Company Name]],"Ticker symbol",TRUE)} -> DVA | B19: 1 | C19: #VALUE! | D19: {=_FV(RTData[[#This Row],[Company Name]],"Currency")} -> USD | E19: {=_FV(RTData[[#This Row],[Company Name]],"Last trade time",TRUE)} -> 45966.979 | F19: {=_FV(RTData[[#This Row],[Company Name]],"Previous close",TRUE)} -> 119.97 | G19: {=_FV(RTData[[#This Row],[Company Name]],"Open")} -> 119.69 | H19: {=_FV(RTData[[#This Row],[Company Name]],"Price")} -> 121.16 | I19: {=_FV(RTData[[#This Row],[Company Name]],"Low")} -> 119.245 | J19: {=_FV(RTData[[#This Row],[Company Name]],"High")} -> 121.87 | K19: {=IFERROR(_FV(RTData[[#This Row],[Company Name]],"P/E",TRUE),99)} -> 12.4745 | L19: {=_FV(RTData[[#This Row],[Company Name]],"Change")} -> 1.19 | M19: {=_FV(RTData[[#This Row],[Company Name]],"Change (%)",TRUE)} -> 0.009919 | N19: {=_FV(RTData[[#This Row],[Company Name]],"52 week low",TRUE)} -> 115.39 | O19: {=_FV(RTData[[#This Row],[Company Name]],"52 week high",TRUE)} -> 179.6 | P19: {=_FV(RTData[[#This Row],[Company Name]],"Volume")} -> 936632 | Q19: {=_FV(RTData[[#This Row],[Company Name]],"Volume average",TRUE)} -> 818913 | R19: {=_FV(RTData[[#This Row],[Company Name]],"Beta")} -> 0.9898 | T19: V | U19: {=_FV(RTData[[#This Row],[Company Name]],"Exchange abbreviation",TRUE)} -> XNYS | V19: =IFERROR(RTData[[#This Row],[Volume]]/RTData[[#This Row],[Volume average]],1) -> 1.1437503 | X19: =_xlfn.XLOOKUP(RTData[[#This Row],[Ticker_Symbol]],TickerList!$G18:$G112,TickerList!L18:L112) -> 147.125 | Y19: =_xlfn.XLOOKUP(RTData[[#This Row],[Ticker_Symbol]],TickerList!$G18:$G112,TickerList!M18:M112) -> 0 | Z19: =_xlfn.XLOOKUP(RTData[[#This Row],[Ticker_Symbol]],TickerList!$G18:$G112,TickerList!N18:N112) -> Oct 29, 2025 | AA19: =_xlfn.XLOOKUP(RTData[[#This Row],[Ticker_Symbol]],TickerList!$G18:$G112,TickerList!O18:O112) -> 0 | AC19: 0.003 | AD19: 37.97/38.13/38.23 | AE19: =_xlfn.LET(_xlpm.New1YT,RTData[[#This Row],[1YT]], _xlpm.Old1YT,IF(ISNUMBER(RTData[[#This Row],[Old1YT]]),RTData[[#This Row],[Old1YT]],VALUE(LEFT(RTData[[#This Row],[Old1YT]],FIND("/",RTData[[#This Row],[Old1YT]],1)-1))), IF(OR(RTData[[#This Row],[1YT]]=0,_xlpm.Old1YT=0),0,(_xlpm.New1YT-_xlpm.Old1YT)/_xlpm.Old1YT)) -> 2.8747696 | AF19: =TEXT(RTData[[#This Row],[1YT]],"#,#0.00")&" < "&RTData[[#This Row],[Old1YT]] -> 147.13 < 37.97/38.13/38.23
A20: {=_xlfn.SINGLE(RTData[suffix])&_FV(RTData[[#This Row],[Company Name]],"Ticker symbol",TRUE)} -> DXC | B20: =D99 -> 0.87001914 | C20: #VALUE! | D20: {=_FV(RTData[[#This Row],[Company Name]],"Currency")} -> USD | E20: {=_FV(RTData[[#This Row],[Company Name]],"Last trade time",TRUE)} -> 45966.979 | F20: {=_FV(RTData[[#This Row],[Company Name]],"Previous close",TRUE)} -> 13.54 | G20: {=_FV(RTData[[#This Row],[Company Name]],"Open")} -> 13.59 | H20: {=_FV(RTData[[#This Row],[Company Name]],"Price")} -> 13.81 | I20: {=_FV(RTData[[#This Row],[Company Name]],"Low")} -> 13.59 | J20: {=_FV(RTData[[#This Row],[Company Name]],"High")} -> 14.135 | K20: {=IFERROR(_FV(RTData[[#This Row],[Company Name]],"P/E",TRUE),99)} -> 6.7432 | L20: {=_FV(RTData[[#This Row],[Company Name]],"Change")} -> 0.27 | M20: {=_FV(RTData[[#This Row],[Company Name]],"Change (%)",TRUE)} -> 0.019941 | N20: {=_FV(RTData[[#This Row],[Company Name]],"52 week low",TRUE)} -> 12.24 | O20: {=_FV(RTData[[#This Row],[Company Name]],"52 week high",TRUE)} -> 24.83 | P20: {=_FV(RTData[[#This Row],[Company Name]],"Volume")} -> 2522383 | Q20: {=_FV(RTData[[#This Row],[Company Name]],"Volume average",TRUE)} -> 1948566 | R20: {=_FV(RTData[[#This Row],[Company Name]],"Beta")} -> 1.0907 | T20: V | U20: {=_FV(RTData[[#This Row],[Company Name]],"Exchange abbreviation",TRUE)} -> XNYS | V20: =IFERROR(RTData[[#This Row],[Volume]]/RTData[[#This Row],[Volume average]],1) -> 1.2944817 | X20: =_xlfn.XLOOKUP(RTData[[#This Row],[Ticker_Symbol]],TickerList!$G19:$G113,TickerList!L19:L113) -> 14.5 | Y20: =_xlfn.XLOOKUP(RTData[[#This Row],[Ticker_Symbol]],TickerList!$G19:$G113,TickerList!M19:M113) -> 43914 | Z20: =_xlfn.XLOOKUP(RTData[[#This Row],[Ticker_Symbol]],TickerList!$G19:$G113,TickerList!N19:N113) -> Oct 30, 2025 | AA20: =_xlfn.XLOOKUP(RTData[[#This Row],[Ticker_Symbol]],TickerList!$G19:$G113,TickerList!O19:O113) -> 0 | AB20: 0.0001 | AC20: 0.003 | AD20: 157.9 | AE20: =_xlfn.LET(_xlpm.New1YT,RTData[[#This Row],[1YT]], _xlpm.Old1YT,IF(ISNUMBER(RTData[[#This Row],[Old1YT]]),RTData[[#This Row],[Old1YT]],VALUE(LEFT(RTData[[#This Row],[Old1YT]],FIND("/",RTData[[#This Row],[Old1YT]],1)-1))), IF(OR(RTData[[#This Row],[1YT]]=0,_xlpm.Old1YT=0),0,(_xlpm.New1YT-_xlpm.Old1YT)/_xlpm.Old1YT)) -> -0.90816973 | AF20: =TEXT(RTData[[#This Row],[1YT]],"#,#0.00")&" < "&RTData[[#This Row],[Old1YT]] -> 14.50 < 157.9
A21: {=_xlfn.SINGLE(RTData[suffix])&_FV(RTData[[#This Row],[Company Name]],"Ticker symbol",TRUE)} -> EOAN | B21: =D99 -> 0.87001914 | C21: #VALUE! | D21: {=_FV(RTData[[#This Row],[Company Name]],"Currency")} -> EUR | E21: {=_FV(RTData[[#This Row],[Company Name]],"Last trade time",TRUE)} -> 45966.878 | F21: {=_FV(RTData[[#This Row],[Company Name]],"Previous close",TRUE)} -> 15.75 | G21: {=_FV(RTData[[#This Row],[Company Name]],"Open")} -> 15.825 | H21: {=_FV(RTData[[#This Row],[Company Name]],"Price")} -> 16.05 | I21: {=_FV(RTData[[#This Row],[Company Name]],"Low")} -> 15.825 | J21: {=_FV(RTData[[#This Row],[Company Name]],"High")} -> 16.05 | K21: {=IFERROR(_FV(RTData[[#This Row],[Company Name]],"P/E",TRUE),99)} -> 13.2645 | L21: {=_FV(RTData[[#This Row],[Company Name]],"Change")} -> 0.3 | M21: {=_FV(RTData[[#This Row],[Company Name]],"Change (%)",TRUE)} -> 0.019048 | N21: {=_FV(RTData[[#This Row],[Company Name]],"52 week low",TRUE)} -> 7.3 | O21: {=_FV(RTData[[#This Row],[Company Name]],"52 week high",TRUE)} -> 16.515 | P21: {=_FV(RTData[[#This Row],[Company Name]],"Volume")} -> 4253 | Q21: {=_FV(RTData[[#This Row],[Company Name]],"Volume average",TRUE)} -> 2907640 | R21: {=_FV(RTData[[#This Row],[Company Name]],"Beta")} -> 0.8536 | T21: V | U21: {=_FV(RTData[[#This Row],[Company Name]],"Exchange abbreviation",TRUE)} -> XFRA | V21: =IFERROR(RTData[[#This Row],[Volume]]/RTData[[#This Row],[Volume average]],1) -> 0.0014626983 | X21: =_xlfn.XLOOKUP(RTData[[#This Row],[Ticker_Symbol]],TickerList!$G20:$G114,TickerList!L20:L114) -> 16.91959 | Y21: =_xlfn.XLOOKUP(RTData[[#This Row],[Ticker_Symbol]],TickerList!$G20:$G114,TickerList!M20:M114) -> 45793 | Z21: =_xlfn.XLOOKUP(RTData[[#This Row],[Ticker_Symbol]],TickerList!$G20:$G114,TickerList!N20:N114) -> 0 | AA21: =_xlfn.XLOOKUP(RTData[[#This Row],[Ticker_Symbol]],TickerList!$G20:$G114,TickerList!O20:O114) -> 0.0341 | AB21: 0.0001 | AC21: 0.003 | AD21: 19.77 | AE21: =_xlfn.LET(_xlpm.New1YT,RTData[[#This Row],[1YT]], _xlpm.Old1YT,IF(ISNUMBER(RTData[[#This Row],[Old1YT]]),RTData[[#This Row],[Old1YT]],VALUE(LEFT(RTData[[#This Row],[Old1YT]],FIND("/",RTData[[#This Row],[Old1YT]],1)-1))), IF(OR(RTData[[#This Row],[1YT]]=0,_xlpm.Old1YT=0),0,(_xlpm.New1YT-_xlpm.Old1YT)/_xlpm.Old1YT)) -> -0.14417855 | AF21: =TEXT(RTData[[#This Row],[1YT]],"#,#0.00")&" < "&RTData[[#This Row],[Old1YT]] -> 16.92 < 19.77
A22: {=_xlfn.SINGLE(RTData[suffix])&_FV(RTData[[#This Row],[Company Name]],"Ticker symbol",TRUE)} -> EPIX | B22: 1 | C22: #VALUE! | D22: {=_FV(RTData[[#This Row],[Company Name]],"Currency")} -> USD | E22: {=_FV(RTData[[#This Row],[Company Name]],"Last trade time",TRUE)} -> 45938.992 | F22: {=_FV(RTData[[#This Row],[Company Name]],"Previous close",TRUE)} -> 0.205 | G22: {=_FV(RTData[[#This Row],[Company Name]],"Open")} -> 0.2 | H22: {=_FV(RTData[[#This Row],[Company Name]],"Price")} -> 0.2012 | I22: {=_FV(RTData[[#This Row],[Company Name]],"Low")} -> 0.1899 | J22: {=_FV(RTData[[#This Row],[Company Name]],"High")} -> 0.207 | K22: {=IFERROR(_FV(RTData[[#This Row],[Company Name]],"P/E",TRUE),99)} -> 0 | L22: {=_FV(RTData[[#This Row],[Company Name]],"Change")} -> 0 | M22: {=_FV(RTData[[#This Row],[Company Name]],"Change (%)",TRUE)} -> 0 | N22: {=_FV(RTData[[#This Row],[Company Name]],"52 week low",TRUE)} -> 0.1733 | O22: {=_FV(RTData[[#This Row],[Company Name]],"52 week high",TRUE)} -> 0.825 | P22: {=_FV(RTData[[#This Row],[Company Name]],"Volume")} -> 5945141 | Q22: {=_FV(RTData[[#This Row],[Company Name]],"Volume average",TRUE)} -> 3209641 | R22: {=_FV(RTData[[#This Row],[Company Name]],"Beta")} -> 1.5514 | T22: V | U22: {=_FV(RTData[[#This Row],[Company Name]],"Exchange abbreviation",TRUE)} -> XNAS | V22: =IFERROR(RTData[[#This Row],[Volume]]/RTData[[#This Row],[Volume average]],1) -> 1.852276 | X22: =_xlfn.XLOOKUP(RTData[[#This Row],[Ticker_Symbol]],TickerList!$G21:$G115,TickerList!L21:L115) -> 0 | Y22: =_xlfn.XLOOKUP(RTData[[#This Row],[Ticker_Symbol]],TickerList!$G21:$G115,TickerList!M21:M115) -> 45894 | Z22: =_xlfn.XLOOKUP(RTData[[#This Row],[Ticker_Symbol]],TickerList!$G21:$G115,TickerList!N21:N115) -> 0 | AA22: =_xlfn.XLOOKUP(RTData[[#This Row],[Ticker_Symbol]],TickerList!$G21:$G115,TickerList!O21:O115) -> 0 | AC22: 0.003 | AD22: 16.71/16.47/14.8 | AE22: =_xlfn.LET(_xlpm.New1YT,RTData[[#This Row],[1YT]], _xlpm.Old1YT,IF(ISNUMBER(RTData[[#This Row],[Old1YT]]),RTData[[#This Row],[Old1YT]],VALUE(LEFT(RTData[[#This Row],[Old1YT]],FIND("/",RTData[[#This Row],[Old1YT]],1)-1))), IF(OR(RTData[[#This Row],[1YT]]=0,_xlpm.Old1YT=0),0,(_xlpm.New1YT-_xlpm.Old1YT)/_xlpm.Old1YT)) -> 0 | AF22: =TEXT(RTData[[#This Row],[1YT]],"#,#0.00")&" < "&RTData[[#This Row],[Old1YT]] -> 0.00 < 16.71/16.47/14.8
A23: {=_xlfn.SINGLE(RTData[suffix])&_FV(RTData[[#This Row],[Company Name]],"Ticker symbol",TRUE)} -> GM | B23: =D99 -> 0.87001914 | C23: #VALUE! | D23: {=_FV(RTData[[#This Row],[Company Name]],"Currency")} -> USD | E23: {=_FV(RTData[[#This Row],[Company Name]],"Last trade time",TRUE)} -> 45966.998 | F23: {=_FV(RTData[[#This Row],[Company Name]],"Previous close",TRUE)} -> 66.87 | G23: {=_FV(RTData[[#This Row],[Company Name]],"Open")} -> 67.04 | H23: {=_FV(RTData[[#This Row],[Company Name]],"Price")} -> 68.78 | I23: {=_FV(RTData[[#This Row],[Company Name]],"Low")} -> 67.04 | J23: {=_FV(RTData[[#This Row],[Company Name]],"High")} -> 69.26 | K23: {=IFERROR(_FV(RTData[[#This Row],[Company Name]],"P/E",TRUE),99)} -> 13.229 | L23: {=_FV(RTData[[#This Row],[Company Name]],"Change")} -> 1.91 | M23: {=_FV(RTData[[#This Row],[Company Name]],"Change (%)",TRUE)} -> 0.028563 | N23: {=_FV(RTData[[#This Row],[Company Name]],"52 week low",TRUE)} -> 41.6 | O23: {=_FV(RTData[[#This Row],[Company Name]],"52 week high",TRUE)} -> 70.24 | P23: {=_FV(RTData[[#This Row],[Company Name]],"Volume")} -> 7806815 | Q23: {=_FV(RTData[[#This Row],[Company Name]],"Volume average",TRUE)} -> 10651288 | R23: {=_FV(RTData[[#This Row],[Company Name]],"Beta")} -> 1.314 | T23: V | U23: {=_FV(RTData[[#This Row],[Company Name]],"Exchange abbreviation",TRUE)} -> XNYS | V23: =IFERROR(RTData[[#This Row],[Volume]]/RTData[[#This Row],[Volume average]],1) -> 0.73294563 | X23: =_xlfn.XLOOKUP(RTData[[#This Row],[Ticker_Symbol]],TickerList!$G22:$G116,TickerList!L22:L116) -> 73.15385 | Y23: =_xlfn.XLOOKUP(RTData[[#This Row],[Ticker_Symbol]],TickerList!$G22:$G116,TickerList!M22:M116) -> 45996 | Z23: =_xlfn.XLOOKUP(RTData[[#This Row],[Ticker_Symbol]],TickerList!$G22:$G116,TickerList!N22:N116) -> Oct 21, 2025 | AA23: =_xlfn.XLOOKUP(RTData[[#This Row],[Ticker_Symbol]],TickerList!$G22:$G116,TickerList!O22:O116) -> 0.0087 | AB23: 0.0001 | AC23: 0.003 | AD23: 9.32 | AE23: =_xlfn.LET(_xlpm.New1YT,RTData[[#This Row],[1YT]], _xlpm.Old1YT,IF(ISNUMBER(RTData[[#This Row],[Old1YT]]),RTData[[#This Row],[Old1YT]],VALUE(LEFT(RTData[[#This Row],[Old1YT]],FIND("/",RTData[[#This Row],[Old1YT]],1)-1))), IF(OR(RTData[[#This Row],[1YT]]=0,_xlpm.Old1YT=0),0,(_xlpm.New1YT-_xlpm.Old1YT)/_xlpm.Old1YT)) -> 6.8491255 | AF23: =TEXT(RTData[[#This Row],[1YT]],"#,#0.00")&" < "&RTData[[#This Row],[Old1YT]] -> 73.15 < 9.32
A24: {=_xlfn.SINGLE(RTData[suffix])&_FV(RTData[[#This Row],[Company Name]],"Ticker symbol",TRUE)} -> HPE | B24: =D99 -> 0.87001914 | C24: #VALUE! | D24: {=_FV(RTData[[#This Row],[Company Name]],"Currency")} -> USD | E24: {=_FV(RTData[[#This Row],[Company Name]],"Last trade time",TRUE)} -> 45966.998 | F24: {=_FV(RTData[[#This Row],[Company Name]],"Previous close",TRUE)} -> 23.56 | G24: {=_FV(RTData[[#This Row],[Company Name]],"Open")} -> 23.6 | H24: {=_FV(RTData[[#This Row],[Company Name]],"Price")} -> 23.7 | I24: {=_FV(RTData[[#This Row],[Company Name]],"Low")} -> 23.39 | J24: {=_FV(RTData[[#This Row],[Company Name]],"High")} -> 24.03 | K24: {=IFERROR(_FV(RTData[[#This Row],[Company Name]],"P/E",TRUE),99)} -> 28.4275 | L24: {=_FV(RTData[[#This Row],[Company Name]],"Change")} -> 0.14 | M24: {=_FV(RTData[[#This Row],[Company Name]],"Change (%)",TRUE)} -> 0.005942 | N24: {=_FV(RTData[[#This Row],[Company Name]],"52 week low",TRUE)} -> 11.965 | O24: {=_FV(RTData[[#This Row],[Company Name]],"52 week high",TRUE)} -> 26.44 | P24: {=_FV(RTData[[#This Row],[Company Name]],"Volume")} -> 27390755 | Q24: {=_FV(RTData[[#This Row],[Company Name]],"Volume average",TRUE)} -> 37677726 | R24: {=_FV(RTData[[#This Row],[Company Name]],"Beta")} -> 1.3427 | T24: V | U24: {=_FV(RTData[[#This Row],[Company Name]],"Exchange abbreviation",TRUE)} -> XNYS | V24: =IFERROR(RTData[[#This Row],[Volume]]/RTData[[#This Row],[Volume average]],1) -> 0.72697474 | X24: =_xlfn.XLOOKUP(RTData[[#This Row],[Ticker_Symbol]],TickerList!$G23:$G117,TickerList!L23:L117) -> 26.51211 | Y24: =_xlfn.XLOOKUP(RTData[[#This Row],[Ticker_Symbol]],TickerList!$G23:$G117,TickerList!M23:M117) -> 45918 | Z24: =_xlfn.XLOOKUP(RTData[[#This Row],[Ticker_Symbol]],TickerList!$G23:$G117,TickerList!N23:N117) -> Dec 4, 2025 | AA24: =_xlfn.XLOOKUP(RTData[[#This Row],[Ticker_Symbol]],TickerList!$G23:$G117,TickerList!O23:O117) -> 0.021300001 | AB24: 0.0001 | AC24: 0.003 | AD24: 56.25 | AE24: =_xlfn.LET(_xlpm.New1YT,RTData[[#This Row],[1YT]], _xlpm.Old1YT,IF(ISNUMBER(RTData[[#This Row],[Old1YT]]),RTData[[#This Row],[Old1YT]],VALUE(LEFT(RTData[[#This Row],[Old1YT]],FIND("/",RTData[[#This Row],[Old1YT]],1)-1))), IF(OR(RTData[[#This Row],[1YT]]=0,_xlpm.Old1YT=0),0,(_xlpm.New1YT-_xlpm.Old1YT)/_xlpm.Old1YT)) -> -0.5286736 | AF24: =TEXT(RTData[[#This Row],[1YT]],"#,#0.00")&" < "&RTData[[#This Row],[Old1YT]] -> 26.51 < 56.25
A25: {=_xlfn.SINGLE(RTData[suffix])&_FV(RTData[[#This Row],[Company Name]],"Ticker symbol",TRUE)} -> HPQ | B25: =D99 -> 0.87001914 | C25: #VALUE! | D25: {=_FV(RTData[[#This Row],[Company Name]],"Currency")} -> USD | E25: {=_FV(RTData[[#This Row],[Company Name]],"Last trade time",TRUE)} -> 45966.985 | F25: {=_FV(RTData[[#This Row],[Company Name]],"Previous close",TRUE)} -> 25.94 | G25: {=_FV(RTData[[#This Row],[Company Name]],"Open")} -> 25.94 | H25: {=_FV(RTData[[#This Row],[Company Name]],"Price")} -> 26.64 | I25: {=_FV(RTData[[#This Row],[Company Name]],"Low")} -> 25.76 | J25: {=_FV(RTData[[#This Row],[Company Name]],"High")} -> 26.71 | K25: {=IFERROR(_FV(RTData[[#This Row],[Company Name]],"P/E",TRUE),99)} -> 9.7046 | L25: {=_FV(RTData[[#This Row],[Company Name]],"Change")} -> 0.7 | M25: {=_FV(RTData[[#This Row],[Company Name]],"Change (%)",TRUE)} -> 0.026985 | N25: {=_FV(RTData[[#This Row],[Company Name]],"52 week low",TRUE)} -> 21.21 | O25: {=_FV(RTData[[#This Row],[Company Name]],"52 week high",TRUE)} -> 39.795 | P25: {=_FV(RTData[[#This Row],[Company Name]],"Volume")} -> 12247048 | Q25: {=_FV(RTData[[#This Row],[Company Name]],"Volume average",TRUE)} -> 12451001 | R25: {=_FV(RTData[[#This Row],[Company Name]],"Beta")} -> 1.2287 | T25: V | U25: {=_FV(RTData[[#This Row],[Company Name]],"Exchange abbreviation",TRUE)} -> XNYS | V25: =IFERROR(RTData[[#This Row],[Volume]]/RTData[[#This Row],[Volume average]],1) -> 0.98361955 | X25: =_xlfn.XLOOKUP(RTData[[#This Row],[Ticker_Symbol]],TickerList!$G24:$G118,TickerList!L24:L118) -> 28.2825 | Y25: =_xlfn.XLOOKUP(RTData[[#This Row],[Ticker_Symbol]],TickerList!$G24:$G118,TickerList!M24:M118) -> 45910 | Z25: =_xlfn.XLOOKUP(RTData[[#This Row],[Ticker_Symbol]],TickerList!$G24:$G118,TickerList!N24:N118) -> Nov 25, 2025 | AA25: =_xlfn.XLOOKUP(RTData[[#This Row],[Ticker_Symbol]],TickerList!$G24:$G118,TickerList!O24:O118) -> 0.0418 | AB25: 0.0001 | AC25: 0.003 | AD25: 21.47/20.14 | AE25: =_xlfn.LET(_xlpm.New1YT,RTData[[#This Row],[1YT]], _xlpm.Old1YT,IF(ISNUMBER(RTData[[#This Row],[Old1YT]]),RTData[[#This Row],[Old1YT]],VALUE(LEFT(RTData[[#This Row],[Old1YT]],FIND("/",RTData[[#This Row],[Old1YT]],1)-1))), IF(OR(RTData[[#This Row],[1YT]]=0,_xlpm.Old1YT=0),0,(_xlpm.New1YT-_xlpm.Old1YT)/_xlpm.Old1YT)) -> 0.31730321 | AF25: =TEXT(RTData[[#This Row],[1YT]],"#,#0.00")&" < "&RTData[[#This Row],[Old1YT]] -> 28.28 < 21.47/20.14
A26: {=_xlfn.SINGLE(RTData[suffix])&_FV(RTData[[#This Row],[Company Name]],"Ticker symbol",TRUE)} -> IAG | B26: =D99 -> 0.87001914 | C26: #VALUE! | D26: {=_FV(RTData[[#This Row],[Company Name]],"Currency")} -> GBp | E26: {=_FV(RTData[[#This Row],[Company Name]],"Last trade time",TRUE)} -> 45966.714 | F26: {=_FV(RTData[[#This Row],[Company Name]],"Previous close",TRUE)} -> 422.6 | G26: {=_FV(RTData[[#This Row],[Company Name]],"Open")} -> 421.1 | H26: {=_FV(RTData[[#This Row],[Company Name]],"Price")} -> 425.2 | I26: {=_FV(RTData[[#This Row],[Company Name]],"Low")} -> 419.5 | J26: {=_FV(RTData[[#This Row],[Company Name]],"High")} -> 426.1 | K26: {=IFERROR(_FV(RTData[[#This Row],[Company Name]],"P/E",TRUE),99)} -> 7.6527 | L26: {=_FV(RTData[[#This Row],[Company Name]],"Change")} -> 2.6 | M26: {=_FV(RTData[[#This Row],[Company Name]],"Change (%)",TRUE)} -> 0.006152 | N26: {=_FV(RTData[[#This Row],[Company Name]],"52 week low",TRUE)} -> 207.6 | O26: {=_FV(RTData[[#This Row],[Company Name]],"52 week high",TRUE)} -> 429.3 | P26: {=_FV(RTData[[#This Row],[Company Name]],"Volume")} -> 10087501 | Q26: {=_FV(RTData[[#This Row],[Company Name]],"Volume average",TRUE)} -> 11911510 | R26: {=_FV(RTData[[#This Row],[Company Name]],"Beta")} -> 2.2967 | T26: V | U26: {=_FV(RTData[[#This Row],[Company Name]],"Exchange abbreviation",TRUE)} -> XLON | V26: =IFERROR(RTData[[#This Row],[Volume]]/RTData[[#This Row],[Volume average]],1) -> 0.84687004 | X26: =_xlfn.XLOOKUP(RTData[[#This Row],[Ticker_Symbol]],TickerList!$G25:$G119,TickerList!L25:L119) -> 464.0942 | Y26: =_xlfn.XLOOKUP(RTData[[#This Row],[Ticker_Symbol]],TickerList!$G25:$G119,TickerList!M25:M119) -> 45834 | Z26: =_xlfn.XLOOKUP(RTData[[#This Row],[Ticker_Symbol]],TickerList!$G25:$G119,TickerList!N25:N119) -> 0 | AA26: =_xlfn.XLOOKUP(RTData[[#This Row],[Ticker_Symbol]],TickerList!$G25:$G119,TickerList!O25:O119) -> 0.0183 | AB26: 0.0001 | AC26: 0.003 | AD26: 36.26 | AE26: =_xlfn.LET(_xlpm.New1YT,RTData[[#This Row],[1YT]], _xlpm.Old1YT,IF(ISNUMBER(RTData[[#This Row],[Old1YT]]),RTData[[#This Row],[Old1YT]],VALUE(LEFT(RTData[[#This Row],[Old1YT]],FIND("/",RTData[[#This Row],[Old1YT]],1)-1))), IF(OR(RTData[[#This Row],[1YT]]=0,_xlpm.Old1YT=0),0,(_xlpm.New1YT-_xlpm.Old1YT)/_xlpm.Old1YT)) -> 11.799068 | AF26: =TEXT(RTData[[#This Row],[1YT]],"#,#0.00")&" < "&RTData[[#This Row],[Old1YT]] -> 464.09 < 36.26
A27: {=_xlfn.SINGLE(RTData[suffix])&_FV(RTData[[#This Row],[Company Name]],"Ticker symbol",TRUE)} -> KR | B27: =D101/100 -> 0.011358473 | C27: #VALUE! | D27: {=_FV(RTData[[#This Row],[Company Name]],"Currency")} -> USD | E27: {=_FV(RTData[[#This Row],[Company Name]],"Last trade time",TRUE)} -> 45967 | F27: {=_FV(RTData[[#This Row],[Company Name]],"Previous close",TRUE)} -> 63.76 | G27: {=_FV(RTData[[#This Row],[Company Name]],"Open")} -> 63.77 | H27: {=_FV(RTData[[#This Row],[Company Name]],"Price")} -> 63.15 | I27: {=_FV(RTData[[#This Row],[Company Name]],"Low")} -> 62.97 | J27: {=_FV(RTData[[#This Row],[Company Name]],"High")} -> 64.0857 | K27: {=IFERROR(_FV(RTData[[#This Row],[Company Name]],"P/E",TRUE),99)} -> 15.9987 | L27: {=_FV(RTData[[#This Row],[Company Name]],"Change")} -> -0.61 | M27: {=_FV(RTData[[#This Row],[Company Name]],"Change (%)",TRUE)} -> -0.009567 | N27: {=_FV(RTData[[#This Row],[Company Name]],"52 week low",TRUE)} -> 56.25 | O27: {=_FV(RTData[[#This Row],[Company Name]],"52 week high",TRUE)} -> 74.9 | P27: {=_FV(RTData[[#This Row],[Company Name]],"Volume")} -> 6734624 | Q27: {=_FV(RTData[[#This Row],[Company Name]],"Volume average",TRUE)} -> 6243449 | R27: {=_FV(RTData[[#This Row],[Company Name]],"Beta")} -> 0.5812 | T27: V | U27: {=_FV(RTData[[#This Row],[Company Name]],"Exchange abbreviation",TRUE)} -> XNYS | V27: =IFERROR(RTData[[#This Row],[Volume]]/RTData[[#This Row],[Volume average]],1) -> 1.0786705 | X27: =_xlfn.XLOOKUP(RTData[[#This Row],[Ticker_Symbol]],TickerList!$G26:$G120,TickerList!L26:L120) -> 76.04545 | Y27: =_xlfn.XLOOKUP(RTData[[#This Row],[Ticker_Symbol]],TickerList!$G26:$G120,TickerList!M26:M120) -> 45975 | Z27: =_xlfn.XLOOKUP(RTData[[#This Row],[Ticker_Symbol]],TickerList!$G26:$G120,TickerList!N26:N120) -> Dec 4, 2025 | AA27: =_xlfn.XLOOKUP(RTData[[#This Row],[Ticker_Symbol]],TickerList!$G26:$G120,TickerList!O26:O120) -> 0.022 | AC27: 0.003 | AD27: 393.1 | AE27: =_xlfn.LET(_xlpm.New1YT,RTData[[#This Row],[1YT]], _xlpm.Old1YT,IF(ISNUMBER(RTData[[#This Row],[Old1YT]]),RTData[[#This Row],[Old1YT]],VALUE(LEFT(RTData[[#This Row],[Old1YT]],FIND("/",RTData[[#This Row],[Old1YT]],1)-1))), IF(OR(RTData[[#This Row],[1YT]]=0,_xlpm.Old1YT=0),0,(_xlpm.New1YT-_xlpm.Old1YT)/_xlpm.Old1YT)) -> -0.80654935 | AF27: =TEXT(RTData[[#This Row],[1YT]],"#,#0.00")&" < "&RTData[[#This Row],[Old1YT]] -> 76.05 < 393.1
A28: {=_xlfn.SINGLE(RTData[suffix])&_FV(RTData[[#This Row],[Company Name]],"Ticker symbol",TRUE)} -> LNSR | B28: =D99 -> 0.87001914 | C28: #VALUE! | D28: {=_FV(RTData[[#This Row],[Company Name]],"Currency")} -> USD | E28: {=_FV(RTData[[#This Row],[Company Name]],"Last trade time",TRUE)} -> 45966.882 | F28: {=_FV(RTData[[#This Row],[Company Name]],"Previous close",TRUE)} -> 12.16 | G28: {=_FV(RTData[[#This Row],[Company Name]],"Open")} -> 12.11 | H28: {=_FV(RTData[[#This Row],[Company Name]],"Price")} -> 12.52 | I28: {=_FV(RTData[[#This Row],[Company Name]],"Low")} -> 12.11 | J28: {=_FV(RTData[[#This Row],[Company Name]],"High")} -> 12.6 | K28: {=IFERROR(_FV(RTData[[#This Row],[Company Name]],"P/E",TRUE),99)} -> 0 | L28: {=_FV(RTData[[#This Row],[Company Name]],"Change")} -> 0.36 | M28: {=_FV(RTData[[#This Row],[Company Name]],"Change (%)",TRUE)} -> 0.029605 | N28: {=_FV(RTData[[#This Row],[Company Name]],"52 week low",TRUE)} -> 5.52 | O28: {=_FV(RTData[[#This Row],[Company Name]],"52 week high",TRUE)} -> 17.31 | P28: {=_FV(RTData[[#This Row],[Company Name]],"Volume")} -> 22099 | Q28: {=_FV(RTData[[#This Row],[Company Name]],"Volume average",TRUE)} -> 44007 | R28: {=_FV(RTData[[#This Row],[Company Name]],"Beta")} -> 0.6501 | T28: V | U28: {=_FV(RTData[[#This Row],[Company Name]],"Exchange abbreviation",TRUE)} -> XNAS | V28: =IFERROR(RTData[[#This Row],[Volume]]/RTData[[#This Row],[Volume average]],1) -> 0.50217011 | X28: =_xlfn.XLOOKUP(RTData[[#This Row],[Ticker_Symbol]],TickerList!$G27:$G121,TickerList!L27:L121) -> 15 | Y28: =_xlfn.XLOOKUP(RTData[[#This Row],[Ticker_Symbol]],TickerList!$G27:$G121,TickerList!M27:M121) -> 0 | Z28: =_xlfn.XLOOKUP(RTData[[#This Row],[Ticker_Symbol]],TickerList!$G27:$G121,TickerList!N27:N121) -> 0 | AA28: =_xlfn.XLOOKUP(RTData[[#This Row],[Ticker_Symbol]],TickerList!$G27:$G121,TickerList!O27:O121) -> 0 | AB28: 0.0001 | AC28: 0.003 | AD28: 66.5 | AE28: =_xlfn.LET(_xlpm.New1YT,RTData[[#This Row],[1YT]], _xlpm.Old1YT,IF(ISNUMBER(RTData[[#This Row],[Old1YT]]),RTData[[#This Row],[Old1YT]],VALUE(LEFT(RTData[[#This Row],[Old1YT]],FIND("/",RTData[[#This Row],[Old1YT]],1)-1))), IF(OR(RTData[[#This Row],[1YT]]=0,_xlpm.Old1YT=0),0,(_xlpm.New1YT-_xlpm.Old1YT)/_xlpm.Old1YT)) -> -0.77443609 | AF28: =TEXT(RTData[[#This Row],[1YT]],"#,#0.00")&" < "&RTData[[#This Row],[Old1YT]] -> 15.00 < 66.5
A29: {=_xlfn.SINGLE(RTData[suffix])&_FV(RTData[[#This Row],[Company Name]],"Ticker symbol",TRUE)} -> LUMN | B29: =D99 -> 0.87001914 | C29: #VALUE! | D29: {=_FV(RTData[[#This Row],[Company Name]],"Currency")} -> USD | E29: {=_FV(RTData[[#This Row],[Company Name]],"Last trade time",TRUE)} -> 45967 | F29: {=_FV(RTData[[#This Row],[Company Name]],"Previous close",TRUE)} -> 10.54 | G29: {=_FV(RTData[[#This Row],[Company Name]],"Open")} -> 10.65 | H29: {=_FV(RTData[[#This Row],[Company Name]],"Price")} -> 10.855 | I29: {=_FV(RTData[[#This Row],[Company Name]],"Low")} -> 10.52 | J29: {=_FV(RTData[[#This Row],[Company Name]],"High")} -> 11.29 | K29: {=IFERROR(_FV(RTData[[#This Row],[Company Name]],"P/E",TRUE),99)} -> 0 | L29: {=_FV(RTData[[#This Row],[Company Name]],"Change")} -> 0.315 | M29: {=_FV(RTData[[#This Row],[Company Name]],"Change (%)",TRUE)} -> 0.029886 | N29: {=_FV(RTData[[#This Row],[Company Name]],"52 week low",TRUE)} -> 3.01 | O29: {=_FV(RTData[[#This Row],[Company Name]],"52 week high",TRUE)} -> 11.95 | P29: {=_FV(RTData[[#This Row],[Company Name]],"Volume")} -> 17809520 | Q29: {=_FV(RTData[[#This Row],[Company Name]],"Volume average",TRUE)} -> 22271874 | R29: {=_FV(RTData[[#This Row],[Company Name]],"Beta")} -> 1.4104 | T29: V | U29: {=_FV(RTData[[#This Row],[Company Name]],"Exchange abbreviation",TRUE)} -> XNYS | V29: =IFERROR(RTData[[#This Row],[Volume]]/RTData[[#This Row],[Volume average]],1) -> 0.79964174 | X29: =_xlfn.XLOOKUP(RTData[[#This Row],[Ticker_Symbol]],TickerList!$G28:$G122,TickerList!L28:L122) -> 5.958 | Y29: =_xlfn.XLOOKUP(RTData[[#This Row],[Ticker_Symbol]],TickerList!$G28:$G122,TickerList!M28:M122) -> 44802 | Z29: =_xlfn.XLOOKUP(RTData[[#This Row],[Ticker_Symbol]],TickerList!$G28:$G122,TickerList!N28:N122) -> Oct 30, 2025 | AA29: =_xlfn.XLOOKUP(RTData[[#This Row],[Ticker_Symbol]],TickerList!$G28:$G122,TickerList!O28:O122) -> 0 | AB29: 0.0001 | AC29: 0.003 | AD29: 15.5 | AE29: =_xlfn.LET(_xlpm.New1YT,RTData[[#This Row],[1YT]], _xlpm.Old1YT,IF(ISNUMBER(RTData[[#This Row],[Old1YT]]),RTData[[#This Row],[Old1YT]],VALUE(LEFT(RTData[[#This Row],[Old1YT]],FIND("/",RTData[[#This Row],[Old1YT]],1)-1))), IF(OR(RTData[[#This Row],[1YT]]=0,_xlpm.Old1YT=0),0,(_xlpm.New1YT-_xlpm.Old1YT)/_xlpm.Old1YT)) -> -0.6156129 | AF29: =TEXT(RTData[[#This Row],[1YT]],"#,#0.00")&" < "&RTData[[#This Row],[Old1YT]] -> 5.96 < 15.5
A30: {=_xlfn.SINGLE(RTData[suffix])&_FV(RTData[[#This Row],[Company Name]],"Ticker symbol",TRUE)} -> MRNA | B30: =D99 -> 0.87001914 | C30: #VALUE! | D30: {=_FV(RTData[[#This Row],[Company Name]],"Currency")} -> USD | E30: {=_FV(RTData[[#This Row],[Company Name]],"Last trade time",TRUE)} -> 45967 | F30: {=_FV(RTData[[#This Row],[Company Name]],"Previous close",TRUE)} -> 23.75 | G30: {=_FV(RTData[[#This Row],[Company Name]],"Open")} -> 23.915 | H30: {=_FV(RTData[[#This Row],[Company Name]],"Price")} -> 23.56 | I30: {=_FV(RTData[[#This Row],[Company Name]],"Low")} -> 23.48 | J30: {=_FV(RTData[[#This Row],[Company Name]],"High")} -> 24.04 | K30: {=IFERROR(_FV(RTData[[#This Row],[Company Name]],"P/E",TRUE),99)} -> 0 | L30: {=_FV(RTData[[#This Row],[Company Name]],"Change")} -> -0.19 | M30: {=_FV(RTData[[#This Row],[Company Name]],"Change (%)",TRUE)} -> -0.008 | N30: {=_FV(RTData[[#This Row],[Company Name]],"52 week low",TRUE)} -> 23.15 | O30: {=_FV(RTData[[#This Row],[Company Name]],"52 week high",TRUE)} -> 56.695 | P30: {=_FV(RTData[[#This Row],[Company Name]],"Volume")} -> 11126437 | Q30: {=_FV(RTData[[#This Row],[Company Name]],"Volume average",TRUE)} -> 11157159 | R30: {=_FV(RTData[[#This Row],[Company Name]],"Beta")} -> 1.1277 | T30: V | U30: {=_FV(RTData[[#This Row],[Company Name]],"Exchange abbreviation",TRUE)} -> XNAS | V30: =IFERROR(RTData[[#This Row],[Volume]]/RTData[[#This Row],[Volume average]],1) -> 0.99724643 | X30: =_xlfn.XLOOKUP(RTData[[#This Row],[Ticker_Symbol]],TickerList!$G29:$G123,TickerList!L29:L123) -> 40.3 | Y30: =_xlfn.XLOOKUP(RTData[[#This Row],[Ticker_Symbol]],TickerList!$G29:$G123,TickerList!M29:M123) -> 0 | Z30: =_xlfn.XLOOKUP(RTData[[#This Row],[Ticker_Symbol]],TickerList!$G29:$G123,TickerList!N29:N123) -> Nov 6, 2025 | AA30: =_xlfn.XLOOKUP(RTData[[#This Row],[Ticker_Symbol]],TickerList!$G29:$G123,TickerList!O29:O123) -> 0 | AB30: 0.0001 | AC30: 0.003 | AD30: 4.62 | AE30: =_xlfn.LET(_xlpm.New1YT,RTData[[#This Row],[1YT]], _xlpm.Old1YT,IF(ISNUMBER(RTData[[#This Row],[Old1YT]]),RTData[[#This Row],[Old1YT]],VALUE(LEFT(RTData[[#This Row],[Old1YT]],FIND("/",RTData[[#This Row],[Old1YT]],1)-1))), IF(OR(RTData[[#This Row],[1YT]]=0,_xlpm.Old1YT=0),0,(_xlpm.New1YT-_xlpm.Old1YT)/_xlpm.Old1YT)) -> 7.7229437 | AF30: =TEXT(RTData[[#This Row],[1YT]],"#,#0.00")&" < "&RTData[[#This Row],[Old1YT]] -> 40.30 < 4.62
A31: {=_xlfn.SINGLE(RTData[suffix])&_FV(RTData[[#This Row],[Company Name]],"Ticker symbol",TRUE)} -> MSFT | B31: =D99 -> 0.87001914 | C31: #VALUE! | D31: {=_FV(RTData[[#This Row],[Company Name]],"Currency")} -> USD | E31: {=_FV(RTData[[#This Row],[Company Name]],"Last trade time",TRUE)} -> 45967.001 | F31: {=_FV(RTData[[#This Row],[Company Name]],"Previous close",TRUE)} -> 514.33 | G31: {=_FV(RTData[[#This Row],[Company Name]],"Open")} -> 513.3 | H31: {=_FV(RTData[[#This Row],[Company Name]],"Price")} -> 507.16 | I31: {=_FV(RTData[[#This Row],[Company Name]],"Low")} -> 506.575 | J31: {=_FV(RTData[[#This Row],[Company Name]],"High")} -> 514.83 | K31: {=IFERROR(_FV(RTData[[#This Row],[Company Name]],"P/E",TRUE),99)} -> 36.0829 | L31: {=_FV(RTData[[#This Row],[Company Name]],"Change")} -> -7.17 | M31: {=_FV(RTData[[#This Row],[Company Name]],"Change (%)",TRUE)} -> -0.01394 | N31: {=_FV(RTData[[#This Row],[Company Name]],"52 week low",TRUE)} -> 344.79 | O31: {=_FV(RTData[[#This Row],[Company Name]],"52 week high",TRUE)} -> 555.45 | P31: {=_FV(RTData[[#This Row],[Company Name]],"Volume")} -> 22992329 | Q31: {=_FV(RTData[[#This Row],[Company Name]],"Volume average",TRUE)} -> 20471219 | R31: {=_FV(RTData[[#This Row],[Company Name]],"Beta")} -> 1.0651 | T31: V | U31: {=_FV(RTData[[#This Row],[Company Name]],"Exchange abbreviation",TRUE)} -> XNAS | V31: =IFERROR(RTData[[#This Row],[Volume]]/RTData[[#This Row],[Volume average]],1) -> 1.1231539 | X31: =_xlfn.XLOOKUP(RTData[[#This Row],[Ticker_Symbol]],TickerList!$G30:$G124,TickerList!L30:L124) -> 626.22656 | Y31: =_xlfn.XLOOKUP(RTData[[#This Row],[Ticker_Symbol]],TickerList!$G30:$G124,TickerList!M30:M124) -> 45981 | Z31: =_xlfn.XLOOKUP(RTData[[#This Row],[Ticker_Symbol]],TickerList!$G30:$G124,TickerList!N30:N124) -> Jan 28, 2026 | AA31: =_xlfn.XLOOKUP(RTData[[#This Row],[Ticker_Symbol]],TickerList!$G30:$G124,TickerList!O30:O124) -> 0.0069999998 | AB31: 0.0001 | AC31: 0.003 | AD31: 99.83 | AE31: =_xlfn.LET(_xlpm.New1YT,RTData[[#This Row],[1YT]], _xlpm.Old1YT,IF(ISNUMBER(RTData[[#This Row],[Old1YT]]),RTData[[#This Row],[Old1YT]],VALUE(LEFT(RTData[[#This Row],[Old1YT]],FIND("/",RTData[[#This Row],[Old1YT]],1)-1))), IF(OR(RTData[[#This Row],[1YT]]=0,_xlpm.Old1YT=0),0,(_xlpm.New1YT-_xlpm.Old1YT)/_xlpm.Old1YT)) -> 5.2729296 | AF31: =TEXT(RTData[[#This Row],[1YT]],"#,#0.00")&" < "&RTData[[#This Row],[Old1YT]] -> 626.23 < 99.83
A32: {=_xlfn.SINGLE(RTData[suffix])&_FV(RTData[[#This Row],[Company Name]],"Ticker symbol",TRUE)} -> NEE | B32: =D99 -> 0.87001914 | C32: #VALUE! | D32: {=_FV(RTData[[#This Row],[Company Name]],"Currency")} -> USD | E32: {=_FV(RTData[[#This Row],[Company Name]],"Last trade time",TRUE)} -> 45967 | F32: {=_FV(RTData[[#This Row],[Company Name]],"Previous close",TRUE)} -> 81.69 | G32: {=_FV(RTData[[#This Row],[Company Name]],"Open")} -> 81.42 | H32: {=_FV(RTData[[#This Row],[Company Name]],"Price")} -> 82.14 | I32: {=_FV(RTData[[#This Row],[Company Name]],"Low")} -> 81.11 | J32: {=_FV(RTData[[#This Row],[Company Name]],"High")} -> 82.63 | K32: {=IFERROR(_FV(RTData[[#This Row],[Company Name]],"P/E",TRUE),99)} -> 26.0878 | L32: {=_FV(RTData[[#This Row],[Company Name]],"Change")} -> 0.45 | M32: {=_FV(RTData[[#This Row],[Company Name]],"Change (%)",TRUE)} -> 0.005509 | N32: {=_FV(RTData[[#This Row],[Company Name]],"52 week low",TRUE)} -> 61.72 | O32: {=_FV(RTData[[#This Row],[Company Name]],"52 week high",TRUE)} -> 87.53 | P32: {=_FV(RTData[[#This Row],[Company Name]],"Volume")} -> 7290654 | Q32: {=_FV(RTData[[#This Row],[Company Name]],"Volume average",TRUE)} -> 10158500 | R32: {=_FV(RTData[[#This Row],[Company Name]],"Beta")} -> 0.7351 | T32: V | U32: {=_FV(RTData[[#This Row],[Company Name]],"Exchange abbreviation",TRUE)} -> XNYS | V32: =IFERROR(RTData[[#This Row],[Volume]]/RTData[[#This Row],[Volume average]],1) -> 0.71769001 | X32: =_xlfn.XLOOKUP(RTData[[#This Row],[Ticker_Symbol]],TickerList!$G31:$G125,TickerList!L31:L125) -> 91 | Y32: =_xlfn.XLOOKUP(RTData[[#This Row],[Ticker_Symbol]],TickerList!$G31:$G125,TickerList!M31:M125) -> 45982 | Z32: =_xlfn.XLOOKUP(RTData[[#This Row],[Ticker_Symbol]],TickerList!$G31:$G125,TickerList!N31:N125) -> Oct 28, 2025 | AA32: =_xlfn.XLOOKUP(RTData[[#This Row],[Ticker_Symbol]],TickerList!$G31:$G125,TickerList!O31:O125) -> 0.0278 | AB32: 0.0001 | AC32: 0.003 | AD32: 505.94 | AE32: =_xlfn.LET(_xlpm.New1YT,RTData[[#This Row],[1YT]], _xlpm.Old1YT,IF(ISNUMBER(RTData[[#This Row],[Old1YT]]),RTData[[#This Row],[Old1YT]],VALUE(LEFT(RTData[[#This Row],[Old1YT]],FIND("/",RTData[[#This Row],[Old1YT]],1)-1))), IF(OR(RTData[[#This Row],[1YT]]=0,_xlpm.Old1YT=0),0,(_xlpm.New1YT-_xlpm.Old1YT)/_xlpm.Old1YT)) -> -0.82013678 | AF32: =TEXT(RTData[[#This Row],[1YT]],"#,#0.00")&" < "&RTData[[#This Row],[Old1YT]] -> 91.00 < 505.94
A33: {=_xlfn.SINGLE(RTData[suffix])&_FV(RTData[[#This Row],[Company Name]],"Ticker symbol",TRUE)} -> NEM | B33: =D99 -> 0.87001914 | C33: #VALUE! | D33: {=_FV(RTData[[#This Row],[Company Name]],"Currency")} -> USD | E33: {=_FV(RTData[[#This Row],[Company Name]],"Last trade time",TRUE)} -> 45966.996 | F33: {=_FV(RTData[[#This Row],[Company Name]],"Previous close",TRUE)} -> 78.9 | G33: {=_FV(RTData[[#This Row],[Company Name]],"Open")} -> 80.71 | H33: {=_FV(RTData[[#This Row],[Company Name]],"Price")} -> 81.62 | I33: {=_FV(RTData[[#This Row],[Company Name]],"Low")} -> 80.49 | J33: {=_FV(RTData[[#This Row],[Company Name]],"High")} -> 81.915 | K33: {=IFERROR(_FV(RTData[[#This Row],[Company Name]],"P/E",TRUE),99)} -> 12.6838 | L33: {=_FV(RTData[[#This Row],[Company Name]],"Change")} -> 2.72 | M33: {=_FV(RTData[[#This Row],[Company Name]],"Change (%)",TRUE)} -> 0.034474 | N33: {=_FV(RTData[[#This Row],[Company Name]],"52 week low",TRUE)} -> 36.86 | O33: {=_FV(RTData[[#This Row],[Company Name]],"52 week high",TRUE)} -> 98.578 | P33: {=_FV(RTData[[#This Row],[Company Name]],"Volume")} -> 8681630 | Q33: {=_FV(RTData[[#This Row],[Company Name]],"Volume average",TRUE)} -> 12229601 | R33: {=_FV(RTData[[#This Row],[Company Name]],"Beta")} -> 0.4461 | T33: V | U33: {=_FV(RTData[[#This Row],[Company Name]],"Exchange abbreviation",TRUE)} -> XNYS | V33: =IFERROR(RTData[[#This Row],[Volume]]/RTData[[#This Row],[Volume average]],1) -> 0.70988661 | X33: =_xlfn.XLOOKUP(RTData[[#This Row],[Ticker_Symbol]],TickerList!$G32:$G126,TickerList!L32:L126) -> 102.735 | Y33: =_xlfn.XLOOKUP(RTData[[#This Row],[Ticker_Symbol]],TickerList!$G32:$G126,TickerList!M32:M126) -> 45987 | Z33: =_xlfn.XLOOKUP(RTData[[#This Row],[Ticker_Symbol]],TickerList!$G32:$G126,TickerList!N32:N126) -> Oct 23, 2025 | AA33: =_xlfn.XLOOKUP(RTData[[#This Row],[Ticker_Symbol]],TickerList!$G32:$G126,TickerList!O32:O126) -> 0.0124 | AB33: 0.0001 | AC33: 0.003 | AD33: 81.10/84.6 | AE33: =_xlfn.LET(_xlpm.New1YT,RTData[[#This Row],[1YT]], _xlpm.Old1YT,IF(ISNUMBER(RTData[[#This Row],[Old1YT]]),RTData[[#This Row],[Old1YT]],VALUE(LEFT(RTData[[#This Row],[Old1YT]],FIND("/",RTData[[#This Row],[Old1YT]],1)-1))), IF(OR(RTData[[#This Row],[1YT]]=0,_xlpm.Old1YT=0),0,(_xlpm.New1YT-_xlpm.Old1YT)/_xlpm.Old1YT)) -> 0.26676942 | AF33: =TEXT(RTData[[#This Row],[1YT]],"#,#0.00")&" < "&RTData[[#This Row],[Old1YT]] -> 102.74 < 81.10/84.6
A34: {=_xlfn.SINGLE(RTData[suffix])&_FV(RTData[[#This Row],[Company Name]],"Ticker symbol",TRUE)} -> NFLX | B34: =D99 -> 0.87001914 | C34: #VALUE! | D34: {=_FV(RTData[[#This Row],[Company Name]],"Currency")} -> USD | E34: {=_FV(RTData[[#This Row],[Company Name]],"Last trade time",TRUE)} -> 45967 | F34: {=_FV(RTData[[#This Row],[Company Name]],"Previous close",TRUE)} -> 1092.96 | G34: {=_FV(RTData[[#This Row],[Company Name]],"Open")} -> 1085 | H34: {=_FV(RTData[[#This Row],[Company Name]],"Price")} -> 1098.46 | I34: {=_FV(RTData[[#This Row],[Company Name]],"Low")} -> 1073.3701 | J34: {=_FV(RTData[[#This Row],[Company Name]],"High")} -> 1100.85 | K34: {=IFERROR(_FV(RTData[[#This Row],[Company Name]],"P/E",TRUE),99)} -> 45.6583 | L34: {=_FV(RTData[[#This Row],[Company Name]],"Change")} -> 5.5 | M34: {=_FV(RTData[[#This Row],[Company Name]],"Change (%)",TRUE)} -> 0.005032 | N34: {=_FV(RTData[[#This Row],[Company Name]],"52 week low",TRUE)} -> 756.27 | O34: {=_FV(RTData[[#This Row],[Company Name]],"52 week high",TRUE)} -> 1341.15 | P34: {=_FV(RTData[[#This Row],[Company Name]],"Volume")} -> 3549693 | Q34: {=_FV(RTData[[#This Row],[Company Name]],"Volume average",TRUE)} -> 4473466 | R34: {=_FV(RTData[[#This Row],[Company Name]],"Beta")} -> 1.7038 | T34: V | U34: {=_FV(RTData[[#This Row],[Company Name]],"Exchange abbreviation",TRUE)} -> XNAS | V34: =IFERROR(RTData[[#This Row],[Volume]]/RTData[[#This Row],[Volume average]],1) -> 0.79349949 | X34: =_xlfn.XLOOKUP(RTData[[#This Row],[Ticker_Symbol]],TickerList!$G33:$G127,TickerList!L33:L127) -> 1347.3231 | Y34: =_xlfn.XLOOKUP(RTData[[#This Row],[Ticker_Symbol]],TickerList!$G33:$G127,TickerList!M33:M127) -> 0 | Z34: =_xlfn.XLOOKUP(RTData[[#This Row],[Ticker_Symbol]],TickerList!$G33:$G127,TickerList!N33:N127) -> Jan 20, 2026 | AA34: =_xlfn.XLOOKUP(RTData[[#This Row],[Ticker_Symbol]],TickerList!$G33:$G127,TickerList!O33:O127) -> 0 | AB34: 0.0001 | AC34: 0.003 | AD34: 59.51 | AE34: =_xlfn.LET(_xlpm.New1YT,RTData[[#This Row],[1YT]], _xlpm.Old1YT,IF(ISNUMBER(RTData[[#This Row],[Old1YT]]),RTData[[#This Row],[Old1YT]],VALUE(LEFT(RTData[[#This Row],[Old1YT]],FIND("/",RTData[[#This Row],[Old1YT]],1)-1))), IF(OR(RTData[[#This Row],[1YT]]=0,_xlpm.Old1YT=0),0,(_xlpm.New1YT-_xlpm.Old1YT)/_xlpm.Old1YT)) -> 21.640281 | AF34: =TEXT(RTData[[#This Row],[1YT]],"#,#0.00")&" < "&RTData[[#This Row],[Old1YT]] -> 1,347.32 < 59.51
A35: {=_xlfn.SINGLE(RTData[suffix])&_FV(RTData[[#This Row],[Company Name]],"Ticker symbol",TRUE)} -> NOTE | B35: =D99 -> 0.87001914 | C35: #VALUE! | D35: {=_FV(RTData[[#This Row],[Company Name]],"Currency")} -> USD | E35: {=_FV(RTData[[#This Row],[Company Name]],"Last trade time",TRUE)} -> 45966.988 | F35: {=_FV(RTData[[#This Row],[Company Name]],"Previous close",TRUE)} -> 3.71 | G35: {=_FV(RTData[[#This Row],[Company Name]],"Open")} -> 3.57 | H35: {=_FV(RTData[[#This Row],[Company Name]],"Price")} -> 3.31 | I35: {=_FV(RTData[[#This Row],[Company Name]],"Low")} -> 3.221 | J35: {=_FV(RTData[[#This Row],[Company Name]],"High")} -> 3.74 | K35: {=IFERROR(_FV(RTData[[#This Row],[Company Name]],"P/E",TRUE),99)} -> 99 | L35: {=_FV(RTData[[#This Row],[Company Name]],"Change")} -> -0.4 | M35: {=_FV(RTData[[#This Row],[Company Name]],"Change (%)",TRUE)} -> -0.107817 | N35: {=_FV(RTData[[#This Row],[Company Name]],"52 week low",TRUE)} -> 3.221 | O35: {=_FV(RTData[[#This Row],[Company Name]],"52 week high",TRUE)} -> 24.36 | P35: {=_FV(RTData[[#This Row],[Company Name]],"Volume")} -> 455990 | Q35: {=_FV(RTData[[#This Row],[Company Name]],"Volume average",TRUE)} -> 240977 | R35: {=_FV(RTData[[#This Row],[Company Name]],"Beta")} -> 0.5516 | T35: V | U35: {=_FV(RTData[[#This Row],[Company Name]],"Exchange abbreviation",TRUE)} -> XNYS | V35: =IFERROR(RTData[[#This Row],[Volume]]/RTData[[#This Row],[Volume average]],1) -> 1.8922553 | X35: =_xlfn.XLOOKUP(RTData[[#This Row],[Ticker_Symbol]],TickerList!$G34:$G128,TickerList!L34:L128) -> 31.50108 | Y35: =_xlfn.XLOOKUP(RTData[[#This Row],[Ticker_Symbol]],TickerList!$G34:$G128,TickerList!M34:M128) -> 0 | Z35: =_xlfn.XLOOKUP(RTData[[#This Row],[Ticker_Symbol]],TickerList!$G34:$G128,TickerList!N34:N128) -> 0 | AA35: =_xlfn.XLOOKUP(RTData[[#This Row],[Ticker_Symbol]],TickerList!$G34:$G128,TickerList!O34:O128) -> 0 | AB35: 0.0001 | AC35: 0.003 | AD35: 764.34 | AE35: =_xlfn.LET(_xlpm.New1YT,RTData[[#This Row],[1YT]], _xlpm.Old1YT,IF(ISNUMBER(RTData[[#This Row],[Old1YT]]),RTData[[#This Row],[Old1YT]],VALUE(LEFT(RTData[[#This Row],[Old1YT]],FIND("/",RTData[[#This Row],[Old1YT]],1)-1))), IF(OR(RTData[[#This Row],[1YT]]=0,_xlpm.Old1YT=0),0,(_xlpm.New1YT-_xlpm.Old1YT)/_xlpm.Old1YT)) -> -0.95878656 | AF35: =TEXT(RTData[[#This Row],[1YT]],"#,#0.00")&" < "&RTData[[#This Row],[Old1YT]] -> 31.50 < 764.34
A36: {=_xlfn.SINGLE(RTData[suffix])&_FV(RTData[[#This Row],[Company Name]],"Ticker symbol",TRUE)} -> PAAS | B36: =D99 -> 0.87001914 | C36: #VALUE! | D36: {=_FV(RTData[[#This Row],[Company Name]],"Currency")} -> USD | E36: {=_FV(RTData[[#This Row],[Company Name]],"Last trade time",TRUE)} -> 45966.983 | F36: {=_FV(RTData[[#This Row],[Company Name]],"Previous close",TRUE)} -> 33.2 | G36: {=_FV(RTData[[#This Row],[Company Name]],"Open")} -> 34.01 | H36: {=_FV(RTData[[#This Row],[Company Name]],"Price")} -> 33.77 | I36: {=_FV(RTData[[#This Row],[Company Name]],"Low")} -> 33.36 | J36: {=_FV(RTData[[#This Row],[Company Name]],"High")} -> 34.02 | K36: {=IFERROR(_FV(RTData[[#This Row],[Company Name]],"P/E",TRUE),99)} -> 23.4465 | L36: {=_FV(RTData[[#This Row],[Company Name]],"Change")} -> 0.57 | M36: {=_FV(RTData[[#This Row],[Company Name]],"Change (%)",TRUE)} -> 0.017169 | N36: {=_FV(RTData[[#This Row],[Company Name]],"52 week low",TRUE)} -> 19.8017 | O36: {=_FV(RTData[[#This Row],[Company Name]],"52 week high",TRUE)} -> 42.57 | P36: {=_FV(RTData[[#This Row],[Company Name]],"Volume")} -> 4192698 | Q36: {=_FV(RTData[[#This Row],[Company Name]],"Volume average",TRUE)} -> 6293308 | R36: {=_FV(RTData[[#This Row],[Company Name]],"Beta")} -> 1.1623 | T36: V | U36: {=_FV(RTData[[#This Row],[Company Name]],"Exchange abbreviation",TRUE)} -> XNYS | V36: =IFERROR(RTData[[#This Row],[Volume]]/RTData[[#This Row],[Volume average]],1) -> 0.66621529 | X36: =_xlfn.XLOOKUP(RTData[[#This Row],[Ticker_Symbol]],TickerList!$G35:$G129,TickerList!L35:L129) -> 46.875 | Y36: =_xlfn.XLOOKUP(RTData[[#This Row],[Ticker_Symbol]],TickerList!$G35:$G129,TickerList!M35:M129) -> 45887 | Z36: =_xlfn.XLOOKUP(RTData[[#This Row],[Ticker_Symbol]],TickerList!$G35:$G129,TickerList!N35:N129) -> Nov 12, 2025 | AA36: =_xlfn.XLOOKUP(RTData[[#This Row],[Ticker_Symbol]],TickerList!$G35:$G129,TickerList!O35:O129) -> 0.0136 | AB36: 0.0001 | AC36: 0.003 | AD36: 31.5 | AE36: =_xlfn.LET(_xlpm.New1YT,RTData[[#This Row],[1YT]], _xlpm.Old1YT,IF(ISNUMBER(RTData[[#This Row],[Old1YT]]),RTData[[#This Row],[Old1YT]],VALUE(LEFT(RTData[[#This Row],[Old1YT]],FIND("/",RTData[[#This Row],[Old1YT]],1)-1))), IF(OR(RTData[[#This Row],[1YT]]=0,_xlpm.Old1YT=0),0,(_xlpm.New1YT-_xlpm.Old1YT)/_xlpm.Old1YT)) -> 0.48809524 | AF36: =TEXT(RTData[[#This Row],[1YT]],"#,#0.00")&" < "&RTData[[#This Row],[Old1YT]] -> 46.88 < 31.5
A37: {=_xlfn.SINGLE(RTData[suffix])&_FV(RTData[[#This Row],[Company Name]],"Ticker symbol",TRUE)} -> PROF | B37: =D99 -> 0.87001914 | C37: #VALUE! | D37: {=_FV(RTData[[#This Row],[Company Name]],"Currency")} -> USD | E37: {=_FV(RTData[[#This Row],[Company Name]],"Last trade time",TRUE)} -> 45966.878 | F37: {=_FV(RTData[[#This Row],[Company Name]],"Previous close",TRUE)} -> 5.89 | G37: {=_FV(RTData[[#This Row],[Company Name]],"Open")} -> 5.83 | H37: {=_FV(RTData[[#This Row],[Company Name]],"Price")} -> 5.86 | I37: {=_FV(RTData[[#This Row],[Company Name]],"Low")} -> 5.75 | J37: {=_FV(RTData[[#This Row],[Company Name]],"High")} -> 5.95 | K37: {=IFERROR(_FV(RTData[[#This Row],[Company Name]],"P/E",TRUE),99)} -> 0 | L37: {=_FV(RTData[[#This Row],[Company Name]],"Change")} -> -0.03 | M37: {=_FV(RTData[[#This Row],[Company Name]],"Change (%)",TRUE)} -> -0.005093 | N37: {=_FV(RTData[[#This Row],[Company Name]],"52 week low",TRUE)} -> 3.76 | O37: {=_FV(RTData[[#This Row],[Company Name]],"52 week high",TRUE)} -> 9.17 | P37: {=_FV(RTData[[#This Row],[Company Name]],"Volume")} -> 46966 | Q37: {=_FV(RTData[[#This Row],[Company Name]],"Volume average",TRUE)} -> 73240 | R37: {=_FV(RTData[[#This Row],[Company Name]],"Beta")} -> 0.1926 | T37: V | U37: {=_FV(RTData[[#This Row],[Company Name]],"Exchange abbreviation",TRUE)} -> XNAS | V37: =IFERROR(RTData[[#This Row],[Volume]]/RTData[[#This Row],[Volume average]],1) -> 0.64126161 | X37: =_xlfn.XLOOKUP(RTData[[#This Row],[Ticker_Symbol]],TickerList!$G36:$G130,TickerList!L36:L130) -> 12.1 | Y37: =_xlfn.XLOOKUP(RTData[[#This Row],[Ticker_Symbol]],TickerList!$G36:$G130,TickerList!M36:M130) -> 0 | Z37: =_xlfn.XLOOKUP(RTData[[#This Row],[Ticker_Symbol]],TickerList!$G36:$G130,TickerList!N36:N130) -> 0 | AA37: =_xlfn.XLOOKUP(RTData[[#This Row],[Ticker_Symbol]],TickerList!$G36:$G130,TickerList!O36:O130) -> 0 | AB37: 0.0001 | AC37: 0.003 | AD37: 36.49 | AE37: =_xlfn.LET(_xlpm.New1YT,RTData[[#This Row],[1YT]], _xlpm.Old1YT,IF(ISNUMBER(RTData[[#This Row],[Old1YT]]),RTData[[#This Row],[Old1YT]],VALUE(LEFT(RTData[[#This Row],[Old1YT]],FIND("/",RTData[[#This Row],[Old1YT]],1)-1))), IF(OR(RTData[[#This Row],[1YT]]=0,_xlpm.Old1YT=0),0,(_xlpm.New1YT-_xlpm.Old1YT)/_xlpm.Old1YT)) -> -0.6684023 | AF37: =TEXT(RTData[[#This Row],[1YT]],"#,#0.00")&" < "&RTData[[#This Row],[Old1YT]] -> 12.10 < 36.49
A38: {=_xlfn.SINGLE(RTData[suffix])&_FV(RTData[[#This Row],[Company Name]],"Ticker symbol",TRUE)} -> POET | B38: =D99 -> 0.87001914 | C38: #VALUE! | D38: {=_FV(RTData[[#This Row],[Company Name]],"Currency")} -> USD | E38: {=_FV(RTData[[#This Row],[Company Name]],"Last trade time",TRUE)} -> 45966.999 | F38: {=_FV(RTData[[#This Row],[Company Name]],"Previous close",TRUE)} -> 5.95 | G38: {=_FV(RTData[[#This Row],[Company Name]],"Open")} -> 6.07 | H38: {=_FV(RTData[[#This Row],[Company Name]],"Price")} -> 6.035 | I38: {=_FV(RTData[[#This Row],[Company Name]],"Low")} -> 5.86 | J38: {=_FV(RTData[[#This Row],[Company Name]],"High")} -> 6.1 | K38: {=IFERROR(_FV(RTData[[#This Row],[Company Name]],"P/E",TRUE),99)} -> 0 | L38: {=_FV(RTData[[#This Row],[Company Name]],"Change")} -> 0.085 | M38: {=_FV(RTData[[#This Row],[Company Name]],"Change (%)",TRUE)} -> 0.014286 | N38: {=_FV(RTData[[#This Row],[Company Name]],"52 week low",TRUE)} -> 3.09 | O38: {=_FV(RTData[[#This Row],[Company Name]],"52 week high",TRUE)} -> 9.41 | P38: {=_FV(RTData[[#This Row],[Company Name]],"Volume")} -> 7813883 | Q38: {=_FV(RTData[[#This Row],[Company Name]],"Volume average",TRUE)} -> 17757191 | R38: {=_FV(RTData[[#This Row],[Company Name]],"Beta")} -> 0.4708 | T38: V | U38: {=_FV(RTData[[#This Row],[Company Name]],"Exchange abbreviation",TRUE)} -> XNAS | V38: =IFERROR(RTData[[#This Row],[Volume]]/RTData[[#This Row],[Volume average]],1) -> 0.44004049 | X38: =_xlfn.XLOOKUP(RTData[[#This Row],[Ticker_Symbol]],TickerList!$G37:$G131,TickerList!L37:L131) -> 6.63333 | Y38: =_xlfn.XLOOKUP(RTData[[#This Row],[Ticker_Symbol]],TickerList!$G37:$G131,TickerList!M37:M131) -> 0 | Z38: =_xlfn.XLOOKUP(RTData[[#This Row],[Ticker_Symbol]],TickerList!$G37:$G131,TickerList!N37:N131) -> Nov 13, 2025 | AA38: =_xlfn.XLOOKUP(RTData[[#This Row],[Ticker_Symbol]],TickerList!$G37:$G131,TickerList!O37:O131) -> 0 | AB38: 0.0001 | AC38: 0.003 | AD38: 15.17 | AE38: =_xlfn.LET(_xlpm.New1YT,RTData[[#This Row],[1YT]], _xlpm.Old1YT,IF(ISNUMBER(RTData[[#This Row],[Old1YT]]),RTData[[#This Row],[Old1YT]],VALUE(LEFT(RTData[[#This Row],[Old1YT]],FIND("/",RTData[[#This Row],[Old1YT]],1)-1))), IF(OR(RTData[[#This Row],[1YT]]=0,_xlpm.Old1YT=0),0,(_xlpm.New1YT-_xlpm.Old1YT)/_xlpm.Old1YT)) -> -0.56273368 | AF38: =TEXT(RTData[[#This Row],[1YT]],"#,#0.00")&" < "&RTData[[#This Row],[Old1YT]] -> 6.63 < 15.17
A39: {=_xlfn.SINGLE(RTData[suffix])&_FV(RTData[[#This Row],[Company Name]],"Ticker symbol",TRUE)} -> PW | B39: =D103 -> 0.61690315 | C39: #VALUE! | D39: {=_FV(RTData[[#This Row],[Company Name]],"Currency")} -> USD | E39: {=_FV(RTData[[#This Row],[Company Name]],"Last trade time",TRUE)} -> 45966.979 | F39: {=_FV(RTData[[#This Row],[Company Name]],"Previous close",TRUE)} -> 0.6933 | G39: {=_FV(RTData[[#This Row],[Company Name]],"Open")} -> 0.7003 | H39: {=_FV(RTData[[#This Row],[Company Name]],"Price")} -> 0.745 | I39: {=_FV(RTData[[#This Row],[Company Name]],"Low")} -> 0.7003 | J39: {=_FV(RTData[[#This Row],[Company Name]],"High")} -> 0.7799 | K39: {=IFERROR(_FV(RTData[[#This Row],[Company Name]],"P/E",TRUE),99)} -> 99 | L39: {=_FV(RTData[[#This Row],[Company Name]],"Change")} -> 0.0517 | M39: {=_FV(RTData[[#This Row],[Company Name]],"Change (%)",TRUE)} -> 0.074571 | N39: {=_FV(RTData[[#This Row],[Company Name]],"52 week low",TRUE)} -> 0.6243 | O39: {=_FV(RTData[[#This Row],[Company Name]],"52 week high",TRUE)} -> 2.59 | P39: {=_FV(RTData[[#This Row],[Company Name]],"Volume")} -> 61947 | Q39: {=_FV(RTData[[#This Row],[Company Name]],"Volume average",TRUE)} -> 89296 | R39: {=_FV(RTData[[#This Row],[Company Name]],"Beta")} -> 1.5404 | T39: V | U39: {=_FV(RTData[[#This Row],[Company Name]],"Exchange abbreviation",TRUE)} -> XNYS | V39: =IFERROR(RTData[[#This Row],[Volume]]/RTData[[#This Row],[Volume average]],1) -> 0.69372648 | X39: =_xlfn.XLOOKUP(RTData[[#This Row],[Ticker_Symbol]],TickerList!$G38:$G132,TickerList!L38:L132) -> 0 | Y39: =_xlfn.XLOOKUP(RTData[[#This Row],[Ticker_Symbol]],TickerList!$G38:$G132,TickerList!M38:M132) -> 41284 | Z39: =_xlfn.XLOOKUP(RTData[[#This Row],[Ticker_Symbol]],TickerList!$G38:$G132,TickerList!N38:N132) -> 0 | AA39: =_xlfn.XLOOKUP(RTData[[#This Row],[Ticker_Symbol]],TickerList!$G38:$G132,TickerList!O38:O132) -> 0 | AB39: 0.0001 | AC39: 0.003 | AD39: 4.3 | AE39: =_xlfn.LET(_xlpm.New1YT,RTData[[#This Row],[1YT]], _xlpm.Old1YT,IF(ISNUMBER(RTData[[#This Row],[Old1YT]]),RTData[[#This Row],[Old1YT]],VALUE(LEFT(RTData[[#This Row],[Old1YT]],FIND("/",RTData[[#This Row],[Old1YT]],1)-1))), IF(OR(RTData[[#This Row],[1YT]]=0,_xlpm.Old1YT=0),0,(_xlpm.New1YT-_xlpm.Old1YT)/_xlpm.Old1YT)) -> 0 | AF39: =TEXT(RTData[[#This Row],[1YT]],"#,#0.00")&" < "&RTData[[#This Row],[Old1YT]] -> 0.00 < 4.3
A40: {=_xlfn.SINGLE(RTData[suffix])&_FV(RTData[[#This Row],[Company Name]],"Ticker symbol",TRUE)} -> RIGL | B40: =D99 -> 0.87001914 | C40: #VALUE! | D40: {=_FV(RTData[[#This Row],[Company Name]],"Currency")} -> USD | E40: {=_FV(RTData[[#This Row],[Company Name]],"Last trade time",TRUE)} -> 45966.998 | F40: {=_FV(RTData[[#This Row],[Company Name]],"Previous close",TRUE)} -> 28.38 | G40: {=_FV(RTData[[#This Row],[Company Name]],"Open")} -> 34.87 | H40: {=_FV(RTData[[#This Row],[Company Name]],"Price")} -> 37.85 | I40: {=_FV(RTData[[#This Row],[Company Name]],"Low")} -> 34.39 | J40: {=_FV(RTData[[#This Row],[Company Name]],"High")} -> 39.56 | K40: {=IFERROR(_FV(RTData[[#This Row],[Company Name]],"P/E",TRUE),99)} -> 4.6015 | L40: {=_FV(RTData[[#This Row],[Company Name]],"Change")} -> 9.47 | M40: {=_FV(RTData[[#This Row],[Company Name]],"Change (%)",TRUE)} -> 0.333686 | N40: {=_FV(RTData[[#This Row],[Company Name]],"52 week low",TRUE)} -> 13.91 | O40: {=_FV(RTData[[#This Row],[Company Name]],"52 week high",TRUE)} -> 43.7181 | P40: {=_FV(RTData[[#This Row],[Company Name]],"Volume")} -> 2321405 | Q40: {=_FV(RTData[[#This Row],[Company Name]],"Volume average",TRUE)} -> 490204 | R40: {=_FV(RTData[[#This Row],[Company Name]],"Beta")} -> 1.181 | T40: V | U40: {=_FV(RTData[[#This Row],[Company Name]],"Exchange abbreviation",TRUE)} -> XNAS | V40: =IFERROR(RTData[[#This Row],[Volume]]/RTData[[#This Row],[Volume average]],1) -> 4.7355897 | X40: =_xlfn.XLOOKUP(RTData[[#This Row],[Ticker_Symbol]],TickerList!$G39:$G133,TickerList!L39:L133) -> 38.33333 | Y40: =_xlfn.XLOOKUP(RTData[[#This Row],[Ticker_Symbol]],TickerList!$G39:$G133,TickerList!M39:M133) -> 0 | Z40: =_xlfn.XLOOKUP(RTData[[#This Row],[Ticker_Symbol]],TickerList!$G39:$G133,TickerList!N39:N133) -> Nov 4, 2025 | AA40: =_xlfn.XLOOKUP(RTData[[#This Row],[Ticker_Symbol]],TickerList!$G39:$G133,TickerList!O39:O133) -> 0 | AB40: 0.0001 | AC40: 0.003 | AD40: 0.56 | AE40: =_xlfn.LET(_xlpm.New1YT,RTData[[#This Row],[1YT]], _xlpm.Old1YT,IF(ISNUMBER(RTData[[#This Row],[Old1YT]]),RTData[[#This Row],[Old1YT]],VALUE(LEFT(RTData[[#This Row],[Old1YT]],FIND("/",RTData[[#This Row],[Old1YT]],1)-1))), IF(OR(RTData[[#This Row],[1YT]]=0,_xlpm.Old1YT=0),0,(_xlpm.New1YT-_xlpm.Old1YT)/_xlpm.Old1YT)) -> 67.452375 | AF40: =TEXT(RTData[[#This Row],[1YT]],"#,#0.00")&" < "&RTData[[#This Row],[Old1YT]] -> 38.33 < 0.56
A41: {=_xlfn.SINGLE(RTData[suffix])&_FV(RTData[[#This Row],[Company Name]],"Ticker symbol",TRUE)} -> RWE | B41: =D99 -> 0.87001914 | C41: #VALUE! | D41: {=_FV(RTData[[#This Row],[Company Name]],"Currency")} -> EUR | E41: {=_FV(RTData[[#This Row],[Company Name]],"Last trade time",TRUE)} -> 45966.878 | F41: {=_FV(RTData[[#This Row],[Company Name]],"Previous close",TRUE)} -> 42.34 | G41: {=_FV(RTData[[#This Row],[Company Name]],"Open")} -> 42.28 | H41: {=_FV(RTData[[#This Row],[Company Name]],"Price")} -> 42.61 | I41: {=_FV(RTData[[#This Row],[Company Name]],"Low")} -> 42.17 | J41: {=_FV(RTData[[#This Row],[Company Name]],"High")} -> 42.61 | K41: {=IFERROR(_FV(RTData[[#This Row],[Company Name]],"P/E",TRUE),99)} -> 12.2092 | L41: {=_FV(RTData[[#This Row],[Company Name]],"Change")} -> 0.27 | M41: {=_FV(RTData[[#This Row],[Company Name]],"Change (%)",TRUE)} -> 0.006377 | N41: {=_FV(RTData[[#This Row],[Company Name]],"52 week low",TRUE)} -> 14.231 | O41: {=_FV(RTData[[#This Row],[Company Name]],"52 week high",TRUE)} -> 44.03 | P41: {=_FV(RTData[[#This Row],[Company Name]],"Volume")} -> 5600 | Q41: {=_FV(RTData[[#This Row],[Company Name]],"Volume average",TRUE)} -> 1735050 | R41: {=_FV(RTData[[#This Row],[Company Name]],"Beta")} -> 0.4804 | T41: V | U41: {=_FV(RTData[[#This Row],[Company Name]],"Exchange abbreviation",TRUE)} -> XFRA | V41: =IFERROR(RTData[[#This Row],[Volume]]/RTData[[#This Row],[Volume average]],1) -> 0.0032275727 | X41: =_xlfn.XLOOKUP(RTData[[#This Row],[Ticker_Symbol]],TickerList!$G40:$G134,TickerList!L40:L134) -> 44.74706 | Y41: =_xlfn.XLOOKUP(RTData[[#This Row],[Ticker_Symbol]],TickerList!$G40:$G134,TickerList!M40:M134) -> 45779 | Z41: =_xlfn.XLOOKUP(RTData[[#This Row],[Ticker_Symbol]],TickerList!$G40:$G134,TickerList!N40:N134) -> 0 | AA41: =_xlfn.XLOOKUP(RTData[[#This Row],[Ticker_Symbol]],TickerList!$G40:$G134,TickerList!O40:O134) -> 0.025799999 | AB41: 0.0001 | AC41: 0.003 | AD41: 33.74/31.33 | AE41: =_xlfn.LET(_xlpm.New1YT,RTData[[#This Row],[1YT]], _xlpm.Old1YT,IF(ISNUMBER(RTData[[#This Row],[Old1YT]]),RTData[[#This Row],[Old1YT]],VALUE(LEFT(RTData[[#This Row],[Old1YT]],FIND("/",RTData[[#This Row],[Old1YT]],1)-1))), IF(OR(RTData[[#This Row],[1YT]]=0,_xlpm.Old1YT=0),0,(_xlpm.New1YT-_xlpm.Old1YT)/_xlpm.Old1YT)) -> 0.32623177 | AF41: =TEXT(RTData[[#This Row],[1YT]],"#,#0.00")&" < "&RTData[[#This Row],[Old1YT]] -> 44.75 < 33.74/31.33
A42: {=_xlfn.SINGLE(RTData[suffix])&_FV(RTData[[#This Row],[Company Name]],"Ticker symbol",TRUE)} -> SAP | B42: 1 | C42: #VALUE! | D42: {=_FV(RTData[[#This Row],[Company Name]],"Currency")} -> EUR | E42: {=_FV(RTData[[#This Row],[Company Name]],"Last trade time",TRUE)} -> 45966.95 | F42: {=_FV(RTData[[#This Row],[Company Name]],"Previous close",TRUE)} -> 226.05 | G42: {=_FV(RTData[[#This Row],[Company Name]],"Open")} -> 224.95 | H42: {=_FV(RTData[[#This Row],[Company Name]],"Price")} -> 227.95 | I42: {=_FV(RTData[[#This Row],[Company Name]],"Low")} -> 223.75 | J42: {=_FV(RTData[[#This Row],[Company Name]],"High")} -> 229.95 | K42: {=IFERROR(_FV(RTData[[#This Row],[Company Name]],"P/E",TRUE),99)} -> 37.5486 | L42: {=_FV(RTData[[#This Row],[Company Name]],"Change")} -> 1.9 | M42: {=_FV(RTData[[#This Row],[Company Name]],"Change (%)",TRUE)} -> 0.008405 | N42: {=_FV(RTData[[#This Row],[Company Name]],"52 week low",TRUE)} -> 209.7 | O42: {=_FV(RTData[[#This Row],[Company Name]],"52 week high",TRUE)} -> 283.5 | P42: {=_FV(RTData[[#This Row],[Company Name]],"Volume")} -> 944453 | Q42: {=_FV(RTData[[#This Row],[Company Name]],"Volume average",TRUE)} -> 1560890 | R42: {=_FV(RTData[[#This Row],[Company Name]],"Beta")} -> 1.0464 | T42: V | U42: {=_FV(RTData[[#This Row],[Company Name]],"Exchange abbreviation",TRUE)} -> XETR | V42: =IFERROR(RTData[[#This Row],[Volume]]/RTData[[#This Row],[Volume average]],1) -> 0.60507339 | X42: =_xlfn.XLOOKUP(RTData[[#This Row],[Ticker_Symbol]],TickerList!$G41:$G135,TickerList!L41:L135) -> 288.6668 | Y42: =_xlfn.XLOOKUP(RTData[[#This Row],[Ticker_Symbol]],TickerList!$G41:$G135,TickerList!M41:M135) -> 45791 | Z42: =_xlfn.XLOOKUP(RTData[[#This Row],[Ticker_Symbol]],TickerList!$G41:$G135,TickerList!N41:N135) -> 0 | AA42: =_xlfn.XLOOKUP(RTData[[#This Row],[Ticker_Symbol]],TickerList!$G41:$G135,TickerList!O41:O135) -> 0.0105 | AC42: 0.003 | AD42: 290 | AE42: =_xlfn.LET(_xlpm.New1YT,RTData[[#This Row],[1YT]], _xlpm.Old1YT,IF(ISNUMBER(RTData[[#This Row],[Old1YT]]),RTData[[#This Row],[Old1YT]],VALUE(LEFT(RTData[[#This Row],[Old1YT]],FIND("/",RTData[[#This Row],[Old1YT]],1)-1))), IF(OR(RTData[[#This Row],[1YT]]=0,_xlpm.Old1YT=0),0,(_xlpm.New1YT-_xlpm.Old1YT)/_xlpm.Old1YT)) -> -0.0045972414 | AF42: =TEXT(RTData[[#This Row],[1YT]],"#,#0.00")&" < "&RTData[[#This Row],[Old1YT]] -> 288.67 < 290
A43: {=_xlfn.SINGLE(RTData[suffix])&_FV(RTData[[#This Row],[Company Name]],"Ticker symbol",TRUE)} -> SHECY | B43: 1 | C43: #VALUE! | D43: {=_FV(RTData[[#This Row],[Company Name]],"Currency")} -> USD | E43: {=_FV(RTData[[#This Row],[Company Name]],"Last trade time",TRUE)} -> 45966.931 | F43: {=_FV(RTData[[#This Row],[Company Name]],"Previous close",TRUE)} -> 14.93 | G43: {=_FV(RTData[[#This Row],[Company Name]],"Open")} -> 14.27 | H43: {=_FV(RTData[[#This Row],[Company Name]],"Price")} -> 14.9 | I43: {=_FV(RTData[[#This Row],[Company Name]],"Low")} -> 14.27 | J43: {=_FV(RTData[[#This Row],[Company Name]],"High")} -> 14.97 | K43: {=IFERROR(_FV(RTData[[#This Row],[Company Name]],"P/E",TRUE),99)} -> 0 | L43: {=_FV(RTData[[#This Row],[Company Name]],"Change")} -> -0.03 | M43: {=_FV(RTData[[#This Row],[Company Name]],"Change (%)",TRUE)} -> -0.002009 | N43: {=_FV(RTData[[#This Row],[Company Name]],"52 week low",TRUE)} -> 11.88 | O43: {=_FV(RTData[[#This Row],[Company Name]],"52 week high",TRUE)} -> 19.86 | P43: {=_FV(RTData[[#This Row],[Company Name]],"Volume")} -> 380683 | Q43: {=_FV(RTData[[#This Row],[Company Name]],"Volume average",TRUE)} -> 7234540 | R43: {=_FV(RTData[[#This Row],[Company Name]],"Beta")} -> 1.2863 | T43: V | U43: {=_FV(RTData[[#This Row],[Company Name]],"Exchange abbreviation",TRUE)} -> OTCM | V43: =IFERROR(RTData[[#This Row],[Volume]]/RTData[[#This Row],[Volume average]],1) -> 0.052620208 | X43: =_xlfn.XLOOKUP(RTData[[#This Row],[Ticker_Symbol]],TickerList!$G42:$G136,TickerList!L42:L136) -> 0 | Y43: =_xlfn.XLOOKUP(RTData[[#This Row],[Ticker_Symbol]],TickerList!$G42:$G136,TickerList!M42:M136) -> 45747 | Z43: =_xlfn.XLOOKUP(RTData[[#This Row],[Ticker_Symbol]],TickerList!$G42:$G136,TickerList!N42:N136) -> 0 | AA43: =_xlfn.XLOOKUP(RTData[[#This Row],[Ticker_Symbol]],TickerList!$G42:$G136,TickerList!O42:O136) -> 0.024500001 | AC43: 0.003 | AD43: 331.33/312.72 | AE43: =_xlfn.LET(_xlpm.New1YT,RTData[[#This Row],[1YT]], _xlpm.Old1YT,IF(ISNUMBER(RTData[[#This Row],[Old1YT]]),RTData[[#This Row],[Old1YT]],VALUE(LEFT(RTData[[#This Row],[Old1YT]],FIND("/",RTData[[#This Row],[Old1YT]],1)-1))), IF(OR(RTData[[#This Row],[1YT]]=0,_xlpm.Old1YT=0),0,(_xlpm.New1YT-_xlpm.Old1YT)/_xlpm.Old1YT)) -> 0 | AF43: =TEXT(RTData[[#This Row],[1YT]],"#,#0.00")&" < "&RTData[[#This Row],[Old1YT]] -> 0.00 < 331.33/312.72
A44: {=_xlfn.SINGLE(RTData[suffix])&_FV(RTData[[#This Row],[Company Name]],"Ticker symbol",TRUE)} -> SSYS | B44: =D99 -> 0.87001914 | C44: #VALUE! | D44: {=_FV(RTData[[#This Row],[Company Name]],"Currency")} -> USD | E44: {=_FV(RTData[[#This Row],[Company Name]],"Last trade time",TRUE)} -> 45966.996 | F44: {=_FV(RTData[[#This Row],[Company Name]],"Previous close",TRUE)} -> 9.87 | G44: {=_FV(RTData[[#This Row],[Company Name]],"Open")} -> 9.88 | H44: {=_FV(RTData[[#This Row],[Company Name]],"Price")} -> 9.85 | I44: {=_FV(RTData[[#This Row],[Company Name]],"Low")} -> 9.77 | J44: {=_FV(RTData[[#This Row],[Company Name]],"High")} -> 9.9859 | K44: {=IFERROR(_FV(RTData[[#This Row],[Company Name]],"P/E",TRUE),99)} -> 0 | L44: {=_FV(RTData[[#This Row],[Company Name]],"Change")} -> -0.02 | M44: {=_FV(RTData[[#This Row],[Company Name]],"Change (%)",TRUE)} -> -0.002026 | N44: {=_FV(RTData[[#This Row],[Company Name]],"52 week low",TRUE)} -> 7.22 | O44: {=_FV(RTData[[#This Row],[Company Name]],"52 week high",TRUE)} -> 12.88 | P44: {=_FV(RTData[[#This Row],[Company Name]],"Volume")} -> 592982 | Q44: {=_FV(RTData[[#This Row],[Company Name]],"Volume average",TRUE)} -> 974898 | R44: {=_FV(RTData[[#This Row],[Company Name]],"Beta")} -> 1.4714 | T44: V | U44: {=_FV(RTData[[#This Row],[Company Name]],"Exchange abbreviation",TRUE)} -> XNAS | V44: =IFERROR(RTData[[#This Row],[Volume]]/RTData[[#This Row],[Volume average]],1) -> 0.6082503 | X44: =_xlfn.XLOOKUP(RTData[[#This Row],[Ticker_Symbol]],TickerList!$G43:$G137,TickerList!L43:L137) -> 13.33333 | Y44: =_xlfn.XLOOKUP(RTData[[#This Row],[Ticker_Symbol]],TickerList!$G43:$G137,TickerList!M43:M137) -> 0 | Z44: =_xlfn.XLOOKUP(RTData[[#This Row],[Ticker_Symbol]],TickerList!$G43:$G137,TickerList!N43:N137) -> Nov 13, 2025 | AA44: =_xlfn.XLOOKUP(RTData[[#This Row],[Ticker_Symbol]],TickerList!$G43:$G137,TickerList!O43:O137) -> 0 | AB44: 0.0001 | AC44: 0.003 | AD44: 42.6 | AE44: =_xlfn.LET(_xlpm.New1YT,RTData[[#This Row],[1YT]], _xlpm.Old1YT,IF(ISNUMBER(RTData[[#This Row],[Old1YT]]),RTData[[#This Row],[Old1YT]],VALUE(LEFT(RTData[[#This Row],[Old1YT]],FIND("/",RTData[[#This Row],[Old1YT]],1)-1))), IF(OR(RTData[[#This Row],[1YT]]=0,_xlpm.Old1YT=0),0,(_xlpm.New1YT-_xlpm.Old1YT)/_xlpm.Old1YT)) -> -0.68701103 | AF44: =TEXT(RTData[[#This Row],[1YT]],"#,#0.00")&" < "&RTData[[#This Row],[Old1YT]] -> 13.33 < 42.6
A45: {=_xlfn.SINGLE(RTData[suffix])&_FV(RTData[[#This Row],[Company Name]],"Ticker symbol",TRUE)} -> TSLA | B45: =D99 -> 0.87001914 | C45: #VALUE! | D45: {=_FV(RTData[[#This Row],[Company Name]],"Currency")} -> USD | E45: {=_FV(RTData[[#This Row],[Company Name]],"Last trade time",TRUE)} -> 45967.001 | F45: {=_FV(RTData[[#This Row],[Company Name]],"Previous close",TRUE)} -> 444.26 | G45: {=_FV(RTData[[#This Row],[Company Name]],"Open")} -> 452.05 | H45: {=_FV(RTData[[#This Row],[Company Name]],"Price")} -> 462.258 | I45: {=_FV(RTData[[#This Row],[Company Name]],"Low")} -> 440.71 | J45: {=_FV(RTData[[#This Row],[Company Name]],"High")} -> 466.3299 | K45: {=IFERROR(_FV(RTData[[#This Row],[Company Name]],"P/E",TRUE),99)} -> 308.0176 | L45: {=_FV(RTData[[#This Row],[Company Name]],"Change")} -> 17.998 | M45: {=_FV(RTData[[#This Row],[Company Name]],"Change (%)",TRUE)} -> 0.040512 | N45: {=_FV(RTData[[#This Row],[Company Name]],"52 week low",TRUE)} -> 214.25 | O45: {=_FV(RTData[[#This Row],[Company Name]],"52 week high",TRUE)} -> 488.5399 | P45: {=_FV(RTData[[#This Row],[Company Name]],"Volume")} -> 85406218 | Q45: {=_FV(RTData[[#This Row],[Company Name]],"Volume average",TRUE)} -> 88177870 | R45: {=_FV(RTData[[#This Row],[Company Name]],"Beta")} -> 1.8744 | T45: V | U45: {=_FV(RTData[[#This Row],[Company Name]],"Exchange abbreviation",TRUE)} -> XNAS | V45: =IFERROR(RTData[[#This Row],[Volume]]/RTData[[#This Row],[Volume average]],1) -> 0.96856749 | X45: =_xlfn.XLOOKUP(RTData[[#This Row],[Ticker_Symbol]],TickerList!$G44:$G138,TickerList!L44:L138) -> 391.31805 | Y45: =_xlfn.XLOOKUP(RTData[[#This Row],[Ticker_Symbol]],TickerList!$G44:$G138,TickerList!M44:M138) -> 0 | Z45: =_xlfn.XLOOKUP(RTData[[#This Row],[Ticker_Symbol]],TickerList!$G44:$G138,TickerList!N44:N138) -> Jan 28, 2026 | AA45: =_xlfn.XLOOKUP(RTData[[#This Row],[Ticker_Symbol]],TickerList!$G44:$G138,TickerList!O44:O138) -> 0 | AB45: 0.0001 | AC45: 0.003 | AD45: 11.8 | AE45: =_xlfn.LET(_xlpm.New1YT,RTData[[#This Row],[1YT]], _xlpm.Old1YT,IF(ISNUMBER(RTData[[#This Row],[Old1YT]]),RTData[[#This Row],[Old1YT]],VALUE(LEFT(RTData[[#This Row],[Old1YT]],FIND("/",RTData[[#This Row],[Old1YT]],1)-1))), IF(OR(RTData[[#This Row],[1YT]]=0,_xlpm.Old1YT=0),0,(_xlpm.New1YT-_xlpm.Old1YT)/_xlpm.Old1YT)) -> 32.162547 | AF45: =TEXT(RTData[[#This Row],[1YT]],"#,#0.00")&" < "&RTData[[#This Row],[Old1YT]] -> 391.32 < 11.8
A46: {=_xlfn.SINGLE(RTData[suffix])&_FV(RTData[[#This Row],[Company Name]],"Ticker symbol",TRUE)} -> TSM | B46: =D99 -> 0.87001914 | C46: #VALUE! | D46: {=_FV(RTData[[#This Row],[Company Name]],"Currency")} -> USD | E46: {=_FV(RTData[[#This Row],[Company Name]],"Last trade time",TRUE)} -> 45967 | F46: {=_FV(RTData[[#This Row],[Company Name]],"Previous close",TRUE)} -> 294.05 | G46: {=_FV(RTData[[#This Row],[Company Name]],"Open")} -> 292.62 | H46: {=_FV(RTData[[#This Row],[Company Name]],"Price")} -> 293.95 | I46: {=_FV(RTData[[#This Row],[Company Name]],"Low")} -> 291.5 | J46: {=_FV(RTData[[#This Row],[Company Name]],"High")} -> 298.2185 | K46: {=IFERROR(_FV(RTData[[#This Row],[Company Name]],"P/E",TRUE),99)} -> 29.2499 | L46: {=_FV(RTData[[#This Row],[Company Name]],"Change")} -> -0.1 | M46: {=_FV(RTData[[#This Row],[Company Name]],"Change (%)",TRUE)} -> -0.0003401 | N46: {=_FV(RTData[[#This Row],[Company Name]],"52 week low",TRUE)} -> 134.25 | O46: {=_FV(RTData[[#This Row],[Company Name]],"52 week high",TRUE)} -> 311.3685 | P46: {=_FV(RTData[[#This Row],[Company Name]],"Volume")} -> 10491376 | Q46: {=_FV(RTData[[#This Row],[Company Name]],"Volume average",TRUE)} -> 14758602 | R46: {=_FV(RTData[[#This Row],[Company Name]],"Beta")} -> 1.3111 | T46: V | U46: {=_FV(RTData[[#This Row],[Company Name]],"Exchange abbreviation",TRUE)} -> XNYS | V46: =IFERROR(RTData[[#This Row],[Volume]]/RTData[[#This Row],[Volume average]],1) -> 0.71086516 | X46: =_xlfn.XLOOKUP(RTData[[#This Row],[Ticker_Symbol]],TickerList!$G45:$G139,TickerList!L45:L139) -> 335.39688 | Y46: =_xlfn.XLOOKUP(RTData[[#This Row],[Ticker_Symbol]],TickerList!$G45:$G139,TickerList!M45:M139) -> 46002 | Z46: =_xlfn.XLOOKUP(RTData[[#This Row],[Ticker_Symbol]],TickerList!$G45:$G139,TickerList!N45:N139) -> Jan 15, 2026 | AA46: =_xlfn.XLOOKUP(RTData[[#This Row],[Ticker_Symbol]],TickerList!$G45:$G139,TickerList!O45:O139) -> 0.0111 | AB46: 0.0001 | AC46: 0.003 | AD46: 209.14 | AE46: =_xlfn.LET(_xlpm.New1YT,RTData[[#This Row],[1YT]], _xlpm.Old1YT,IF(ISNUMBER(RTData[[#This Row],[Old1YT]]),RTData[[#This Row],[Old1YT]],VALUE(LEFT(RTData[[#This Row],[Old1YT]],FIND("/",RTData[[#This Row],[Old1YT]],1)-1))), IF(OR(RTData[[#This Row],[1YT]]=0,_xlpm.Old1YT=0),0,(_xlpm.New1YT-_xlpm.Old1YT)/_xlpm.Old1YT)) -> 0.60369551 | AF46: =TEXT(RTData[[#This Row],[1YT]],"#,#0.00")&" < "&RTData[[#This Row],[Old1YT]] -> 335.40 < 209.14
A47: {=_xlfn.SINGLE(RTData[suffix])&_FV(RTData[[#This Row],[Company Name]],"Ticker symbol",TRUE)} -> UN0 | B47: =D99 -> 0.87001914 | C47: #VALUE! | D47: {=_FV(RTData[[#This Row],[Company Name]],"Currency")} -> EUR | E47: {=_FV(RTData[[#This Row],[Company Name]],"Last trade time",TRUE)} -> 45966.878 | F47: {=_FV(RTData[[#This Row],[Company Name]],"Previous close",TRUE)} -> 29.6 | G47: {=_FV(RTData[[#This Row],[Company Name]],"Open")} -> 29.5 | H47: {=_FV(RTData[[#This Row],[Company Name]],"Price")} -> 29.5 | I47: {=_FV(RTData[[#This Row],[Company Name]],"Low")} -> 29.5 | J47: {=_FV(RTData[[#This Row],[Company Name]],"High")} -> 29.6 | K47: {=IFERROR(_FV(RTData[[#This Row],[Company Name]],"P/E",TRUE),99)} -> 99 | L47: {=_FV(RTData[[#This Row],[Company Name]],"Change")} -> -0.1 | M47: {=_FV(RTData[[#This Row],[Company Name]],"Change (%)",TRUE)} -> -0.003378 | N47: {=_FV(RTData[[#This Row],[Company Name]],"52 week low",TRUE)} -> 2.1 | O47: {=_FV(RTData[[#This Row],[Company Name]],"52 week high",TRUE)} -> 73.5 | P47: {=_FV(RTData[[#This Row],[Company Name]],"Volume")} -> 464 | Q47: {=_FV(RTData[[#This Row],[Company Name]],"Volume average",TRUE)} -> 5390 | R47: {=_FV(RTData[[#This Row],[Company Name]],"Beta")} -> 1.0946 | T47: V | U47: {=_FV(RTData[[#This Row],[Company Name]],"Exchange abbreviation",TRUE)} -> XFRA | V47: =IFERROR(RTData[[#This Row],[Volume]]/RTData[[#This Row],[Volume average]],1) -> 0.086085343 | X47: =_xlfn.XLOOKUP(RTData[[#This Row],[Ticker_Symbol]],TickerList!$G46:$G140,TickerList!L46:L140) -> 0 | Y47: =_xlfn.XLOOKUP(RTData[[#This Row],[Ticker_Symbol]],TickerList!$G46:$G140,TickerList!M46:M140) -> 0 | Z47: =_xlfn.XLOOKUP(RTData[[#This Row],[Ticker_Symbol]],TickerList!$G46:$G140,TickerList!N46:N140) -> 0 | AA47: =_xlfn.XLOOKUP(RTData[[#This Row],[Ticker_Symbol]],TickerList!$G46:$G140,TickerList!O46:O140) -> 0 | AB47: 0.0001 | AC47: 0.003 | AD47: 229.89/159.2 | AE47: =_xlfn.LET(_xlpm.New1YT,RTData[[#This Row],[1YT]], _xlpm.Old1YT,IF(ISNUMBER(RTData[[#This Row],[Old1YT]]),RTData[[#This Row],[Old1YT]],VALUE(LEFT(RTData[[#This Row],[Old1YT]],FIND("/",RTData[[#This Row],[Old1YT]],1)-1))), IF(OR(RTData[[#This Row],[1YT]]=0,_xlpm.Old1YT=0),0,(_xlpm.New1YT-_xlpm.Old1YT)/_xlpm.Old1YT)) -> 0 | AF47: =TEXT(RTData[[#This Row],[1YT]],"#,#0.00")&" < "&RTData[[#This Row],[Old1YT]] -> 0.00 < 229.89/159.2
A48: {=_xlfn.SINGLE(RTData[suffix])&_FV(RTData[[#This Row],[Company Name]],"Ticker symbol",TRUE)} -> UNIT | B48: 1 | C48: #VALUE! | D48: {=_FV(RTData[[#This Row],[Company Name]],"Currency")} -> USD | E48: {=_FV(RTData[[#This Row],[Company Name]],"Last trade time",TRUE)} -> 45966.982 | F48: {=_FV(RTData[[#This Row],[Company Name]],"Previous close",TRUE)} -> 6 | G48: {=_FV(RTData[[#This Row],[Company Name]],"Open")} -> 6 | H48: {=_FV(RTData[[#This Row],[Company Name]],"Price")} -> 6.4 | I48: {=_FV(RTData[[#This Row],[Company Name]],"Low")} -> 5.94 | J48: {=_FV(RTData[[#This Row],[Company Name]],"High")} -> 6.7199 | K48: {=IFERROR(_FV(RTData[[#This Row],[Company Name]],"P/E",TRUE),99)} -> 1.273 | L48: {=_FV(RTData[[#This Row],[Company Name]],"Change")} -> 0.4 | M48: {=_FV(RTData[[#This Row],[Company Name]],"Change (%)",TRUE)} -> 0.066667 | N48: {=_FV(RTData[[#This Row],[Company Name]],"52 week low",TRUE)} -> 5.3 | O48: {=_FV(RTData[[#This Row],[Company Name]],"52 week high",TRUE)} -> 10.4661 | P48: {=_FV(RTData[[#This Row],[Company Name]],"Volume")} -> 4479962 | Q48: {=_FV(RTData[[#This Row],[Company Name]],"Volume average",TRUE)} -> 2533146 | R48: {=_FV(RTData[[#This Row],[Company Name]],"Beta")} -> 1.4945 | T48: V | U48: {=_FV(RTData[[#This Row],[Company Name]],"Exchange abbreviation",TRUE)} -> XNAS | V48: =IFERROR(RTData[[#This Row],[Volume]]/RTData[[#This Row],[Volume average]],1) -> 1.7685368 | X48: =_xlfn.XLOOKUP(RTData[[#This Row],[Ticker_Symbol]],TickerList!$G47:$G141,TickerList!L47:L141) -> 7.42222 | Y48: =_xlfn.XLOOKUP(RTData[[#This Row],[Ticker_Symbol]],TickerList!$G47:$G141,TickerList!M47:M141) -> 45457 | Z48: =_xlfn.XLOOKUP(RTData[[#This Row],[Ticker_Symbol]],TickerList!$G47:$G141,TickerList!N47:N141) -> Nov 4, 2025 | AA48: =_xlfn.XLOOKUP(RTData[[#This Row],[Ticker_Symbol]],TickerList!$G47:$G141,TickerList!O47:O141) -> 0 | AC48: 0.003 | AD48: 42.3 | AE48: =_xlfn.LET(_xlpm.New1YT,RTData[[#This Row],[1YT]], _xlpm.Old1YT,IF(ISNUMBER(RTData[[#This Row],[Old1YT]]),RTData[[#This Row],[Old1YT]],VALUE(LEFT(RTData[[#This Row],[Old1YT]],FIND("/",RTData[[#This Row],[Old1YT]],1)-1))), IF(OR(RTData[[#This Row],[1YT]]=0,_xlpm.Old1YT=0),0,(_xlpm.New1YT-_xlpm.Old1YT)/_xlpm.Old1YT)) -> -0.82453381 | AF48: =TEXT(RTData[[#This Row],[1YT]],"#,#0.00")&" < "&RTData[[#This Row],[Old1YT]] -> 7.42 < 42.3
A49: {=_xlfn.SINGLE(RTData[suffix])&_FV(RTData[[#This Row],[Company Name]],"Ticker symbol",TRUE)} -> VLVLY | B49: =D99 -> 0.87001914 | C49: #VALUE! | D49: {=_FV(RTData[[#This Row],[Company Name]],"Currency")} -> USD | E49: {=_FV(RTData[[#This Row],[Company Name]],"Last trade time",TRUE)} -> 45966.931 | F49: {=_FV(RTData[[#This Row],[Company Name]],"Previous close",TRUE)} -> 26.82 | G49: {=_FV(RTData[[#This Row],[Company Name]],"Open")} -> 27.375 | H49: {=_FV(RTData[[#This Row],[Company Name]],"Price")} -> 27.5806 | I49: {=_FV(RTData[[#This Row],[Company Name]],"Low")} -> 27.3 | J49: {=_FV(RTData[[#This Row],[Company Name]],"High")} -> 27.6899 | K49: {=IFERROR(_FV(RTData[[#This Row],[Company Name]],"P/E",TRUE),99)} -> 0 | L49: {=_FV(RTData[[#This Row],[Company Name]],"Change")} -> 0.7606 | M49: {=_FV(RTData[[#This Row],[Company Name]],"Change (%)",TRUE)} -> 0.028359 | N49: {=_FV(RTData[[#This Row],[Company Name]],"52 week low",TRUE)} -> 22.55 | O49: {=_FV(RTData[[#This Row],[Company Name]],"52 week high",TRUE)} -> 33.33 | P49: {=_FV(RTData[[#This Row],[Company Name]],"Volume")} -> 89619 | Q49: {=_FV(RTData[[#This Row],[Company Name]],"Volume average",TRUE)} -> 2301540 | R49: {=_FV(RTData[[#This Row],[Company Name]],"Beta")} -> 0.8992 | T49: V | U49: {=_FV(RTData[[#This Row],[Company Name]],"Exchange abbreviation",TRUE)} -> OTCM | V49: =IFERROR(RTData[[#This Row],[Volume]]/RTData[[#This Row],[Volume average]],1) -> 0.038938711 | X49: =_xlfn.XLOOKUP(RTData[[#This Row],[Ticker_Symbol]],TickerList!$G48:$G142,TickerList!L48:L142) -> 34 | Y49: =_xlfn.XLOOKUP(RTData[[#This Row],[Ticker_Symbol]],TickerList!$G48:$G142,TickerList!M48:M142) -> 45751 | Z49: =_xlfn.XLOOKUP(RTData[[#This Row],[Ticker_Symbol]],TickerList!$G48:$G142,TickerList!N48:N142) -> 0 | AA49: =_xlfn.XLOOKUP(RTData[[#This Row],[Ticker_Symbol]],TickerList!$G48:$G142,TickerList!O48:O142) -> 0.0291 | AB49: 0.0001 | AC49: 0.003 | AD49: 29.73 | AE49: =_xlfn.LET(_xlpm.New1YT,RTData[[#This Row],[1YT]], _xlpm.Old1YT,IF(ISNUMBER(RTData[[#This Row],[Old1YT]]),RTData[[#This Row],[Old1YT]],VALUE(LEFT(RTData[[#This Row],[Old1YT]],FIND("/",RTData[[#This Row],[Old1YT]],1)-1))), IF(OR(RTData[[#This Row],[1YT]]=0,_xlpm.Old1YT=0),0,(_xlpm.New1YT-_xlpm.Old1YT)/_xlpm.Old1YT)) -> 0.14362597 | AF49: =TEXT(RTData[[#This Row],[1YT]],"#,#0.00")&" < "&RTData[[#This Row],[Old1YT]] -> 34.00 < 29.73
A50: {=_xlfn.SINGLE(RTData[suffix])&_FV(RTData[[#This Row],[Company Name]],"Ticker symbol",TRUE)} -> VONN | B50: =D100 -> 1.0742292 | C50: #VALUE! | D50: {=_FV(RTData[[#This Row],[Company Name]],"Currency")} -> CHF | E50: {=_FV(RTData[[#This Row],[Company Name]],"Last trade time",TRUE)} -> 45966.854 | F50: {=_FV(RTData[[#This Row],[Company Name]],"Previous close",TRUE)} -> 59.4 | G50: {=_FV(RTData[[#This Row],[Company Name]],"Open")} -> 59.3 | H50: {=_FV(RTData[[#This Row],[Company Name]],"Price")} -> 59.1 | I50: {=_FV(RTData[[#This Row],[Company Name]],"Low")} -> 58.9 | J50: {=_FV(RTData[[#This Row],[Company Name]],"High")} -> 59.6 | K50: {=IFERROR(_FV(RTData[[#This Row],[Company Name]],"P/E",TRUE),99)} -> 13.3409 | L50: {=_FV(RTData[[#This Row],[Company Name]],"Change")} -> -0.3 | M50: {=_FV(RTData[[#This Row],[Company Name]],"Change (%)",TRUE)} -> -0.005051 | N50: {=_FV(RTData[[#This Row],[Company Name]],"52 week low",TRUE)} -> 51.1 | O50: {=_FV(RTData[[#This Row],[Company Name]],"52 week high",TRUE)} -> 69.5 | P50: {=_FV(RTData[[#This Row],[Company Name]],"Volume")} -> 29757 | Q50: {=_FV(RTData[[#This Row],[Company Name]],"Volume average",TRUE)} -> 41580 | R50: {=_FV(RTData[[#This Row],[Company Name]],"Beta")} -> 0.8467 | T50: V | U50: {=_FV(RTData[[#This Row],[Company Name]],"Exchange abbreviation",TRUE)} -> XSWX | V50: =IFERROR(RTData[[#This Row],[Volume]]/RTData[[#This Row],[Volume average]],1) -> 0.71565657 | X50: =_xlfn.XLOOKUP(RTData[[#This Row],[Ticker_Symbol]],TickerList!$G49:$G143,TickerList!L49:L143) -> 61.5 | Y50: =_xlfn.XLOOKUP(RTData[[#This Row],[Ticker_Symbol]],TickerList!$G49:$G143,TickerList!M49:M143) -> 45751 | Z50: =_xlfn.XLOOKUP(RTData[[#This Row],[Ticker_Symbol]],TickerList!$G49:$G143,TickerList!N49:N143) -> -- | AA50: =_xlfn.XLOOKUP(RTData[[#This Row],[Ticker_Symbol]],TickerList!$G49:$G143,TickerList!O49:O143) -> 0.049200002 | AC50: 0.003 | AD50: 61/57 | AE50: =_xlfn.LET(_xlpm.New1YT,RTData[[#This Row],[1YT]], _xlpm.Old1YT,IF(ISNUMBER(RTData[[#This Row],[Old1YT]]),RTData[[#This Row],[Old1YT]],VALUE(LEFT(RTData[[#This Row],[Old1YT]],FIND("/",RTData[[#This Row],[Old1YT]],1)-1))), IF(OR(RTData[[#This Row],[1YT]]=0,_xlpm.Old1YT=0),0,(_xlpm.New1YT-_xlpm.Old1YT)/_xlpm.Old1YT)) -> 0.0081967213 | AF50: =TEXT(RTData[[#This Row],[1YT]],"#,#0.00")&" < "&RTData[[#This Row],[Old1YT]] -> 61.50 < 61/57
A51: {=_xlfn.SINGLE(RTData[suffix])&_FV(RTData[[#This Row],[Company Name]],"Ticker symbol",TRUE)} -> VTRS | B51: =D99 -> 0.87001914 | C51: #VALUE! | D51: {=_FV(RTData[[#This Row],[Company Name]],"Currency")} -> USD | E51: {=_FV(RTData[[#This Row],[Company Name]],"Last trade time",TRUE)} -> 45966.997 | F51: {=_FV(RTData[[#This Row],[Company Name]],"Previous close",TRUE)} -> 10.49 | G51: {=_FV(RTData[[#This Row],[Company Name]],"Open")} -> 10.45 | H51: {=_FV(RTData[[#This Row],[Company Name]],"Price")} -> 10.75 | I51: {=_FV(RTData[[#This Row],[Company Name]],"Low")} -> 10.41 | J51: {=_FV(RTData[[#This Row],[Company Name]],"High")} -> 10.81 | K51: {=IFERROR(_FV(RTData[[#This Row],[Company Name]],"P/E",TRUE),99)} -> 0 | L51: {=_FV(RTData[[#This Row],[Company Name]],"Change")} -> 0.26 | M51: {=_FV(RTData[[#This Row],[Company Name]],"Change (%)",TRUE)} -> 0.024786 | N51: {=_FV(RTData[[#This Row],[Company Name]],"52 week low",TRUE)} -> 6.85 | O51: {=_FV(RTData[[#This Row],[Company Name]],"52 week high",TRUE)} -> 13.55 | P51: {=_FV(RTData[[#This Row],[Company Name]],"Volume")} -> 17838532 | Q51: {=_FV(RTData[[#This Row],[Company Name]],"Volume average",TRUE)} -> 7520058 | R51: {=_FV(RTData[[#This Row],[Company Name]],"Beta")} -> 0.83 | T51: V | U51: {=_FV(RTData[[#This Row],[Company Name]],"Exchange abbreviation",TRUE)} -> XNAS | V51: =IFERROR(RTData[[#This Row],[Volume]]/RTData[[#This Row],[Volume average]],1) -> 2.3721269 | X51: =_xlfn.XLOOKUP(RTData[[#This Row],[Ticker_Symbol]],TickerList!$G50:$G144,TickerList!L50:L144) -> 12 | Y51: =_xlfn.XLOOKUP(RTData[[#This Row],[Ticker_Symbol]],TickerList!$G50:$G144,TickerList!M50:M144) -> 45891 | Z51: =_xlfn.XLOOKUP(RTData[[#This Row],[Ticker_Symbol]],TickerList!$G50:$G144,TickerList!N50:N144) -> Nov 6, 2025 | AA51: =_xlfn.XLOOKUP(RTData[[#This Row],[Ticker_Symbol]],TickerList!$G50:$G144,TickerList!O50:O144) -> 0.0463 | AB51: 0.0001 | AC51: 0.003 | AD51: 11.38/11.59/15.57 | AE51: =_xlfn.LET(_xlpm.New1YT,RTData[[#This Row],[1YT]], _xlpm.Old1YT,IF(ISNUMBER(RTData[[#This Row],[Old1YT]]),RTData[[#This Row],[Old1YT]],VALUE(LEFT(RTData[[#This Row],[Old1YT]],FIND("/",RTData[[#This Row],[Old1YT]],1)-1))), IF(OR(RTData[[#This Row],[1YT]]=0,_xlpm.Old1YT=0),0,(_xlpm.New1YT-_xlpm.Old1YT)/_xlpm.Old1YT)) -> 0.054481547 | AF51: =TEXT(RTData[[#This Row],[1YT]],"#,#0.00")&" < "&RTData[[#This Row],[Old1YT]] -> 12.00 < 11.38/11.59/15.57
A52: {=_xlfn.SINGLE(RTData[suffix])&_FV(RTData[[#This Row],[Company Name]],"Ticker symbol",TRUE)} -> WBA | B52: =D99 -> 0.87001914 | C52: #VALUE! | D52: {=_FV(RTData[[#This Row],[Company Name]],"Currency")} -> USD | E52: {=_FV(RTData[[#This Row],[Company Name]],"Last trade time",TRUE)} -> 45896.992 | F52: {=_FV(RTData[[#This Row],[Company Name]],"Previous close",TRUE)} -> 11.92 | G52: {=_FV(RTData[[#This Row],[Company Name]],"Open")} -> 11.915 | H52: {=_FV(RTData[[#This Row],[Company Name]],"Price")} -> 11.98 | I52: {=_FV(RTData[[#This Row],[Company Name]],"Low")} -> 11.9 | J52: {=_FV(RTData[[#This Row],[Company Name]],"High")} -> 12.11 | K52: {=IFERROR(_FV(RTData[[#This Row],[Company Name]],"P/E",TRUE),99)} -> 0 | L52: {=_FV(RTData[[#This Row],[Company Name]],"Change")} -> 0 | M52: {=_FV(RTData[[#This Row],[Company Name]],"Change (%)",TRUE)} -> 0 | N52: {=_FV(RTData[[#This Row],[Company Name]],"52 week low",TRUE)} -> 8.08 | O52: {=_FV(RTData[[#This Row],[Company Name]],"52 week high",TRUE)} -> 13.2495 | P52: {=_FV(RTData[[#This Row],[Company Name]],"Volume")} -> 452081061 | Q52: {=_FV(RTData[[#This Row],[Company Name]],"Volume average",TRUE)} -> 30166826 | R52: {=_FV(RTData[[#This Row],[Company Name]],"Beta")} -> 0.8164 | T52: V | U52: {=_FV(RTData[[#This Row],[Company Name]],"Exchange abbreviation",TRUE)} -> XNAS | V52: =IFERROR(RTData[[#This Row],[Volume]]/RTData[[#This Row],[Volume average]],1) -> 14.986033 | X52: =_xlfn.XLOOKUP(RTData[[#This Row],[Ticker_Symbol]],TickerList!$G51:$G145,TickerList!L51:L145) -> 0 | Y52: =_xlfn.XLOOKUP(RTData[[#This Row],[Ticker_Symbol]],TickerList!$G51:$G145,TickerList!M51:M145) -> 0 | Z52: =_xlfn.XLOOKUP(RTData[[#This Row],[Ticker_Symbol]],TickerList!$G51:$G145,TickerList!N51:N145) -> 0 | AA52: =_xlfn.XLOOKUP(RTData[[#This Row],[Ticker_Symbol]],TickerList!$G51:$G145,TickerList!O51:O145) -> 0 | AB52: 0.0001 | AC52: 0.003 | AD52: 21.58 | AE52: =_xlfn.LET(_xlpm.New1YT,RTData[[#This Row],[1YT]], _xlpm.Old1YT,IF(ISNUMBER(RTData[[#This Row],[Old1YT]]),RTData[[#This Row],[Old1YT]],VALUE(LEFT(RTData[[#This Row],[Old1YT]],FIND("/",RTData[[#This Row],[Old1YT]],1)-1))), IF(OR(RTData[[#This Row],[1YT]]=0,_xlpm.Old1YT=0),0,(_xlpm.New1YT-_xlpm.Old1YT)/_xlpm.Old1YT)) -> 0 | AF52: =TEXT(RTData[[#This Row],[1YT]],"#,#0.00")&" < "&RTData[[#This Row],[Old1YT]] -> 0.00 < 21.58
A53: {=_xlfn.SINGLE(RTData[suffix])&_FV(RTData[[#This Row],[Company Name]],"Ticker symbol",TRUE)} -> XOM | B53: =D99 -> 0.87001914 | C53: #VALUE! | D53: {=_FV(RTData[[#This Row],[Company Name]],"Currency")} -> USD | E53: {=_FV(RTData[[#This Row],[Company Name]],"Last trade time",TRUE)} -> 45966.997 | F53: {=_FV(RTData[[#This Row],[Company Name]],"Previous close",TRUE)} -> 114.14 | G53: {=_FV(RTData[[#This Row],[Company Name]],"Open")} -> 114.09 | H53: {=_FV(RTData[[#This Row],[Company Name]],"Price")} -> 113.71 | I53: {=_FV(RTData[[#This Row],[Company Name]],"Low")} -> 113.67 | J53: {=_FV(RTData[[#This Row],[Company Name]],"High")} -> 115.18 | K53: {=IFERROR(_FV(RTData[[#This Row],[Company Name]],"P/E",TRUE),99)} -> 16.5291 | L53: {=_FV(RTData[[#This Row],[Company Name]],"Change")} -> -0.43 | M53: {=_FV(RTData[[#This Row],[Company Name]],"Change (%)",TRUE)} -> -0.003767 | N53: {=_FV(RTData[[#This Row],[Company Name]],"52 week low",TRUE)} -> 97.8 | O53: {=_FV(RTData[[#This Row],[Company Name]],"52 week high",TRUE)} -> 123.21 | P53: {=_FV(RTData[[#This Row],[Company Name]],"Volume")} -> 12399753 | Q53: {=_FV(RTData[[#This Row],[Company Name]],"Volume average",TRUE)} -> 12711598 | R53: {=_FV(RTData[[#This Row],[Company Name]],"Beta")} -> 0.3817 | T53: V | U53: {=_FV(RTData[[#This Row],[Company Name]],"Exchange abbreviation",TRUE)} -> XNYS | V53: =IFERROR(RTData[[#This Row],[Volume]]/RTData[[#This Row],[Volume average]],1) -> 0.97546768 | X53: =_xlfn.XLOOKUP(RTData[[#This Row],[Ticker_Symbol]],TickerList!$G52:$G146,TickerList!L52:L146) -> 126.88 | Y53: =_xlfn.XLOOKUP(RTData[[#This Row],[Ticker_Symbol]],TickerList!$G52:$G146,TickerList!M52:M146) -> 45975 | Z53: =_xlfn.XLOOKUP(RTData[[#This Row],[Ticker_Symbol]],TickerList!$G52:$G146,TickerList!N52:N146) -> Jan 30, 2026 | AA53: =_xlfn.XLOOKUP(RTData[[#This Row],[Ticker_Symbol]],TickerList!$G52:$G146,TickerList!O52:O146) -> 0.0346 | AB53: 0.0001 | AC53: 0.003 | AD53: 132.88 | AE53: =_xlfn.LET(_xlpm.New1YT,RTData[[#This Row],[1YT]], _xlpm.Old1YT,IF(ISNUMBER(RTData[[#This Row],[Old1YT]]),RTData[[#This Row],[Old1YT]],VALUE(LEFT(RTData[[#This Row],[Old1YT]],FIND("/",RTData[[#This Row],[Old1YT]],1)-1))), IF(OR(RTData[[#This Row],[1YT]]=0,_xlpm.Old1YT=0),0,(_xlpm.New1YT-_xlpm.Old1YT)/_xlpm.Old1YT)) -> -0.045153522 | AF53: =TEXT(RTData[[#This Row],[1YT]],"#,#0.00")&" < "&RTData[[#This Row],[Old1YT]] -> 126.88 < 132.88
A54: {=_xlfn.SINGLE(RTData[suffix])&_FV(RTData[[#This Row],[Company Name]],"Ticker symbol",TRUE)} -> XPER | B54: =D99 -> 0.87001914 | C54: #VALUE! | D54: {=_FV(RTData[[#This Row],[Company Name]],"Currency")} -> USD | E54: {=_FV(RTData[[#This Row],[Company Name]],"Last trade time",TRUE)} -> 45966.985 | F54: {=_FV(RTData[[#This Row],[Company Name]],"Previous close",TRUE)} -> 6.37 | G54: {=_FV(RTData[[#This Row],[Company Name]],"Open")} -> 6.4 | H54: {=_FV(RTData[[#This Row],[Company Name]],"Price")} -> 6.74 | I54: {=_FV(RTData[[#This Row],[Company Name]],"Low")} -> 6.4 | J54: {=_FV(RTData[[#This Row],[Company Name]],"High")} -> 6.78 | K54: {=IFERROR(_FV(RTData[[#This Row],[Company Name]],"P/E",TRUE),99)} -> 99 | L54: {=_FV(RTData[[#This Row],[Company Name]],"Change")} -> 0.37 | M54: {=_FV(RTData[[#This Row],[Company Name]],"Change (%)",TRUE)} -> 0.058085 | N54: {=_FV(RTData[[#This Row],[Company Name]],"52 week low",TRUE)} -> 5.685 | O54: {=_FV(RTData[[#This Row],[Company Name]],"52 week high",TRUE)} -> 11.075 | P54: {=_FV(RTData[[#This Row],[Company Name]],"Volume")} -> 731648 | Q54: {=_FV(RTData[[#This Row],[Company Name]],"Volume average",TRUE)} -> 470271 | R54: {=_FV(RTData[[#This Row],[Company Name]],"Beta")} -> 1.193 | T54: V | U54: {=_FV(RTData[[#This Row],[Company Name]],"Exchange abbreviation",TRUE)} -> XNYS | V54: =IFERROR(RTData[[#This Row],[Volume]]/RTData[[#This Row],[Volume average]],1) -> 1.5558008 | X54: =_xlfn.XLOOKUP(RTData[[#This Row],[Ticker_Symbol]],TickerList!$G53:$G147,TickerList!L53:L147) -> 11.4 | Y54: =_xlfn.XLOOKUP(RTData[[#This Row],[Ticker_Symbol]],TickerList!$G53:$G147,TickerList!M53:M147) -> 0 | Z54: =_xlfn.XLOOKUP(RTData[[#This Row],[Ticker_Symbol]],TickerList!$G53:$G147,TickerList!N53:N147) -> 0 | AA54: =_xlfn.XLOOKUP(RTData[[#This Row],[Ticker_Symbol]],TickerList!$G53:$G147,TickerList!O53:O147) -> 0 | AB54: 0.0001 | AC54: 0.003 | AD54: 18.75 | AE54: =_xlfn.LET(_xlpm.New1YT,RTData[[#This Row],[1YT]], _xlpm.Old1YT,IF(ISNUMBER(RTData[[#This Row],[Old1YT]]),RTData[[#This Row],[Old1YT]],VALUE(LEFT(RTData[[#This Row],[Old1YT]],FIND("/",RTData[[#This Row],[Old1YT]],1)-1))), IF(OR(RTData[[#This Row],[1YT]]=0,_xlpm.Old1YT=0),0,(_xlpm.New1YT-_xlpm.Old1YT)/_xlpm.Old1YT)) -> -0.392 | AF54: =TEXT(RTData[[#This Row],[1YT]],"#,#0.00")&" < "&RTData[[#This Row],[Old1YT]] -> 11.40 < 18.75
A55: {=_xlfn.SINGLE(RTData[suffix])&_FV(RTData[[#This Row],[Company Name]],"Ticker symbol",TRUE)} -> MVEALDNE | B55: 1 | C55: #VALUE! | D55: {=_FV(RTData[[#This Row],[Company Name]],"Currency")} -> EUR | E55: {=_FV(RTData[[#This Row],[Company Name]],"Last trade time",TRUE)} -> 45966.708 | F55: {=_FV(RTData[[#This Row],[Company Name]],"Previous close",TRUE)} -> 0.788 | G55: {=_FV(RTData[[#This Row],[Company Name]],"Open")} -> 0.788 | H55: {=_FV(RTData[[#This Row],[Company Name]],"Price")} -> 0.79 | I55: {=_FV(RTData[[#This Row],[Company Name]],"Low")} -> 0.77 | J55: {=_FV(RTData[[#This Row],[Company Name]],"High")} -> 0.798 | K55: {=IFERROR(_FV(RTData[[#This Row],[Company Name]],"P/E",TRUE),99)} -> 0 | L55: {=_FV(RTData[[#This Row],[Company Name]],"Change")} -> 0.002 | M55: {=_FV(RTData[[#This Row],[Company Name]],"Change (%)",TRUE)} -> 0.002538 | N55: {=_FV(RTData[[#This Row],[Company Name]],"52 week low",TRUE)} -> 0.65 | O55: {=_FV(RTData[[#This Row],[Company Name]],"52 week high",TRUE)} -> 1.53 | P55: {=_FV(RTData[[#This Row],[Company Name]],"Volume")} -> 2729 | Q55: {=_FV(RTData[[#This Row],[Company Name]],"Volume average",TRUE)} -> 6780 | R55: {=_FV(RTData[[#This Row],[Company Name]],"Beta")} -> 0.9588 | S55: MVE | T55: V | U55: {=_FV(RTData[[#This Row],[Company Name]],"Exchange abbreviation",TRUE)} -> XPAR | V55: =IFERROR(RTData[[#This Row],[Volume]]/RTData[[#This Row],[Volume average]],1) -> 0.40250737 | X55: =_xlfn.XLOOKUP(RTData[[#This Row],[Ticker_Symbol]],TickerList!$G54:$G148,TickerList!L54:L148) -> 1.53333 | Y55: =_xlfn.XLOOKUP(RTData[[#This Row],[Ticker_Symbol]],TickerList!$G54:$G148,TickerList!M54:M148) -> 0 | Z55: =_xlfn.XLOOKUP(RTData[[#This Row],[Ticker_Symbol]],TickerList!$G54:$G148,TickerList!N54:N148) -> 0 | AA55: =_xlfn.XLOOKUP(RTData[[#This Row],[Ticker_Symbol]],TickerList!$G54:$G148,TickerList!O54:O148) -> 0 | AC55: 0.003 | AD55: 3.87 | AE55: =_xlfn.LET(_xlpm.New1YT,RTData[[#This Row],[1YT]], _xlpm.Old1YT,IF(ISNUMBER(RTData[[#This Row],[Old1YT]]),RTData[[#This Row],[Old1YT]],VALUE(LEFT(RTData[[#This Row],[Old1YT]],FIND("/",RTData[[#This Row],[Old1YT]],1)-1))), IF(OR(RTData[[#This Row],[1YT]]=0,_xlpm.Old1YT=0),0,(_xlpm.New1YT-_xlpm.Old1YT)/_xlpm.Old1YT)) -> -0.6037907 | AF55: =TEXT(RTData[[#This Row],[1YT]],"#,#0.00")&" < "&RTData[[#This Row],[Old1YT]] -> 1.53 < 3.87
A56: {=_xlfn.SINGLE(RTData[suffix])&_FV(RTData[[#This Row],[Company Name]],"Ticker symbol",TRUE)} -> MVEDDD | B56: =D99 -> 0.87001914 | C56: #VALUE! | D56: {=_FV(RTData[[#This Row],[Company Name]],"Currency")} -> USD | E56: {=_FV(RTData[[#This Row],[Company Name]],"Last trade time",TRUE)} -> 45966.987 | F56: {=_FV(RTData[[#This Row],[Company Name]],"Previous close",TRUE)} -> 2.62 | G56: {=_FV(RTData[[#This Row],[Company Name]],"Open")} -> 2.5 | H56: {=_FV(RTData[[#This Row],[Company Name]],"Price")} -> 2.6 | I56: {=_FV(RTData[[#This Row],[Company Name]],"Low")} -> 2.4 | J56: {=_FV(RTData[[#This Row],[Company Name]],"High")} -> 2.695 | K56: {=IFERROR(_FV(RTData[[#This Row],[Company Name]],"P/E",TRUE),99)} -> 99 | L56: {=_FV(RTData[[#This Row],[Company Name]],"Change")} -> -0.02 | M56: {=_FV(RTData[[#This Row],[Company Name]],"Change (%)",TRUE)} -> -0.007634 | N56: {=_FV(RTData[[#This Row],[Company Name]],"52 week low",TRUE)} -> 1.32 | O56: {=_FV(RTData[[#This Row],[Company Name]],"52 week high",TRUE)} -> 4.9991 | P56: {=_FV(RTData[[#This Row],[Company Name]],"Volume")} -> 5452199 | Q56: {=_FV(RTData[[#This Row],[Company Name]],"Volume average",TRUE)} -> 4450047 | R56: {=_FV(RTData[[#This Row],[Company Name]],"Beta")} -> 1.8776 | S56: MVE | T56: M | U56: {=_FV(RTData[[#This Row],[Company Name]],"Exchange abbreviation",TRUE)} -> XNYS | V56: =IFERROR(RTData[[#This Row],[Volume]]/RTData[[#This Row],[Volume average]],1) -> 1.2252003 | X56: =_xlfn.XLOOKUP(RTData[[#This Row],[Ticker_Symbol]],TickerList!$G55:$G149,TickerList!L55:L149) -> 3.25 | Y56: =_xlfn.XLOOKUP(RTData[[#This Row],[Ticker_Symbol]],TickerList!$G55:$G149,TickerList!M55:M149) -> 0 | Z56: =_xlfn.XLOOKUP(RTData[[#This Row],[Ticker_Symbol]],TickerList!$G55:$G149,TickerList!N55:N149) -> Nov 4, 2025 | AA56: =_xlfn.XLOOKUP(RTData[[#This Row],[Ticker_Symbol]],TickerList!$G55:$G149,TickerList!O55:O149) -> 0 | AB56: 0.0001 | AC56: 0.003 | AD56: 3.94 | AE56: =_xlfn.LET(_xlpm.New1YT,RTData[[#This Row],[1YT]], _xlpm.Old1YT,IF(ISNUMBER(RTData[[#This Row],[Old1YT]]),RTData[[#This Row],[Old1YT]],VALUE(LEFT(RTData[[#This Row],[Old1YT]],FIND("/",RTData[[#This Row],[Old1YT]],1)-1))), IF(OR(RTData[[#This Row],[1YT]]=0,_xlpm.Old1YT=0),0,(_xlpm.New1YT-_xlpm.Old1YT)/_xlpm.Old1YT)) -> -0.1751269 | AF56: =TEXT(RTData[[#This Row],[1YT]],"#,#0.00")&" < "&RTData[[#This Row],[Old1YT]] -> 3.25 < 3.94
A57: {=_xlfn.SINGLE(RTData[suffix])&_FV(RTData[[#This Row],[Company Name]],"Ticker symbol",TRUE)} -> MVEDSY | B57: 1 | C57: #VALUE! | D57: {=_FV(RTData[[#This Row],[Company Name]],"Currency")} -> EUR | E57: {=_FV(RTData[[#This Row],[Company Name]],"Last trade time",TRUE)} -> 45966.708 | F57: {=_FV(RTData[[#This Row],[Company Name]],"Previous close",TRUE)} -> 24.04 | G57: {=_FV(RTData[[#This Row],[Company Name]],"Open")} -> 23.86 | H57: {=_FV(RTData[[#This Row],[Company Name]],"Price")} -> 23.98 | I57: {=_FV(RTData[[#This Row],[Company Name]],"Low")} -> 23.75 | J57: {=_FV(RTData[[#This Row],[Company Name]],"High")} -> 24.12 | K57: {=IFERROR(_FV(RTData[[#This Row],[Company Name]],"P/E",TRUE),99)} -> 26.7933 | L57: {=_FV(RTData[[#This Row],[Company Name]],"Change")} -> -0.06 | M57: {=_FV(RTData[[#This Row],[Company Name]],"Change (%)",TRUE)} -> -0.002496 | N57: {=_FV(RTData[[#This Row],[Company Name]],"52 week low",TRUE)} -> 23.75 | O57: {=_FV(RTData[[#This Row],[Company Name]],"52 week high",TRUE)} -> 41.17 | P57: {=_FV(RTData[[#This Row],[Company Name]],"Volume")} -> 1361709 | Q57: {=_FV(RTData[[#This Row],[Company Name]],"Volume average",TRUE)} -> 2619000 | R57: {=_FV(RTData[[#This Row],[Company Name]],"Beta")} -> 0.7891 | S57: MVE | T57: M | U57: {=_FV(RTData[[#This Row],[Company Name]],"Exchange abbreviation",TRUE)} -> XPAR | V57: =IFERROR(RTData[[#This Row],[Volume]]/RTData[[#This Row],[Volume average]],1) -> 0.51993471 | X57: =_xlfn.XLOOKUP(RTData[[#This Row],[Ticker_Symbol]],TickerList!$G56:$G150,TickerList!L56:L150) -> 31.87778 | Y57: =_xlfn.XLOOKUP(RTData[[#This Row],[Ticker_Symbol]],TickerList!$G56:$G150,TickerList!M56:M150) -> 45803 | Z57: =_xlfn.XLOOKUP(RTData[[#This Row],[Ticker_Symbol]],TickerList!$G56:$G150,TickerList!N56:N150) -> 0 | AA57: =_xlfn.XLOOKUP(RTData[[#This Row],[Ticker_Symbol]],TickerList!$G56:$G150,TickerList!O56:O150) -> 0.0106 | AB57: =AB19 -> 0 | AC57: =AC19 -> 0.003 | AD57: =AD19 -> 37.97/38.13/38.23 | AE57: =AE19 -> 2.8747696 | AF57: =TEXT(RTData[[#This Row],[1YT]],"#,#0.00")&" < "&RTData[[#This Row],[Old1YT]] -> 31.88 < 37.97/38.13/38.23
A58: {=_xlfn.SINGLE(RTData[suffix])&_FV(RTData[[#This Row],[Company Name]],"Ticker symbol",TRUE)} -> MVEEOAN | B58: 1 | C58: #VALUE! | D58: {=_FV(RTData[[#This Row],[Company Name]],"Currency")} -> EUR | E58: {=_FV(RTData[[#This Row],[Company Name]],"Last trade time",TRUE)} -> 45966.878 | F58: {=_FV(RTData[[#This Row],[Company Name]],"Previous close",TRUE)} -> 15.75 | G58: {=_FV(RTData[[#This Row],[Company Name]],"Open")} -> 15.825 | H58: {=_FV(RTData[[#This Row],[Company Name]],"Price")} -> 16.05 | I58: {=_FV(RTData[[#This Row],[Company Name]],"Low")} -> 15.825 | J58: {=_FV(RTData[[#This Row],[Company Name]],"High")} -> 16.05 | K58: {=IFERROR(_FV(RTData[[#This Row],[Company Name]],"P/E",TRUE),99)} -> 13.2645 | L58: {=_FV(RTData[[#This Row],[Company Name]],"Change")} -> 0.3 | M58: {=_FV(RTData[[#This Row],[Company Name]],"Change (%)",TRUE)} -> 0.019048 | N58: {=_FV(RTData[[#This Row],[Company Name]],"52 week low",TRUE)} -> 7.3 | O58: {=_FV(RTData[[#This Row],[Company Name]],"52 week high",TRUE)} -> 16.515 | P58: {=_FV(RTData[[#This Row],[Company Name]],"Volume")} -> 4253 | Q58: {=_FV(RTData[[#This Row],[Company Name]],"Volume average",TRUE)} -> 2907640 | R58: {=_FV(RTData[[#This Row],[Company Name]],"Beta")} -> 0.8536 | S58: MVE | T58: M | U58: {=_FV(RTData[[#This Row],[Company Name]],"Exchange abbreviation",TRUE)} -> XFRA | V58: =IFERROR(RTData[[#This Row],[Volume]]/RTData[[#This Row],[Volume average]],1) -> 0.0014626983 | X58: =_xlfn.XLOOKUP(RTData[[#This Row],[Ticker_Symbol]],TickerList!$G57:$G151,TickerList!L57:L151) -> 16.91959 | Y58: =_xlfn.XLOOKUP(RTData[[#This Row],[Ticker_Symbol]],TickerList!$G57:$G151,TickerList!M57:M151) -> 45793 | Z58: =_xlfn.XLOOKUP(RTData[[#This Row],[Ticker_Symbol]],TickerList!$G57:$G151,TickerList!N57:N151) -> 0 | AA58: =_xlfn.XLOOKUP(RTData[[#This Row],[Ticker_Symbol]],TickerList!$G57:$G151,TickerList!O57:O151) -> 0.0341 | AC58: 0.003 | AD58: 14.8 | AE58: =_xlfn.LET(_xlpm.New1YT,RTData[[#This Row],[1YT]], _xlpm.Old1YT,IF(ISNUMBER(RTData[[#This Row],[Old1YT]]),RTData[[#This Row],[Old1YT]],VALUE(LEFT(RTData[[#This Row],[Old1YT]],FIND("/",RTData[[#This Row],[Old1YT]],1)-1))), IF(OR(RTData[[#This Row],[1YT]]=0,_xlpm.Old1YT=0),0,(_xlpm.New1YT-_xlpm.Old1YT)/_xlpm.Old1YT)) -> 0.14321554 | AF58: =TEXT(RTData[[#This Row],[1YT]],"#,#0.00")&" < "&RTData[[#This Row],[Old1YT]] -> 16.92 < 14.8
A59: {=_xlfn.SINGLE(RTData[suffix])&_FV(RTData[[#This Row],[Company Name]],"Ticker symbol",TRUE)} -> MVEENI | B59: 1 | C59: #VALUE! | D59: {=_FV(RTData[[#This Row],[Company Name]],"Currency")} -> EUR | E59: {=_FV(RTData[[#This Row],[Company Name]],"Last trade time",TRUE)} -> 45966.708 | F59: {=_FV(RTData[[#This Row],[Company Name]],"Previous close",TRUE)} -> 15.91 | G59: {=_FV(RTData[[#This Row],[Company Name]],"Open")} -> 15.848 | H59: {=_FV(RTData[[#This Row],[Company Name]],"Price")} -> 15.968 | I59: {=_FV(RTData[[#This Row],[Company Name]],"Low")} -> 15.832 | J59: {=_FV(RTData[[#This Row],[Company Name]],"High")} -> 15.986 | K59: {=IFERROR(_FV(RTData[[#This Row],[Company Name]],"P/E",TRUE),99)} -> 17.6345 | L59: {=_FV(RTData[[#This Row],[Company Name]],"Change")} -> 0.058 | M59: {=_FV(RTData[[#This Row],[Company Name]],"Change (%)",TRUE)} -> 0.003646 | N59: {=_FV(RTData[[#This Row],[Company Name]],"52 week low",TRUE)} -> 11.01 | O59: {=_FV(RTData[[#This Row],[Company Name]],"52 week high",TRUE)} -> 16.11 | P59: {=_FV(RTData[[#This Row],[Company Name]],"Volume")} -> 7194438 | Q59: {=_FV(RTData[[#This Row],[Company Name]],"Volume average",TRUE)} -> 12662660 | R59: {=_FV(RTData[[#This Row],[Company Name]],"Beta")} -> 0.8305 | S59: MVE | T59: M | U59: {=_FV(RTData[[#This Row],[Company Name]],"Exchange abbreviation",TRUE)} -> XMIL | V59: =IFERROR(RTData[[#This Row],[Volume]]/RTData[[#This Row],[Volume average]],1) -> 0.56816167 | X59: =_xlfn.XLOOKUP(RTData[[#This Row],[Ticker_Symbol]],TickerList!$G58:$G152,TickerList!L58:L152) -> 16.12273 | Y59: =_xlfn.XLOOKUP(RTData[[#This Row],[Ticker_Symbol]],TickerList!$G58:$G152,TickerList!M58:M152) -> 45985 | Z59: =_xlfn.XLOOKUP(RTData[[#This Row],[Ticker_Symbol]],TickerList!$G58:$G152,TickerList!N58:N152) -> 0 | AA59: =_xlfn.XLOOKUP(RTData[[#This Row],[Ticker_Symbol]],TickerList!$G58:$G152,TickerList!O58:O152) -> 0.0652 | AB59: =AB75 -> 0 | AC59: =AC75 -> 0.003 | AD59: =AD75 -> 14.71/14.81/16.46 | AE59: =_xlfn.LET(_xlpm.New1YT,RTData[[#This Row],[1YT]], _xlpm.Old1YT,IF(ISNUMBER(RTData[[#This Row],[Old1YT]]),RTData[[#This Row],[Old1YT]],VALUE(LEFT(RTData[[#This Row],[Old1YT]],FIND("/",RTData[[#This Row],[Old1YT]],1)-1))), IF(OR(RTData[[#This Row],[1YT]]=0,_xlpm.Old1YT=0),0,(_xlpm.New1YT-_xlpm.Old1YT)/_xlpm.Old1YT)) -> 0.096038749 | AF59: =TEXT(RTData[[#This Row],[1YT]],"#,#0.00")&" < "&RTData[[#This Row],[Old1YT]] -> 16.12 < 14.71/14.81/16.46
A60: {=_xlfn.SINGLE(RTData[suffix])&_FV(RTData[[#This Row],[Company Name]],"Ticker symbol",TRUE)} -> MVEEPIX | B60: =D99 -> 0.87001914 | C60: #VALUE! | D60: {=_FV(RTData[[#This Row],[Company Name]],"Currency")} -> USD | E60: {=_FV(RTData[[#This Row],[Company Name]],"Last trade time",TRUE)} -> 45938.992 | F60: {=_FV(RTData[[#This Row],[Company Name]],"Previous close",TRUE)} -> 0.205 | G60: {=_FV(RTData[[#This Row],[Company Name]],"Open")} -> 0.2 | H60: {=_FV(RTData[[#This Row],[Company Name]],"Price")} -> 0.2012 | I60: {=_FV(RTData[[#This Row],[Company Name]],"Low")} -> 0.1899 | J60: {=_FV(RTData[[#This Row],[Company Name]],"High")} -> 0.207 | K60: {=IFERROR(_FV(RTData[[#This Row],[Company Name]],"P/E",TRUE),99)} -> 0 | L60: {=_FV(RTData[[#This Row],[Company Name]],"Change")} -> 0 | M60: {=_FV(RTData[[#This Row],[Company Name]],"Change (%)",TRUE)} -> 0 | N60: {=_FV(RTData[[#This Row],[Company Name]],"52 week low",TRUE)} -> 0.1733 | O60: {=_FV(RTData[[#This Row],[Company Name]],"52 week high",TRUE)} -> 0.825 | P60: {=_FV(RTData[[#This Row],[Company Name]],"Volume")} -> 5945141 | Q60: {=_FV(RTData[[#This Row],[Company Name]],"Volume average",TRUE)} -> 3209641 | R60: {=_FV(RTData[[#This Row],[Company Name]],"Beta")} -> 1.5514 | S60: MVE | T60: M | U60: {=_FV(RTData[[#This Row],[Company Name]],"Exchange abbreviation",TRUE)} -> XNAS | V60: =IFERROR(RTData[[#This Row],[Volume]]/RTData[[#This Row],[Volume average]],1) -> 1.852276 | X60: =_xlfn.XLOOKUP(RTData[[#This Row],[Ticker_Symbol]],TickerList!$G59:$G153,TickerList!L59:L153) -> 0 | Y60: =_xlfn.XLOOKUP(RTData[[#This Row],[Ticker_Symbol]],TickerList!$G59:$G153,TickerList!M59:M153) -> 45894 | Z60: =_xlfn.XLOOKUP(RTData[[#This Row],[Ticker_Symbol]],TickerList!$G59:$G153,TickerList!N59:N153) -> 0 | AA60: =_xlfn.XLOOKUP(RTData[[#This Row],[Ticker_Symbol]],TickerList!$G59:$G153,TickerList!O59:O153) -> 0 | AB60: 0.0001 | AC60: 0.003 | AD60: 9.32 | AE60: =_xlfn.LET(_xlpm.New1YT,RTData[[#This Row],[1YT]], _xlpm.Old1YT,IF(ISNUMBER(RTData[[#This Row],[Old1YT]]),RTData[[#This Row],[Old1YT]],VALUE(LEFT(RTData[[#This Row],[Old1YT]],FIND("/",RTData[[#This Row],[Old1YT]],1)-1))), IF(OR(RTData[[#This Row],[1YT]]=0,_xlpm.Old1YT=0),0,(_xlpm.New1YT-_xlpm.Old1YT)/_xlpm.Old1YT)) -> 0 | AF60: =TEXT(RTData[[#This Row],[1YT]],"#,#0.00")&" < "&RTData[[#This Row],[Old1YT]] -> 0.00 < 9.32
A61: {=_xlfn.SINGLE(RTData[suffix])&_FV(RTData[[#This Row],[Company Name]],"Ticker symbol",TRUE)} -> MVEGLE | B61: 1 | C61: #VALUE! | D61: {=_FV(RTData[[#This Row],[Company Name]],"Currency")} -> EUR | E61: {=_FV(RTData[[#This Row],[Company Name]],"Last trade time",TRUE)} -> 45966.708 | F61: {=_FV(RTData[[#This Row],[Company Name]],"Previous close",TRUE)} -> 54.58 | G61: {=_FV(RTData[[#This Row],[Company Name]],"Open")} -> 53.96 | H61: {=_FV(RTData[[#This Row],[Company Name]],"Price")} -> 54.64 | I61: {=_FV(RTData[[#This Row],[Company Name]],"Low")} -> 53.76 | J61: {=_FV(RTData[[#This Row],[Company Name]],"High")} -> 54.76 | K61: {=IFERROR(_FV(RTData[[#This Row],[Company Name]],"P/E",TRUE),99)} -> 8.7402 | L61: {=_FV(RTData[[#This Row],[Company Name]],"Change")} -> 0.06 | M61: {=_FV(RTData[[#This Row],[Company Name]],"Change (%)",TRUE)} -> 0.001099 | N61: {=_FV(RTData[[#This Row],[Company Name]],"52 week low",TRUE)} -> 24.03 | O61: {=_FV(RTData[[#This Row],[Company Name]],"52 week high",TRUE)} -> 59.42 | P61: {=_FV(RTData[[#This Row],[Company Name]],"Volume")} -> 1640478 | Q61: {=_FV(RTData[[#This Row],[Company Name]],"Volume average",TRUE)} -> 2049810 | R61: {=_FV(RTData[[#This Row],[Company Name]],"Beta")} -> 1.389 | S61: MVE | T61: M | U61: {=_FV(RTData[[#This Row],[Company Name]],"Exchange abbreviation",TRUE)} -> XPAR | V61: =IFERROR(RTData[[#This Row],[Volume]]/RTData[[#This Row],[Volume average]],1) -> 0.80030735 | X61: =_xlfn.XLOOKUP(RTData[[#This Row],[Ticker_Symbol]],TickerList!$G60:$G154,TickerList!L60:L154) -> 64.68611 | Y61: =_xlfn.XLOOKUP(RTData[[#This Row],[Ticker_Symbol]],TickerList!$G60:$G154,TickerList!M60:M154) -> 45937 | Z61: =_xlfn.XLOOKUP(RTData[[#This Row],[Ticker_Symbol]],TickerList!$G60:$G154,TickerList!N60:N154) -> Oct 30, 2025 | AA61: =_xlfn.XLOOKUP(RTData[[#This Row],[Ticker_Symbol]],TickerList!$G60:$G154,TickerList!O60:O154) -> 0.031 | AB61: =AB78 -> 0 | AC61: =AC78 -> 0.003 | AD61: =AD78 -> 59.77/51.92/30.4 | AE61: =_xlfn.LET(_xlpm.New1YT,RTData[[#This Row],[1YT]], _xlpm.Old1YT,IF(ISNUMBER(RTData[[#This Row],[Old1YT]]),RTData[[#This Row],[Old1YT]],VALUE(LEFT(RTData[[#This Row],[Old1YT]],FIND("/",RTData[[#This Row],[Old1YT]],1)-1))), IF(OR(RTData[[#This Row],[1YT]]=0,_xlpm.Old1YT=0),0,(_xlpm.New1YT-_xlpm.Old1YT)/_xlpm.Old1YT)) -> 0.08225046 | AF61: =TEXT(RTData[[#This Row],[1YT]],"#,#0.00")&" < "&RTData[[#This Row],[Old1YT]] -> 64.69 < 59.77/51.92/30.4
A62: {=_xlfn.SINGLE(RTData[suffix])&_FV(RTData[[#This Row],[Company Name]],"Ticker symbol",TRUE)} -> MVEORA | B62: 1 | C62: #VALUE! | D62: {=_FV(RTData[[#This Row],[Company Name]],"Currency")} -> EUR | E62: {=_FV(RTData[[#This Row],[Company Name]],"Last trade time",TRUE)} -> 45966.708 | F62: {=_FV(RTData[[#This Row],[Company Name]],"Previous close",TRUE)} -> 13.715 | G62: {=_FV(RTData[[#This Row],[Company Name]],"Open")} -> 13.73 | H62: {=_FV(RTData[[#This Row],[Company Name]],"Price")} -> 13.715 | I62: {=_FV(RTData[[#This Row],[Company Name]],"Low")} -> 13.705 | J62: {=_FV(RTData[[#This Row],[Company Name]],"High")} -> 13.86 | K62: {=IFERROR(_FV(RTData[[#This Row],[Company Name]],"P/E",TRUE),99)} -> 43.3196 | L62: {=_FV(RTData[[#This Row],[Company Name]],"Change")} -> 0 | M62: {=_FV(RTData[[#This Row],[Company Name]],"Change (%)",TRUE)} -> 0 | N62: {=_FV(RTData[[#This Row],[Company Name]],"52 week low",TRUE)} -> 9.37 | O62: {=_FV(RTData[[#This Row],[Company Name]],"52 week high",TRUE)} -> 14.56 | P62: {=_FV(RTData[[#This Row],[Company Name]],"Volume")} -> 3380269 | Q62: {=_FV(RTData[[#This Row],[Company Name]],"Volume average",TRUE)} -> 3610840 | R62: {=_FV(RTData[[#This Row],[Company Name]],"Beta")} -> 0.24 | S62: MVE | T62: M | U62: {=_FV(RTData[[#This Row],[Company Name]],"Exchange abbreviation",TRUE)} -> XPAR | V62: =IFERROR(RTData[[#This Row],[Volume]]/RTData[[#This Row],[Volume average]],1) -> 0.93614478 | X62: =_xlfn.XLOOKUP(RTData[[#This Row],[Ticker_Symbol]],TickerList!$G61:$G155,TickerList!L61:L155) -> 15.32222 | Y62: =_xlfn.XLOOKUP(RTData[[#This Row],[Ticker_Symbol]],TickerList!$G61:$G155,TickerList!M61:M155) -> 45993 | Z62: =_xlfn.XLOOKUP(RTData[[#This Row],[Ticker_Symbol]],TickerList!$G61:$G155,TickerList!N61:N155) -> 0 | AA62: =_xlfn.XLOOKUP(RTData[[#This Row],[Ticker_Symbol]],TickerList!$G61:$G155,TickerList!O61:O155) -> 0.0542 | AB62: =AB86 -> 0 | AC62: =AC86 -> 0.003 | AD62: =AD86 -> 14.83/14/12.94 | AE62: =_xlfn.LET(_xlpm.New1YT,RTData[[#This Row],[1YT]], _xlpm.Old1YT,IF(ISNUMBER(RTData[[#This Row],[Old1YT]]),RTData[[#This Row],[Old1YT]],VALUE(LEFT(RTData[[#This Row],[Old1YT]],FIND("/",RTData[[#This Row],[Old1YT]],1)-1))), IF(OR(RTData[[#This Row],[1YT]]=0,_xlpm.Old1YT=0),0,(_xlpm.New1YT-_xlpm.Old1YT)/_xlpm.Old1YT)) -> 0.033190829 | AF62: =TEXT(RTData[[#This Row],[1YT]],"#,#0.00")&" < "&RTData[[#This Row],[Old1YT]] -> 15.32 < 14.83/14/12.94
A63: {=_xlfn.SINGLE(RTData[suffix])&_FV(RTData[[#This Row],[Company Name]],"Ticker symbol",TRUE)} -> MVERWE | B63: 1 | C63: #VALUE! | D63: {=_FV(RTData[[#This Row],[Company Name]],"Currency")} -> EUR | E63: {=_FV(RTData[[#This Row],[Company Name]],"Last trade time",TRUE)} -> 45966.878 | F63: {=_FV(RTData[[#This Row],[Company Name]],"Previous close",TRUE)} -> 42.34 | G63: {=_FV(RTData[[#This Row],[Company Name]],"Open")} -> 42.28 | H63: {=_FV(RTData[[#This Row],[Company Name]],"Price")} -> 42.61 | I63: {=_FV(RTData[[#This Row],[Company Name]],"Low")} -> 42.17 | J63: {=_FV(RTData[[#This Row],[Company Name]],"High")} -> 42.61 | K63: {=IFERROR(_FV(RTData[[#This Row],[Company Name]],"P/E",TRUE),99)} -> 12.2092 | L63: {=_FV(RTData[[#This Row],[Company Name]],"Change")} -> 0.27 | M63: {=_FV(RTData[[#This Row],[Company Name]],"Change (%)",TRUE)} -> 0.006377 | N63: {=_FV(RTData[[#This Row],[Company Name]],"52 week low",TRUE)} -> 14.231 | O63: {=_FV(RTData[[#This Row],[Company Name]],"52 week high",TRUE)} -> 44.03 | P63: {=_FV(RTData[[#This Row],[Company Name]],"Volume")} -> 5600 | Q63: {=_FV(RTData[[#This Row],[Company Name]],"Volume average",TRUE)} -> 1735050 | R63: {=_FV(RTData[[#This Row],[Company Name]],"Beta")} -> 0.4804 | S63: MVE | T63: M | U63: {=_FV(RTData[[#This Row],[Company Name]],"Exchange abbreviation",TRUE)} -> XFRA | V63: =IFERROR(RTData[[#This Row],[Volume]]/RTData[[#This Row],[Volume average]],1) -> 0.0032275727 | X63: =_xlfn.XLOOKUP(RTData[[#This Row],[Ticker_Symbol]],TickerList!$G62:$G156,TickerList!L62:L156) -> 44.74706 | Y63: =_xlfn.XLOOKUP(RTData[[#This Row],[Ticker_Symbol]],TickerList!$G62:$G156,TickerList!M62:M156) -> 45779 | Z63: =_xlfn.XLOOKUP(RTData[[#This Row],[Ticker_Symbol]],TickerList!$G62:$G156,TickerList!N62:N156) -> 0 | AA63: =_xlfn.XLOOKUP(RTData[[#This Row],[Ticker_Symbol]],TickerList!$G62:$G156,TickerList!O62:O156) -> 0.025799999 | AC63: 0.003 | AD63: 44.4 | AE63: =_xlfn.LET(_xlpm.New1YT,RTData[[#This Row],[1YT]], _xlpm.Old1YT,IF(ISNUMBER(RTData[[#This Row],[Old1YT]]),RTData[[#This Row],[Old1YT]],VALUE(LEFT(RTData[[#This Row],[Old1YT]],FIND("/",RTData[[#This Row],[Old1YT]],1)-1))), IF(OR(RTData[[#This Row],[1YT]]=0,_xlpm.Old1YT=0),0,(_xlpm.New1YT-_xlpm.Old1YT)/_xlpm.Old1YT)) -> 0.0078166667 | AF63: =TEXT(RTData[[#This Row],[1YT]],"#,#0.00")&" < "&RTData[[#This Row],[Old1YT]] -> 44.75 < 44.4
A64: {=_xlfn.SINGLE(RTData[suffix])&_FV(RTData[[#This Row],[Company Name]],"Ticker symbol",TRUE)} -> MVESAP | B64: 1 | C64: #VALUE! | D64: {=_FV(RTData[[#This Row],[Company Name]],"Currency")} -> EUR | E64: {=_FV(RTData[[#This Row],[Company Name]],"Last trade time",TRUE)} -> 45966.95 | F64: {=_FV(RTData[[#This Row],[Company Name]],"Previous close",TRUE)} -> 226.05 | G64: {=_FV(RTData[[#This Row],[Company Name]],"Open")} -> 224.95 | H64: {=_FV(RTData[[#This Row],[Company Name]],"Price")} -> 227.95 | I64: {=_FV(RTData[[#This Row],[Company Name]],"Low")} -> 223.75 | J64: {=_FV(RTData[[#This Row],[Company Name]],"High")} -> 229.95 | K64: {=IFERROR(_FV(RTData[[#This Row],[Company Name]],"P/E",TRUE),99)} -> 37.5486 | L64: {=_FV(RTData[[#This Row],[Company Name]],"Change")} -> 1.9 | M64: {=_FV(RTData[[#This Row],[Company Name]],"Change (%)",TRUE)} -> 0.008405 | N64: {=_FV(RTData[[#This Row],[Company Name]],"52 week low",TRUE)} -> 209.7 | O64: {=_FV(RTData[[#This Row],[Company Name]],"52 week high",TRUE)} -> 283.5 | P64: {=_FV(RTData[[#This Row],[Company Name]],"Volume")} -> 944453 | Q64: {=_FV(RTData[[#This Row],[Company Name]],"Volume average",TRUE)} -> 1560890 | R64: {=_FV(RTData[[#This Row],[Company Name]],"Beta")} -> 1.0464 | S64: MVE | T64: M | U64: {=_FV(RTData[[#This Row],[Company Name]],"Exchange abbreviation",TRUE)} -> XETR | V64: =IFERROR(RTData[[#This Row],[Volume]]/RTData[[#This Row],[Volume average]],1) -> 0.60507339 | X64: =_xlfn.XLOOKUP(RTData[[#This Row],[Ticker_Symbol]],TickerList!$G63:$G157,TickerList!L63:L157) -> 288.6668 | Y64: =_xlfn.XLOOKUP(RTData[[#This Row],[Ticker_Symbol]],TickerList!$G63:$G157,TickerList!M63:M157) -> 45791 | Z64: =_xlfn.XLOOKUP(RTData[[#This Row],[Ticker_Symbol]],TickerList!$G63:$G157,TickerList!N63:N157) -> 0 | AA64: =_xlfn.XLOOKUP(RTData[[#This Row],[Ticker_Symbol]],TickerList!$G63:$G157,TickerList!O63:O157) -> 0.0105 | AC64: 0.003 | AD64: 312.72 | AE64: =_xlfn.LET(_xlpm.New1YT,RTData[[#This Row],[1YT]], _xlpm.Old1YT,IF(ISNUMBER(RTData[[#This Row],[Old1YT]]),RTData[[#This Row],[Old1YT]],VALUE(LEFT(RTData[[#This Row],[Old1YT]],FIND("/",RTData[[#This Row],[Old1YT]],1)-1))), IF(OR(RTData[[#This Row],[1YT]]=0,_xlpm.Old1YT=0),0,(_xlpm.New1YT-_xlpm.Old1YT)/_xlpm.Old1YT)) -> -0.076916091 | AF64: =TEXT(RTData[[#This Row],[1YT]],"#,#0.00")&" < "&RTData[[#This Row],[Old1YT]] -> 288.67 < 312.72
A65: {=_xlfn.SINGLE(RTData[suffix])&_FV(RTData[[#This Row],[Company Name]],"Ticker symbol",TRUE)} -> MVEUN0 | B65: 1 | C65: #VALUE! | D65: {=_FV(RTData[[#This Row],[Company Name]],"Currency")} -> EUR | E65: {=_FV(RTData[[#This Row],[Company Name]],"Last trade time",TRUE)} -> 45966.878 | F65: {=_FV(RTData[[#This Row],[Company Name]],"Previous close",TRUE)} -> 29.6 | G65: {=_FV(RTData[[#This Row],[Company Name]],"Open")} -> 29.5 | H65: {=_FV(RTData[[#This Row],[Company Name]],"Price")} -> 29.5 | I65: {=_FV(RTData[[#This Row],[Company Name]],"Low")} -> 29.5 | J65: {=_FV(RTData[[#This Row],[Company Name]],"High")} -> 29.6 | K65: {=IFERROR(_FV(RTData[[#This Row],[Company Name]],"P/E",TRUE),99)} -> 99 | L65: {=_FV(RTData[[#This Row],[Company Name]],"Change")} -> -0.1 | M65: {=_FV(RTData[[#This Row],[Company Name]],"Change (%)",TRUE)} -> -0.003378 | N65: {=_FV(RTData[[#This Row],[Company Name]],"52 week low",TRUE)} -> 2.1 | O65: {=_FV(RTData[[#This Row],[Company Name]],"52 week high",TRUE)} -> 73.5 | P65: {=_FV(RTData[[#This Row],[Company Name]],"Volume")} -> 464 | Q65: {=_FV(RTData[[#This Row],[Company Name]],"Volume average",TRUE)} -> 5390 | R65: {=_FV(RTData[[#This Row],[Company Name]],"Beta")} -> 1.0946 | S65: MVE | T65: M | U65: {=_FV(RTData[[#This Row],[Company Name]],"Exchange abbreviation",TRUE)} -> XFRA | V65: =IFERROR(RTData[[#This Row],[Volume]]/RTData[[#This Row],[Volume average]],1) -> 0.086085343 | X65: =_xlfn.XLOOKUP(RTData[[#This Row],[Ticker_Symbol]],TickerList!$G64:$G158,TickerList!L64:L158) -> 0 | Y65: =_xlfn.XLOOKUP(RTData[[#This Row],[Ticker_Symbol]],TickerList!$G64:$G158,TickerList!M64:M158) -> 0 | Z65: =_xlfn.XLOOKUP(RTData[[#This Row],[Ticker_Symbol]],TickerList!$G64:$G158,TickerList!N64:N158) -> 0 | AA65: =_xlfn.XLOOKUP(RTData[[#This Row],[Ticker_Symbol]],TickerList!$G64:$G158,TickerList!O64:O158) -> 0 | AB65: =AB48 -> 0 | AC65: =AC48 -> 0.003 | AD65: 45.9 | AE65: =_xlfn.LET(_xlpm.New1YT,RTData[[#This Row],[1YT]], _xlpm.Old1YT,IF(ISNUMBER(RTData[[#This Row],[Old1YT]]),RTData[[#This Row],[Old1YT]],VALUE(LEFT(RTData[[#This Row],[Old1YT]],FIND("/",RTData[[#This Row],[Old1YT]],1)-1))), IF(OR(RTData[[#This Row],[1YT]]=0,_xlpm.Old1YT=0),0,(_xlpm.New1YT-_xlpm.Old1YT)/_xlpm.Old1YT)) -> 0 | AF65: =TEXT(RTData[[#This Row],[1YT]],"#,#0.00")&" < "&RTData[[#This Row],[Old1YT]] -> 0.00 < 45.9
A66: {=_xlfn.SINGLE(RTData[suffix])&_FV(RTData[[#This Row],[Company Name]],"Ticker symbol",TRUE)} -> SAFAAPL | B66: =D99 -> 0.87001914 | C66: #VALUE! | D66: {=_FV(RTData[[#This Row],[Company Name]],"Currency")} -> USD | E66: {=_FV(RTData[[#This Row],[Company Name]],"Last trade time",TRUE)} -> 45967 | F66: {=_FV(RTData[[#This Row],[Company Name]],"Previous close",TRUE)} -> 270.04 | G66: {=_FV(RTData[[#This Row],[Company Name]],"Open")} -> 268.61 | H66: {=_FV(RTData[[#This Row],[Company Name]],"Price")} -> 270.14 | I66: {=_FV(RTData[[#This Row],[Company Name]],"Low")} -> 266.93 | J66: {=_FV(RTData[[#This Row],[Company Name]],"High")} -> 271.7 | K66: {=IFERROR(_FV(RTData[[#This Row],[Company Name]],"P/E",TRUE),99)} -> 36.3613 | L66: {=_FV(RTData[[#This Row],[Company Name]],"Change")} -> 0.1 | M66: {=_FV(RTData[[#This Row],[Company Name]],"Change (%)",TRUE)} -> 0.0003703 | N66: {=_FV(RTData[[#This Row],[Company Name]],"52 week low",TRUE)} -> 169.2101 | O66: {=_FV(RTData[[#This Row],[Company Name]],"52 week high",TRUE)} -> 277.32 | P66: {=_FV(RTData[[#This Row],[Company Name]],"Volume")} -> 43644546 | Q66: {=_FV(RTData[[#This Row],[Company Name]],"Volume average",TRUE)} -> 47864472 | R66: {=_FV(RTData[[#This Row],[Company Name]],"Beta")} -> 1.1077 | S66: SAF | T66: S | U66: {=_FV(RTData[[#This Row],[Company Name]],"Exchange abbreviation",TRUE)} -> XNAS | V66: =IFERROR(RTData[[#This Row],[Volume]]/RTData[[#This Row],[Volume average]],1) -> 0.91183594 | X66: =_xlfn.XLOOKUP(RTData[[#This Row],[Ticker_Symbol]],TickerList!$G65:$G159,TickerList!L65:L159) -> 276.43097 | Y66: =_xlfn.XLOOKUP(RTData[[#This Row],[Ticker_Symbol]],TickerList!$G65:$G159,TickerList!M65:M159) -> 45971 | Z66: =_xlfn.XLOOKUP(RTData[[#This Row],[Ticker_Symbol]],TickerList!$G65:$G159,TickerList!N65:N159) -> Jan 29, 2026 | AA66: =_xlfn.XLOOKUP(RTData[[#This Row],[Ticker_Symbol]],TickerList!$G65:$G159,TickerList!O65:O159) -> 0.0038 | AB66: 0.0001 | AC66: 0.003 | AD66: 207.58 | AE66: =_xlfn.LET(_xlpm.New1YT,RTData[[#This Row],[1YT]], _xlpm.Old1YT,IF(ISNUMBER(RTData[[#This Row],[Old1YT]]),RTData[[#This Row],[Old1YT]],VALUE(LEFT(RTData[[#This Row],[Old1YT]],FIND("/",RTData[[#This Row],[Old1YT]],1)-1))), IF(OR(RTData[[#This Row],[1YT]]=0,_xlpm.Old1YT=0),0,(_xlpm.New1YT-_xlpm.Old1YT)/_xlpm.Old1YT)) -> 0.33168403 | AF66: =TEXT(RTData[[#This Row],[1YT]],"#,#0.00")&" < "&RTData[[#This Row],[Old1YT]] -> 276.43 < 207.58
A67: {=_xlfn.SINGLE(RTData[suffix])&_FV(RTData[[#This Row],[Company Name]],"Ticker symbol",TRUE)} -> SAFAMZN | B67: =D99 -> 0.87001914 | C67: #VALUE! | D67: {=_FV(RTData[[#This Row],[Company Name]],"Currency")} -> USD | E67: {=_FV(RTData[[#This Row],[Company Name]],"Last trade time",TRUE)} -> 45967.001 | F67: {=_FV(RTData[[#This Row],[Company Name]],"Previous close",TRUE)} -> 249.32 | G67: {=_FV(RTData[[#This Row],[Company Name]],"Open")} -> 249.03 | H67: {=_FV(RTData[[#This Row],[Company Name]],"Price")} -> 250.2 | I67: {=_FV(RTData[[#This Row],[Company Name]],"Low")} -> 246.16 | J67: {=_FV(RTData[[#This Row],[Company Name]],"High")} -> 251 | K67: {=IFERROR(_FV(RTData[[#This Row],[Company Name]],"P/E",TRUE),99)} -> 35.344 | L67: {=_FV(RTData[[#This Row],[Company Name]],"Change")} -> 0.88 | M67: {=_FV(RTData[[#This Row],[Company Name]],"Change (%)",TRUE)} -> 0.00353 | N67: {=_FV(RTData[[#This Row],[Company Name]],"52 week low",TRUE)} -> 161.38 | O67: {=_FV(RTData[[#This Row],[Company Name]],"52 week high",TRUE)} -> 258.6 | P67: {=_FV(RTData[[#This Row],[Company Name]],"Volume")} -> 40552606 | Q67: {=_FV(RTData[[#This Row],[Company Name]],"Volume average",TRUE)} -> 53776835 | R67: {=_FV(RTData[[#This Row],[Company Name]],"Beta")} -> 1.3597 | S67: SAF | T67: S | U67: {=_FV(RTData[[#This Row],[Company Name]],"Exchange abbreviation",TRUE)} -> XNAS | V67: =IFERROR(RTData[[#This Row],[Volume]]/RTData[[#This Row],[Volume average]],1) -> 0.7540906 | X67: =_xlfn.XLOOKUP(RTData[[#This Row],[Ticker_Symbol]],TickerList!$G66:$G160,TickerList!L66:L160) -> 288.4241 | Y67: =_xlfn.XLOOKUP(RTData[[#This Row],[Ticker_Symbol]],TickerList!$G66:$G160,TickerList!M66:M160) -> 0 | Z67: =_xlfn.XLOOKUP(RTData[[#This Row],[Ticker_Symbol]],TickerList!$G66:$G160,TickerList!N66:N160) -> Oct 30, 2025 | AA67: =_xlfn.XLOOKUP(RTData[[#This Row],[Ticker_Symbol]],TickerList!$G66:$G160,TickerList!O66:O160) -> 0 | AB67: 0.0001 | AC67: 0.003 | AD67: 227.1 | AE67: =_xlfn.LET(_xlpm.New1YT,RTData[[#This Row],[1YT]], _xlpm.Old1YT,IF(ISNUMBER(RTData[[#This Row],[Old1YT]]),RTData[[#This Row],[Old1YT]],VALUE(LEFT(RTData[[#This Row],[Old1YT]],FIND("/",RTData[[#This Row],[Old1YT]],1)-1))), IF(OR(RTData[[#This Row],[1YT]]=0,_xlpm.Old1YT=0),0,(_xlpm.New1YT-_xlpm.Old1YT)/_xlpm.Old1YT)) -> 0.27003126 | AF67: =TEXT(RTData[[#This Row],[1YT]],"#,#0.00")&" < "&RTData[[#This Row],[Old1YT]] -> 288.42 < 227.1
A68: {=_xlfn.SINGLE(RTData[suffix])&_FV(RTData[[#This Row],[Company Name]],"Ticker symbol",TRUE)} -> SAFASML | B68: 1 | C68: #VALUE! | D68: {=_FV(RTData[[#This Row],[Company Name]],"Currency")} -> EUR | E68: {=_FV(RTData[[#This Row],[Company Name]],"Last trade time",TRUE)} -> 45966.708 | F68: {=_FV(RTData[[#This Row],[Company Name]],"Previous close",TRUE)} -> 918 | G68: {=_FV(RTData[[#This Row],[Company Name]],"Open")} -> 882.9 | H68: {=_FV(RTData[[#This Row],[Company Name]],"Price")} -> 906.6 | I68: {=_FV(RTData[[#This Row],[Company Name]],"Low")} -> 878.4 | J68: {=_FV(RTData[[#This Row],[Company Name]],"High")} -> 913.3 | K68: {=IFERROR(_FV(RTData[[#This Row],[Company Name]],"P/E",TRUE),99)} -> 34.8102 | L68: {=_FV(RTData[[#This Row],[Company Name]],"Change")} -> -11.4 | M68: {=_FV(RTData[[#This Row],[Company Name]],"Change (%)",TRUE)} -> -0.012418 | N68: {=_FV(RTData[[#This Row],[Company Name]],"52 week low",TRUE)} -> 508.4 | O68: {=_FV(RTData[[#This Row],[Company Name]],"52 week high",TRUE)} -> 913.3 | P68: {=_FV(RTData[[#This Row],[Company Name]],"Volume")} -> 663558 | Q68: {=_FV(RTData[[#This Row],[Company Name]],"Volume average",TRUE)} -> 547460 | R68: {=_FV(RTData[[#This Row],[Company Name]],"Beta")} -> 2.1158 | S68: SAF | T68: S | U68: {=_FV(RTData[[#This Row],[Company Name]],"Exchange abbreviation",TRUE)} -> XAMS | V68: =IFERROR(RTData[[#This Row],[Volume]]/RTData[[#This Row],[Volume average]],1) -> 1.2120666 | X68: =_xlfn.XLOOKUP(RTData[[#This Row],[Ticker_Symbol]],TickerList!$G67:$G161,TickerList!L67:L161) -> 941.90326 | Y68: =_xlfn.XLOOKUP(RTData[[#This Row],[Ticker_Symbol]],TickerList!$G67:$G161,TickerList!M67:M161) -> 45958 | Z68: =_xlfn.XLOOKUP(RTData[[#This Row],[Ticker_Symbol]],TickerList!$G67:$G161,TickerList!N67:N161) -> 0 | AA68: =_xlfn.XLOOKUP(RTData[[#This Row],[Ticker_Symbol]],TickerList!$G67:$G161,TickerList!O67:O161) -> 0.0069999998 | AB68: 0.0001 | AC68: 0.003 | AD68: =AD8 -> 847.58 | AE68: =_xlfn.LET(_xlpm.New1YT,RTData[[#This Row],[1YT]], _xlpm.Old1YT,IF(ISNUMBER(RTData[[#This Row],[Old1YT]]),RTData[[#This Row],[Old1YT]],VALUE(LEFT(RTData[[#This Row],[Old1YT]],FIND("/",RTData[[#This Row],[Old1YT]],1)-1))), IF(OR(RTData[[#This Row],[1YT]]=0,_xlpm.Old1YT=0),0,(_xlpm.New1YT-_xlpm.Old1YT)/_xlpm.Old1YT)) -> 0.11128538 | AF68: =TEXT(RTData[[#This Row],[1YT]],"#,#0.00")&" < "&RTData[[#This Row],[Old1YT]] -> 941.90 < 847.58
A69: {=_xlfn.SINGLE(RTData[suffix])&_FV(RTData[[#This Row],[Company Name]],"Ticker symbol",TRUE)} -> SAFDDD | B69: =D99 -> 0.87001914 | C69: #VALUE! | D69: {=_FV(RTData[[#This Row],[Company Name]],"Currency")} -> USD | E69: {=_FV(RTData[[#This Row],[Company Name]],"Last trade time",TRUE)} -> 45966.987 | F69: {=_FV(RTData[[#This Row],[Company Name]],"Previous close",TRUE)} -> 2.62 | G69: {=_FV(RTData[[#This Row],[Company Name]],"Open")} -> 2.5 | H69: {=_FV(RTData[[#This Row],[Company Name]],"Price")} -> 2.6 | I69: {=_FV(RTData[[#This Row],[Company Name]],"Low")} -> 2.4 | J69: {=_FV(RTData[[#This Row],[Company Name]],"High")} -> 2.695 | K69: {=IFERROR(_FV(RTData[[#This Row],[Company Name]],"P/E",TRUE),99)} -> 99 | L69: {=_FV(RTData[[#This Row],[Company Name]],"Change")} -> -0.02 | M69: {=_FV(RTData[[#This Row],[Company Name]],"Change (%)",TRUE)} -> -0.007634 | N69: {=_FV(RTData[[#This Row],[Company Name]],"52 week low",TRUE)} -> 1.32 | O69: {=_FV(RTData[[#This Row],[Company Name]],"52 week high",TRUE)} -> 4.9991 | P69: {=_FV(RTData[[#This Row],[Company Name]],"Volume")} -> 5452199 | Q69: {=_FV(RTData[[#This Row],[Company Name]],"Volume average",TRUE)} -> 4450047 | R69: {=_FV(RTData[[#This Row],[Company Name]],"Beta")} -> 1.8776 | S69: SAF | T69: S | U69: {=_FV(RTData[[#This Row],[Company Name]],"Exchange abbreviation",TRUE)} -> XNYS | V69: =IFERROR(RTData[[#This Row],[Volume]]/RTData[[#This Row],[Volume average]],1) -> 1.2252003 | X69: =_xlfn.XLOOKUP(RTData[[#This Row],[Ticker_Symbol]],TickerList!$G68:$G162,TickerList!L68:L162) -> 3.25 | Y69: =_xlfn.XLOOKUP(RTData[[#This Row],[Ticker_Symbol]],TickerList!$G68:$G162,TickerList!M68:M162) -> 0 | Z69: =_xlfn.XLOOKUP(RTData[[#This Row],[Ticker_Symbol]],TickerList!$G68:$G162,TickerList!N68:N162) -> Nov 4, 2025 | AA69: =_xlfn.XLOOKUP(RTData[[#This Row],[Ticker_Symbol]],TickerList!$G68:$G162,TickerList!O68:O162) -> 0 | AB69: 0.0001 | AC69: 0.003 | AD69: 5.45 | AE69: =_xlfn.LET(_xlpm.New1YT,RTData[[#This Row],[1YT]], _xlpm.Old1YT,IF(ISNUMBER(RTData[[#This Row],[Old1YT]]),RTData[[#This Row],[Old1YT]],VALUE(LEFT(RTData[[#This Row],[Old1YT]],FIND("/",RTData[[#This Row],[Old1YT]],1)-1))), IF(OR(RTData[[#This Row],[1YT]]=0,_xlpm.Old1YT=0),0,(_xlpm.New1YT-_xlpm.Old1YT)/_xlpm.Old1YT)) -> -0.40366972 | AF69: =TEXT(RTData[[#This Row],[1YT]],"#,#0.00")&" < "&RTData[[#This Row],[Old1YT]] -> 3.25 < 5.45
A70: {=_xlfn.SINGLE(RTData[suffix])&_FV(RTData[[#This Row],[Company Name]],"Ticker symbol",TRUE)} -> SAFDIS | B70: =D99 -> 0.87001914 | C70: #VALUE! | D70: {=_FV(RTData[[#This Row],[Company Name]],"Currency")} -> USD | E70: {=_FV(RTData[[#This Row],[Company Name]],"Last trade time",TRUE)} -> 45966.997 | F70: {=_FV(RTData[[#This Row],[Company Name]],"Previous close",TRUE)} -> 111.47 | G70: {=_FV(RTData[[#This Row],[Company Name]],"Open")} -> 111.35 | H70: {=_FV(RTData[[#This Row],[Company Name]],"Price")} -> 111.34 | I70: {=_FV(RTData[[#This Row],[Company Name]],"Low")} -> 110.6 | J70: {=_FV(RTData[[#This Row],[Company Name]],"High")} -> 111.97 | K70: {=IFERROR(_FV(RTData[[#This Row],[Company Name]],"P/E",TRUE),99)} -> 17.4558 | L70: {=_FV(RTData[[#This Row],[Company Name]],"Change")} -> -0.13 | M70: {=_FV(RTData[[#This Row],[Company Name]],"Change (%)",TRUE)} -> -0.001166 | N70: {=_FV(RTData[[#This Row],[Company Name]],"52 week low",TRUE)} -> 80.1 | O70: {=_FV(RTData[[#This Row],[Company Name]],"52 week high",TRUE)} -> 124.69 | P70: {=_FV(RTData[[#This Row],[Company Name]],"Volume")} -> 5745085 | Q70: {=_FV(RTData[[#This Row],[Company Name]],"Volume average",TRUE)} -> 7629637 | R70: {=_FV(RTData[[#This Row],[Company Name]],"Beta")} -> 1.4864 | S70: SAF | T70: S | U70: {=_FV(RTData[[#This Row],[Company Name]],"Exchange abbreviation",TRUE)} -> XNYS | V70: =IFERROR(RTData[[#This Row],[Volume]]/RTData[[#This Row],[Volume average]],1) -> 0.75299585 | X70: =_xlfn.XLOOKUP(RTData[[#This Row],[Ticker_Symbol]],TickerList!$G69:$G163,TickerList!L69:L163) -> 134.0724 | Y70: =_xlfn.XLOOKUP(RTData[[#This Row],[Ticker_Symbol]],TickerList!$G69:$G163,TickerList!M69:M163) -> 45832 | Z70: =_xlfn.XLOOKUP(RTData[[#This Row],[Ticker_Symbol]],TickerList!$G69:$G163,TickerList!N69:N163) -> Nov 13, 2025 | AA70: =_xlfn.XLOOKUP(RTData[[#This Row],[Ticker_Symbol]],TickerList!$G69:$G163,TickerList!O69:O163) -> 0.0089 | AB70: 0.0001 | AC70: 0.003 | AD70: 124.75 | AE70: =_xlfn.LET(_xlpm.New1YT,RTData[[#This Row],[1YT]], _xlpm.Old1YT,IF(ISNUMBER(RTData[[#This Row],[Old1YT]]),RTData[[#This Row],[Old1YT]],VALUE(LEFT(RTData[[#This Row],[Old1YT]],FIND("/",RTData[[#This Row],[Old1YT]],1)-1))), IF(OR(RTData[[#This Row],[1YT]]=0,_xlpm.Old1YT=0),0,(_xlpm.New1YT-_xlpm.Old1YT)/_xlpm.Old1YT)) -> 0.074728657 | AF70: =TEXT(RTData[[#This Row],[1YT]],"#,#0.00")&" < "&RTData[[#This Row],[Old1YT]] -> 134.07 < 124.75
A71: {=_xlfn.SINGLE(RTData[suffix])&_FV(RTData[[#This Row],[Company Name]],"Ticker symbol",TRUE)} -> SAFGM | B71: =D99 -> 0.87001914 | C71: #VALUE! | D71: {=_FV(RTData[[#This Row],[Company Name]],"Currency")} -> USD | E71: {=_FV(RTData[[#This Row],[Company Name]],"Last trade time",TRUE)} -> 45966.998 | F71: {=_FV(RTData[[#This Row],[Company Name]],"Previous close",TRUE)} -> 66.87 | G71: {=_FV(RTData[[#This Row],[Company Name]],"Open")} -> 67.04 | H71: {=_FV(RTData[[#This Row],[Company Name]],"Price")} -> 68.78 | I71: {=_FV(RTData[[#This Row],[Company Name]],"Low")} -> 67.04 | J71: {=_FV(RTData[[#This Row],[Company Name]],"High")} -> 69.26 | K71: {=IFERROR(_FV(RTData[[#This Row],[Company Name]],"P/E",TRUE),99)} -> 13.229 | L71: {=_FV(RTData[[#This Row],[Company Name]],"Change")} -> 1.91 | M71: {=_FV(RTData[[#This Row],[Company Name]],"Change (%)",TRUE)} -> 0.028563 | N71: {=_FV(RTData[[#This Row],[Company Name]],"52 week low",TRUE)} -> 41.6 | O71: {=_FV(RTData[[#This Row],[Company Name]],"52 week high",TRUE)} -> 70.24 | P71: {=_FV(RTData[[#This Row],[Company Name]],"Volume")} -> 7806815 | Q71: {=_FV(RTData[[#This Row],[Company Name]],"Volume average",TRUE)} -> 10651288 | R71: {=_FV(RTData[[#This Row],[Company Name]],"Beta")} -> 1.314 | S71: SAF | T71: S | U71: {=_FV(RTData[[#This Row],[Company Name]],"Exchange abbreviation",TRUE)} -> XNYS | V71: =IFERROR(RTData[[#This Row],[Volume]]/RTData[[#This Row],[Volume average]],1) -> 0.73294563 | X71: =_xlfn.XLOOKUP(RTData[[#This Row],[Ticker_Symbol]],TickerList!$G70:$G164,TickerList!L70:L164) -> 73.15385 | Y71: =_xlfn.XLOOKUP(RTData[[#This Row],[Ticker_Symbol]],TickerList!$G70:$G164,TickerList!M70:M164) -> 45996 | Z71: =_xlfn.XLOOKUP(RTData[[#This Row],[Ticker_Symbol]],TickerList!$G70:$G164,TickerList!N70:N164) -> Oct 21, 2025 | AA71: =_xlfn.XLOOKUP(RTData[[#This Row],[Ticker_Symbol]],TickerList!$G70:$G164,TickerList!O70:O164) -> 0.0087 | AB71: 0.0001 | AC71: 0.003 | AD71: 54.06 | AE71: =_xlfn.LET(_xlpm.New1YT,RTData[[#This Row],[1YT]], _xlpm.Old1YT,IF(ISNUMBER(RTData[[#This Row],[Old1YT]]),RTData[[#This Row],[Old1YT]],VALUE(LEFT(RTData[[#This Row],[Old1YT]],FIND("/",RTData[[#This Row],[Old1YT]],1)-1))), IF(OR(RTData[[#This Row],[1YT]]=0,_xlpm.Old1YT=0),0,(_xlpm.New1YT-_xlpm.Old1YT)/_xlpm.Old1YT)) -> 0.35319737 | AF71: =TEXT(RTData[[#This Row],[1YT]],"#,#0.00")&" < "&RTData[[#This Row],[Old1YT]] -> 73.15 < 54.06
A72: {=_xlfn.SINGLE(RTData[suffix])&_FV(RTData[[#This Row],[Company Name]],"Ticker symbol",TRUE)} -> SAFIAG | B72: =D101/100 -> 0.011358473 | C72: #VALUE! | D72: {=_FV(RTData[[#This Row],[Company Name]],"Currency")} -> GBp | E72: {=_FV(RTData[[#This Row],[Company Name]],"Last trade time",TRUE)} -> 45966.714 | F72: {=_FV(RTData[[#This Row],[Company Name]],"Previous close",TRUE)} -> 422.6 | G72: {=_FV(RTData[[#This Row],[Company Name]],"Open")} -> 421.1 | H72: {=_FV(RTData[[#This Row],[Company Name]],"Price")} -> 425.2 | I72: {=_FV(RTData[[#This Row],[Company Name]],"Low")} -> 419.5 | J72: {=_FV(RTData[[#This Row],[Company Name]],"High")} -> 426.1 | K72: {=IFERROR(_FV(RTData[[#This Row],[Company Name]],"P/E",TRUE),99)} -> 7.6527 | L72: {=_FV(RTData[[#This Row],[Company Name]],"Change")} -> 2.6 | M72: {=_FV(RTData[[#This Row],[Company Name]],"Change (%)",TRUE)} -> 0.006152 | N72: {=_FV(RTData[[#This Row],[Company Name]],"52 week low",TRUE)} -> 207.6 | O72: {=_FV(RTData[[#This Row],[Company Name]],"52 week high",TRUE)} -> 429.3 | P72: {=_FV(RTData[[#This Row],[Company Name]],"Volume")} -> 10087501 | Q72: {=_FV(RTData[[#This Row],[Company Name]],"Volume average",TRUE)} -> 11911510 | R72: {=_FV(RTData[[#This Row],[Company Name]],"Beta")} -> 2.2967 | S72: SAF | T72: S | U72: {=_FV(RTData[[#This Row],[Company Name]],"Exchange abbreviation",TRUE)} -> XLON | V72: =IFERROR(RTData[[#This Row],[Volume]]/RTData[[#This Row],[Volume average]],1) -> 0.84687004 | X72: =_xlfn.XLOOKUP(RTData[[#This Row],[Ticker_Symbol]],TickerList!$G71:$G165,TickerList!L71:L165) -> 464.0942 | Y72: =_xlfn.XLOOKUP(RTData[[#This Row],[Ticker_Symbol]],TickerList!$G71:$G165,TickerList!M71:M165) -> 45834 | Z72: =_xlfn.XLOOKUP(RTData[[#This Row],[Ticker_Symbol]],TickerList!$G71:$G165,TickerList!N71:N165) -> 0 | AA72: =_xlfn.XLOOKUP(RTData[[#This Row],[Ticker_Symbol]],TickerList!$G71:$G165,TickerList!O71:O165) -> 0.0183 | AB72: 0.0001 | AC72: 0.003 | AD72: 293.75 | AE72: =_xlfn.LET(_xlpm.New1YT,RTData[[#This Row],[1YT]], _xlpm.Old1YT,IF(ISNUMBER(RTData[[#This Row],[Old1YT]]),RTData[[#This Row],[Old1YT]],VALUE(LEFT(RTData[[#This Row],[Old1YT]],FIND("/",RTData[[#This Row],[Old1YT]],1)-1))), IF(OR(RTData[[#This Row],[1YT]]=0,_xlpm.Old1YT=0),0,(_xlpm.New1YT-_xlpm.Old1YT)/_xlpm.Old1YT)) -> 0.57989515 | AF72: =TEXT(RTData[[#This Row],[1YT]],"#,#0.00")&" < "&RTData[[#This Row],[Old1YT]] -> 464.09 < 293.75
A73: {=_xlfn.SINGLE(RTData[suffix])&_FV(RTData[[#This Row],[Company Name]],"Ticker symbol",TRUE)} -> SAFMRNA | B73: =D99 -> 0.87001914 | C73: #VALUE! | D73: {=_FV(RTData[[#This Row],[Company Name]],"Currency")} -> USD | E73: {=_FV(RTData[[#This Row],[Company Name]],"Last trade time",TRUE)} -> 45967 | F73: {=_FV(RTData[[#This Row],[Company Name]],"Previous close",TRUE)} -> 23.75 | G73: {=_FV(RTData[[#This Row],[Company Name]],"Open")} -> 23.915 | H73: {=_FV(RTData[[#This Row],[Company Name]],"Price")} -> 23.56 | I73: {=_FV(RTData[[#This Row],[Company Name]],"Low")} -> 23.48 | J73: {=_FV(RTData[[#This Row],[Company Name]],"High")} -> 24.04 | K73: {=IFERROR(_FV(RTData[[#This Row],[Company Name]],"P/E",TRUE),99)} -> 0 | L73: {=_FV(RTData[[#This Row],[Company Name]],"Change")} -> -0.19 | M73: {=_FV(RTData[[#This Row],[Company Name]],"Change (%)",TRUE)} -> -0.008 | N73: {=_FV(RTData[[#This Row],[Company Name]],"52 week low",TRUE)} -> 23.15 | O73: {=_FV(RTData[[#This Row],[Company Name]],"52 week high",TRUE)} -> 56.695 | P73: {=_FV(RTData[[#This Row],[Company Name]],"Volume")} -> 11126437 | Q73: {=_FV(RTData[[#This Row],[Company Name]],"Volume average",TRUE)} -> 11157159 | R73: {=_FV(RTData[[#This Row],[Company Name]],"Beta")} -> 1.1277 | S73: SAF | T73: S | U73: {=_FV(RTData[[#This Row],[Company Name]],"Exchange abbreviation",TRUE)} -> XNAS | V73: =IFERROR(RTData[[#This Row],[Volume]]/RTData[[#This Row],[Volume average]],1) -> 0.99724643 | X73: =_xlfn.XLOOKUP(RTData[[#This Row],[Ticker_Symbol]],TickerList!$G72:$G166,TickerList!L72:L166) -> 40.3 | Y73: =_xlfn.XLOOKUP(RTData[[#This Row],[Ticker_Symbol]],TickerList!$G72:$G166,TickerList!M72:M166) -> 0 | Z73: =_xlfn.XLOOKUP(RTData[[#This Row],[Ticker_Symbol]],TickerList!$G72:$G166,TickerList!N72:N166) -> Nov 6, 2025 | AA73: =_xlfn.XLOOKUP(RTData[[#This Row],[Ticker_Symbol]],TickerList!$G72:$G166,TickerList!O72:O166) -> 0 | AB73: 0.0001 | AC73: 0.003 | AD73: 99.83 | AE73: =_xlfn.LET(_xlpm.New1YT,RTData[[#This Row],[1YT]], _xlpm.Old1YT,IF(ISNUMBER(RTData[[#This Row],[Old1YT]]),RTData[[#This Row],[Old1YT]],VALUE(LEFT(RTData[[#This Row],[Old1YT]],FIND("/",RTData[[#This Row],[Old1YT]],1)-1))), IF(OR(RTData[[#This Row],[1YT]]=0,_xlpm.Old1YT=0),0,(_xlpm.New1YT-_xlpm.Old1YT)/_xlpm.Old1YT)) -> -0.59631373 | AF73: =TEXT(RTData[[#This Row],[1YT]],"#,#0.00")&" < "&RTData[[#This Row],[Old1YT]] -> 40.30 < 99.83
A74: {=_xlfn.SINGLE(RTData[suffix])&_FV(RTData[[#This Row],[Company Name]],"Ticker symbol",TRUE)} -> BLNK | B74: =D99 -> 0.87001914 | C74: #VALUE! | D74: {=_FV(RTData[[#This Row],[Company Name]],"Currency")} -> USD | E74: {=_FV(RTData[[#This Row],[Company Name]],"Last trade time",TRUE)} -> 45967 | F74: {=_FV(RTData[[#This Row],[Company Name]],"Previous close",TRUE)} -> 1.48 | G74: {=_FV(RTData[[#This Row],[Company Name]],"Open")} -> 1.5 | H74: {=_FV(RTData[[#This Row],[Company Name]],"Price")} -> 1.64 | I74: {=_FV(RTData[[#This Row],[Company Name]],"Low")} -> 1.5 | J74: {=_FV(RTData[[#This Row],[Company Name]],"High")} -> 1.66 | K74: {=IFERROR(_FV(RTData[[#This Row],[Company Name]],"P/E",TRUE),99)} -> 0 | L74: {=_FV(RTData[[#This Row],[Company Name]],"Change")} -> 0.16 | M74: {=_FV(RTData[[#This Row],[Company Name]],"Change (%)",TRUE)} -> 0.108108 | N74: {=_FV(RTData[[#This Row],[Company Name]],"52 week low",TRUE)} -> 0.6301 | O74: {=_FV(RTData[[#This Row],[Company Name]],"52 week high",TRUE)} -> 2.6499 | P74: {=_FV(RTData[[#This Row],[Company Name]],"Volume")} -> 2549783 | Q74: {=_FV(RTData[[#This Row],[Company Name]],"Volume average",TRUE)} -> 5997430 | R74: {=_FV(RTData[[#This Row],[Company Name]],"Beta")} -> 1.8866 | T74: S | U74: {=_FV(RTData[[#This Row],[Company Name]],"Exchange abbreviation",TRUE)} -> XNAS | V74: =IFERROR(RTData[[#This Row],[Volume]]/RTData[[#This Row],[Volume average]],1) -> 0.42514594 | X74: =_xlfn.XLOOKUP(RTData[[#This Row],[Ticker_Symbol]],TickerList!$G73:$G167,TickerList!L73:L167) -> 2.4 | Y74: =_xlfn.XLOOKUP(RTData[[#This Row],[Ticker_Symbol]],TickerList!$G73:$G167,TickerList!M73:M167) -> 0 | Z74: =_xlfn.XLOOKUP(RTData[[#This Row],[Ticker_Symbol]],TickerList!$G73:$G167,TickerList!N73:N167) -> Nov 6, 2025 | AA74: =_xlfn.XLOOKUP(RTData[[#This Row],[Ticker_Symbol]],TickerList!$G73:$G167,TickerList!O73:O167) -> 0 | AB74: 0.0001 | AC74: 0.003 | AD74: 2.25/3.94 | AE74: =_xlfn.LET(_xlpm.New1YT,RTData[[#This Row],[1YT]], _xlpm.Old1YT,IF(ISNUMBER(RTData[[#This Row],[Old1YT]]),RTData[[#This Row],[Old1YT]],VALUE(LEFT(RTData[[#This Row],[Old1YT]],FIND("/",RTData[[#This Row],[Old1YT]],1)-1))), IF(OR(RTData[[#This Row],[1YT]]=0,_xlpm.Old1YT=0),0,(_xlpm.New1YT-_xlpm.Old1YT)/_xlpm.Old1YT)) -> 0.066666667 | AF74: =TEXT(RTData[[#This Row],[1YT]],"#,#0.00")&" < "&RTData[[#This Row],[Old1YT]] -> 2.40 < 2.25/3.94
A75: {=_xlfn.SINGLE(RTData[suffix])&_FV(RTData[[#This Row],[Company Name]],"Ticker symbol",TRUE)} -> ENI | B75: 1 | C75: #VALUE! | D75: {=_FV(RTData[[#This Row],[Company Name]],"Currency")} -> EUR | E75: {=_FV(RTData[[#This Row],[Company Name]],"Last trade time",TRUE)} -> 45966.708 | F75: {=_FV(RTData[[#This Row],[Company Name]],"Previous close",TRUE)} -> 15.91 | G75: {=_FV(RTData[[#This Row],[Company Name]],"Open")} -> 15.848 | H75: {=_FV(RTData[[#This Row],[Company Name]],"Price")} -> 15.968 | I75: {=_FV(RTData[[#This Row],[Company Name]],"Low")} -> 15.832 | J75: {=_FV(RTData[[#This Row],[Company Name]],"High")} -> 15.986 | K75: {=IFERROR(_FV(RTData[[#This Row],[Company Name]],"P/E",TRUE),99)} -> 17.6345 | L75: {=_FV(RTData[[#This Row],[Company Name]],"Change")} -> 0.058 | M75: {=_FV(RTData[[#This Row],[Company Name]],"Change (%)",TRUE)} -> 0.003646 | N75: {=_FV(RTData[[#This Row],[Company Name]],"52 week low",TRUE)} -> 11.01 | O75: {=_FV(RTData[[#This Row],[Company Name]],"52 week high",TRUE)} -> 16.11 | P75: {=_FV(RTData[[#This Row],[Company Name]],"Volume")} -> 7194438 | Q75: {=_FV(RTData[[#This Row],[Company Name]],"Volume average",TRUE)} -> 12662660 | R75: {=_FV(RTData[[#This Row],[Company Name]],"Beta")} -> 0.8305 | T75: S | U75: {=_FV(RTData[[#This Row],[Company Name]],"Exchange abbreviation",TRUE)} -> XMIL | V75: =IFERROR(RTData[[#This Row],[Volume]]/RTData[[#This Row],[Volume average]],1) -> 0.56816167 | X75: =_xlfn.XLOOKUP(RTData[[#This Row],[Ticker_Symbol]],TickerList!$G74:$G168,TickerList!L74:L168) -> 16.12273 | Y75: =_xlfn.XLOOKUP(RTData[[#This Row],[Ticker_Symbol]],TickerList!$G74:$G168,TickerList!M74:M168) -> 45985 | Z75: =_xlfn.XLOOKUP(RTData[[#This Row],[Ticker_Symbol]],TickerList!$G74:$G168,TickerList!N74:N168) -> 0 | AA75: =_xlfn.XLOOKUP(RTData[[#This Row],[Ticker_Symbol]],TickerList!$G74:$G168,TickerList!O74:O168) -> 0.0652 | AC75: 0.003 | AD75: 14.71/14.81/16.46 | AE75: =_xlfn.LET(_xlpm.New1YT,RTData[[#This Row],[1YT]], _xlpm.Old1YT,IF(ISNUMBER(RTData[[#This Row],[Old1YT]]),RTData[[#This Row],[Old1YT]],VALUE(LEFT(RTData[[#This Row],[Old1YT]],FIND("/",RTData[[#This Row],[Old1YT]],1)-1))), IF(OR(RTData[[#This Row],[1YT]]=0,_xlpm.Old1YT=0),0,(_xlpm.New1YT-_xlpm.Old1YT)/_xlpm.Old1YT)) -> 0.096038749 | AF75: =TEXT(RTData[[#This Row],[1YT]],"#,#0.00")&" < "&RTData[[#This Row],[Old1YT]] -> 16.12 < 14.71/14.81/16.46
A76: {=_xlfn.SINGLE(RTData[suffix])&_FV(RTData[[#This Row],[Company Name]],"Ticker symbol",TRUE)} -> EZJ | B76: =D101/100 -> 0.011358473 | C76: #VALUE! | D76: {=_FV(RTData[[#This Row],[Company Name]],"Currency")} -> GBp | E76: {=_FV(RTData[[#This Row],[Company Name]],"Last trade time",TRUE)} -> 45966.68 | F76: {=_FV(RTData[[#This Row],[Company Name]],"Previous close",TRUE)} -> 480.3 | G76: {=_FV(RTData[[#This Row],[Company Name]],"Open")} -> 478.3 | H76: {=_FV(RTData[[#This Row],[Company Name]],"Price")} -> 484.1 | I76: {=_FV(RTData[[#This Row],[Company Name]],"Low")} -> 478.3 | J76: {=_FV(RTData[[#This Row],[Company Name]],"High")} -> 487.3 | K76: {=IFERROR(_FV(RTData[[#This Row],[Company Name]],"P/E",TRUE),99)} -> 8.7755 | L76: {=_FV(RTData[[#This Row],[Company Name]],"Change")} -> 3.8 | M76: {=_FV(RTData[[#This Row],[Company Name]],"Change (%)",TRUE)} -> 0.007912 | N76: {=_FV(RTData[[#This Row],[Company Name]],"52 week low",TRUE)} -> 401.05 | O76: {=_FV(RTData[[#This Row],[Company Name]],"52 week high",TRUE)} -> 594 | P76: {=_FV(RTData[[#This Row],[Company Name]],"Volume")} -> 2648697 | Q76: {=_FV(RTData[[#This Row],[Company Name]],"Volume average",TRUE)} -> 3502610 | R76: {=_FV(RTData[[#This Row],[Company Name]],"Beta")} -> 2.2376 | T76: S | U76: {=_FV(RTData[[#This Row],[Company Name]],"Exchange abbreviation",TRUE)} -> XLON | V76: =IFERROR(RTData[[#This Row],[Volume]]/RTData[[#This Row],[Volume average]],1) -> 0.75620666 | X76: =_xlfn.XLOOKUP(RTData[[#This Row],[Ticker_Symbol]],TickerList!$G75:$G169,TickerList!L75:L169) -> 626.25 | Y76: =_xlfn.XLOOKUP(RTData[[#This Row],[Ticker_Symbol]],TickerList!$G75:$G169,TickerList!M75:M169) -> 45708 | Z76: =_xlfn.XLOOKUP(RTData[[#This Row],[Ticker_Symbol]],TickerList!$G75:$G169,TickerList!N75:N169) -> 0 | AA76: =_xlfn.XLOOKUP(RTData[[#This Row],[Ticker_Symbol]],TickerList!$G75:$G169,TickerList!O75:O169) -> 0.025 | AC76: 0.003 | AD76: 697.31/682.94 | AE76: =_xlfn.LET(_xlpm.New1YT,RTData[[#This Row],[1YT]], _xlpm.Old1YT,IF(ISNUMBER(RTData[[#This Row],[Old1YT]]),RTData[[#This Row],[Old1YT]],VALUE(LEFT(RTData[[#This Row],[Old1YT]],FIND("/",RTData[[#This Row],[Old1YT]],1)-1))), IF(OR(RTData[[#This Row],[1YT]]=0,_xlpm.Old1YT=0),0,(_xlpm.New1YT-_xlpm.Old1YT)/_xlpm.Old1YT)) -> -0.1019059 | AF76: =TEXT(RTData[[#This Row],[1YT]],"#,#0.00")&" < "&RTData[[#This Row],[Old1YT]] -> 626.25 < 697.31/682.94
A77: {=_xlfn.SINGLE(RTData[suffix])&_FV(RTData[[#This Row],[Company Name]],"Ticker symbol",TRUE)} -> F | B77: =D99 -> 0.87001914 | C77: #VALUE! | D77: {=_FV(RTData[[#This Row],[Company Name]],"Currency")} -> USD | E77: {=_FV(RTData[[#This Row],[Company Name]],"Last trade time",TRUE)} -> 45967.001 | F77: {=_FV(RTData[[#This Row],[Company Name]],"Previous close",TRUE)} -> 12.79 | G77: {=_FV(RTData[[#This Row],[Company Name]],"Open")} -> 12.92 | H77: {=_FV(RTData[[#This Row],[Company Name]],"Price")} -> 13.135 | I77: {=_FV(RTData[[#This Row],[Company Name]],"Low")} -> 12.88 | J77: {=_FV(RTData[[#This Row],[Company Name]],"High")} -> 13.305 | K77: {=IFERROR(_FV(RTData[[#This Row],[Company Name]],"P/E",TRUE),99)} -> 11.2795 | L77: {=_FV(RTData[[#This Row],[Company Name]],"Change")} -> 0.345 | M77: {=_FV(RTData[[#This Row],[Company Name]],"Change (%)",TRUE)} -> 0.026974 | N77: {=_FV(RTData[[#This Row],[Company Name]],"52 week low",TRUE)} -> 8.4406 | O77: {=_FV(RTData[[#This Row],[Company Name]],"52 week high",TRUE)} -> 13.97 | P77: {=_FV(RTData[[#This Row],[Company Name]],"Volume")} -> 79114426 | Q77: {=_FV(RTData[[#This Row],[Company Name]],"Volume average",TRUE)} -> 137175215 | R77: {=_FV(RTData[[#This Row],[Company Name]],"Beta")} -> 1.603 | T77: S | U77: {=_FV(RTData[[#This Row],[Company Name]],"Exchange abbreviation",TRUE)} -> XNYS | V77: =IFERROR(RTData[[#This Row],[Volume]]/RTData[[#This Row],[Volume average]],1) -> 0.57673995 | X77: =_xlfn.XLOOKUP(RTData[[#This Row],[Ticker_Symbol]],TickerList!$G76:$G170,TickerList!L76:L170) -> 12.265 | Y77: =_xlfn.XLOOKUP(RTData[[#This Row],[Ticker_Symbol]],TickerList!$G76:$G170,TickerList!M76:M170) -> 45968 | Z77: =_xlfn.XLOOKUP(RTData[[#This Row],[Ticker_Symbol]],TickerList!$G76:$G170,TickerList!N76:N170) -> Oct 23, 2025 | AA77: =_xlfn.XLOOKUP(RTData[[#This Row],[Ticker_Symbol]],TickerList!$G76:$G170,TickerList!O76:O170) -> 0.045700002 | AB77: 0.0001 | AC77: 0.003 | AD77: 10.37/12.18 | AE77: =_xlfn.LET(_xlpm.New1YT,RTData[[#This Row],[1YT]], _xlpm.Old1YT,IF(ISNUMBER(RTData[[#This Row],[Old1YT]]),RTData[[#This Row],[Old1YT]],VALUE(LEFT(RTData[[#This Row],[Old1YT]],FIND("/",RTData[[#This Row],[Old1YT]],1)-1))), IF(OR(RTData[[#This Row],[1YT]]=0,_xlpm.Old1YT=0),0,(_xlpm.New1YT-_xlpm.Old1YT)/_xlpm.Old1YT)) -> 0.18273867 | AF77: =TEXT(RTData[[#This Row],[1YT]],"#,#0.00")&" < "&RTData[[#This Row],[Old1YT]] -> 12.27 < 10.37/12.18
A78: {=_xlfn.SINGLE(RTData[suffix])&_FV(RTData[[#This Row],[Company Name]],"Ticker symbol",TRUE)} -> GLE | B78: 1 | C78: #VALUE! | D78: {=_FV(RTData[[#This Row],[Company Name]],"Currency")} -> EUR | E78: {=_FV(RTData[[#This Row],[Company Name]],"Last trade time",TRUE)} -> 45966.708 | F78: {=_FV(RTData[[#This Row],[Company Name]],"Previous close",TRUE)} -> 54.58 | G78: {=_FV(RTData[[#This Row],[Company Name]],"Open")} -> 53.96 | H78: {=_FV(RTData[[#This Row],[Company Name]],"Price")} -> 54.64 | I78: {=_FV(RTData[[#This Row],[Company Name]],"Low")} -> 53.76 | J78: {=_FV(RTData[[#This Row],[Company Name]],"High")} -> 54.76 | K78: {=IFERROR(_FV(RTData[[#This Row],[Company Name]],"P/E",TRUE),99)} -> 8.7402 | L78: {=_FV(RTData[[#This Row],[Company Name]],"Change")} -> 0.06 | M78: {=_FV(RTData[[#This Row],[Company Name]],"Change (%)",TRUE)} -> 0.001099 | N78: {=_FV(RTData[[#This Row],[Company Name]],"52 week low",TRUE)} -> 24.03 | O78: {=_FV(RTData[[#This Row],[Company Name]],"52 week high",TRUE)} -> 59.42 | P78: {=_FV(RTData[[#This Row],[Company Name]],"Volume")} -> 1640478 | Q78: {=_FV(RTData[[#This Row],[Company Name]],"Volume average",TRUE)} -> 2049810 | R78: {=_FV(RTData[[#This Row],[Company Name]],"Beta")} -> 1.389 | T78: S | U78: {=_FV(RTData[[#This Row],[Company Name]],"Exchange abbreviation",TRUE)} -> XPAR | V78: =IFERROR(RTData[[#This Row],[Volume]]/RTData[[#This Row],[Volume average]],1) -> 0.80030735 | X78: =_xlfn.XLOOKUP(RTData[[#This Row],[Ticker_Symbol]],TickerList!$G77:$G171,TickerList!L77:L171) -> 64.68611 | Y78: =_xlfn.XLOOKUP(RTData[[#This Row],[Ticker_Symbol]],TickerList!$G77:$G171,TickerList!M77:M171) -> 45937 | Z78: =_xlfn.XLOOKUP(RTData[[#This Row],[Ticker_Symbol]],TickerList!$G77:$G171,TickerList!N77:N171) -> Oct 30, 2025 | AA78: =_xlfn.XLOOKUP(RTData[[#This Row],[Ticker_Symbol]],TickerList!$G77:$G171,TickerList!O77:O171) -> 0.031 | AC78: 0.003 | AD78: 59.77/51.92/30.4 | AE78: =_xlfn.LET(_xlpm.New1YT,RTData[[#This Row],[1YT]], _xlpm.Old1YT,IF(ISNUMBER(RTData[[#This Row],[Old1YT]]),RTData[[#This Row],[Old1YT]],VALUE(LEFT(RTData[[#This Row],[Old1YT]],FIND("/",RTData[[#This Row],[Old1YT]],1)-1))), IF(OR(RTData[[#This Row],[1YT]]=0,_xlpm.Old1YT=0),0,(_xlpm.New1YT-_xlpm.Old1YT)/_xlpm.Old1YT)) -> 0.08225046 | AF78: =TEXT(RTData[[#This Row],[1YT]],"#,#0.00")&" < "&RTData[[#This Row],[Old1YT]] -> 64.69 < 59.77/51.92/30.4
A79: {=_xlfn.SINGLE(RTData[suffix])&_FV(RTData[[#This Row],[Company Name]],"Ticker symbol",TRUE)} -> GNRC | B79: =D99 -> 0.87001914 | C79: #VALUE! | D79: {=_FV(RTData[[#This Row],[Company Name]],"Currency")} -> USD | E79: {=_FV(RTData[[#This Row],[Company Name]],"Last trade time",TRUE)} -> 45966.987 | F79: {=_FV(RTData[[#This Row],[Company Name]],"Previous close",TRUE)} -> 156.59 | G79: {=_FV(RTData[[#This Row],[Company Name]],"Open")} -> 156.53 | H79: {=_FV(RTData[[#This Row],[Company Name]],"Price")} -> 159.18 | I79: {=_FV(RTData[[#This Row],[Company Name]],"Low")} -> 156 | J79: {=_FV(RTData[[#This Row],[Company Name]],"High")} -> 161.26 | K79: {=IFERROR(_FV(RTData[[#This Row],[Company Name]],"P/E",TRUE),99)} -> 30.2888 | L79: {=_FV(RTData[[#This Row],[Company Name]],"Change")} -> 2.59 | M79: {=_FV(RTData[[#This Row],[Company Name]],"Change (%)",TRUE)} -> 0.01654 | N79: {=_FV(RTData[[#This Row],[Company Name]],"52 week low",TRUE)} -> 99.5 | O79: {=_FV(RTData[[#This Row],[Company Name]],"52 week high",TRUE)} -> 203.2499 | P79: {=_FV(RTData[[#This Row],[Company Name]],"Volume")} -> 897057 | Q79: {=_FV(RTData[[#This Row],[Company Name]],"Volume average",TRUE)} -> 1256348 | R79: {=_FV(RTData[[#This Row],[Company Name]],"Beta")} -> 1.8174 | T79: S | U79: {=_FV(RTData[[#This Row],[Company Name]],"Exchange abbreviation",TRUE)} -> XNYS | V79: =IFERROR(RTData[[#This Row],[Volume]]/RTData[[#This Row],[Volume average]],1) -> 0.71401952 | X79: =_xlfn.XLOOKUP(RTData[[#This Row],[Ticker_Symbol]],TickerList!$G78:$G172,TickerList!L78:L172) -> 207.4706 | Y79: =_xlfn.XLOOKUP(RTData[[#This Row],[Ticker_Symbol]],TickerList!$G78:$G172,TickerList!M78:M172) -> 41435 | Z79: =_xlfn.XLOOKUP(RTData[[#This Row],[Ticker_Symbol]],TickerList!$G78:$G172,TickerList!N78:N172) -> Oct 29, 2025 | AA79: =_xlfn.XLOOKUP(RTData[[#This Row],[Ticker_Symbol]],TickerList!$G78:$G172,TickerList!O78:O172) -> 0 | AB79: 0.0001 | AC79: 0.003 | AD79: 157.18 | AE79: =_xlfn.LET(_xlpm.New1YT,RTData[[#This Row],[1YT]], _xlpm.Old1YT,IF(ISNUMBER(RTData[[#This Row],[Old1YT]]),RTData[[#This Row],[Old1YT]],VALUE(LEFT(RTData[[#This Row],[Old1YT]],FIND("/",RTData[[#This Row],[Old1YT]],1)-1))), IF(OR(RTData[[#This Row],[1YT]]=0,_xlpm.Old1YT=0),0,(_xlpm.New1YT-_xlpm.Old1YT)/_xlpm.Old1YT)) -> 0.31995547 | AF79: =TEXT(RTData[[#This Row],[1YT]],"#,#0.00")&" < "&RTData[[#This Row],[Old1YT]] -> 207.47 < 157.18
A80: {=_xlfn.SINGLE(RTData[suffix])&_FV(RTData[[#This Row],[Company Name]],"Ticker symbol",TRUE)} -> GS | B80: =D99 -> 0.87001914 | C80: #VALUE! | D80: {=_FV(RTData[[#This Row],[Company Name]],"Currency")} -> USD | E80: {=_FV(RTData[[#This Row],[Company Name]],"Last trade time",TRUE)} -> 45966.993 | F80: {=_FV(RTData[[#This Row],[Company Name]],"Previous close",TRUE)} -> 790.83 | G80: {=_FV(RTData[[#This Row],[Company Name]],"Open")} -> 790.44 | H80: {=_FV(RTData[[#This Row],[Company Name]],"Price")} -> 793.11 | I80: {=_FV(RTData[[#This Row],[Company Name]],"Low")} -> 775.58 | J80: {=_FV(RTData[[#This Row],[Company Name]],"High")} -> 797.36 | K80: {=IFERROR(_FV(RTData[[#This Row],[Company Name]],"P/E",TRUE),99)} -> 16.1112 | L80: {=_FV(RTData[[#This Row],[Company Name]],"Change")} -> 2.28 | M80: {=_FV(RTData[[#This Row],[Company Name]],"Change (%)",TRUE)} -> 0.002883 | N80: {=_FV(RTData[[#This Row],[Company Name]],"52 week low",TRUE)} -> 439.38 | O80: {=_FV(RTData[[#This Row],[Company Name]],"52 week high",TRUE)} -> 825.25 | P80: {=_FV(RTData[[#This Row],[Company Name]],"Volume")} -> 1832800 | Q80: {=_FV(RTData[[#This Row],[Company Name]],"Volume average",TRUE)} -> 2103506 | R80: {=_FV(RTData[[#This Row],[Company Name]],"Beta")} -> 1.3489 | T80: S | U80: {=_FV(RTData[[#This Row],[Company Name]],"Exchange abbreviation",TRUE)} -> XNYS | V80: =IFERROR(RTData[[#This Row],[Volume]]/RTData[[#This Row],[Volume average]],1) -> 0.87130724 | X80: =_xlfn.XLOOKUP(RTData[[#This Row],[Ticker_Symbol]],TickerList!$G79:$G173,TickerList!L79:L173) -> 801.8421 | Y80: =_xlfn.XLOOKUP(RTData[[#This Row],[Ticker_Symbol]],TickerList!$G79:$G173,TickerList!M79:M173) -> 45993 | Z80: =_xlfn.XLOOKUP(RTData[[#This Row],[Ticker_Symbol]],TickerList!$G79:$G173,TickerList!N79:N173) -> Jan 15, 2026 | AA80: =_xlfn.XLOOKUP(RTData[[#This Row],[Ticker_Symbol]],TickerList!$G79:$G173,TickerList!O79:O173) -> 0.020299999 | AB80: 0.0001 | AC80: 0.003 | AD80: 453.91 | AE80: =_xlfn.LET(_xlpm.New1YT,RTData[[#This Row],[1YT]], _xlpm.Old1YT,IF(ISNUMBER(RTData[[#This Row],[Old1YT]]),RTData[[#This Row],[Old1YT]],VALUE(LEFT(RTData[[#This Row],[Old1YT]],FIND("/",RTData[[#This Row],[Old1YT]],1)-1))), IF(OR(RTData[[#This Row],[1YT]]=0,_xlpm.Old1YT=0),0,(_xlpm.New1YT-_xlpm.Old1YT)/_xlpm.Old1YT)) -> 0.76652222 | AF80: =TEXT(RTData[[#This Row],[1YT]],"#,#0.00")&" < "&RTData[[#This Row],[Old1YT]] -> 801.84 < 453.91
A81: {=_xlfn.SINGLE(RTData[suffix])&_FV(RTData[[#This Row],[Company Name]],"Ticker symbol",TRUE)} -> LAZR | B81: =D99 -> 0.87001914 | C81: #VALUE! | D81: {=_FV(RTData[[#This Row],[Company Name]],"Currency")} -> USD | E81: {=_FV(RTData[[#This Row],[Company Name]],"Last trade time",TRUE)} -> 45967 | F81: {=_FV(RTData[[#This Row],[Company Name]],"Previous close",TRUE)} -> 1.35 | G81: {=_FV(RTData[[#This Row],[Company Name]],"Open")} -> 1.34 | H81: {=_FV(RTData[[#This Row],[Company Name]],"Price")} -> 1.24 | I81: {=_FV(RTData[[#This Row],[Company Name]],"Low")} -> 1.2101 | J81: {=_FV(RTData[[#This Row],[Company Name]],"High")} -> 1.37 | K81: {=IFERROR(_FV(RTData[[#This Row],[Company Name]],"P/E",TRUE),99)} -> 0 | L81: {=_FV(RTData[[#This Row],[Company Name]],"Change")} -> -0.11 | M81: {=_FV(RTData[[#This Row],[Company Name]],"Change (%)",TRUE)} -> -0.081481 | N81: {=_FV(RTData[[#This Row],[Company Name]],"52 week low",TRUE)} -> 1.08 | O81: {=_FV(RTData[[#This Row],[Company Name]],"52 week high",TRUE)} -> 18.6 | P81: {=_FV(RTData[[#This Row],[Company Name]],"Volume")} -> 7163373 | Q81: {=_FV(RTData[[#This Row],[Company Name]],"Volume average",TRUE)} -> 11552190 | R81: {=_FV(RTData[[#This Row],[Company Name]],"Beta")} -> 1.4122 | T81: S | U81: {=_FV(RTData[[#This Row],[Company Name]],"Exchange abbreviation",TRUE)} -> XNAS | V81: =IFERROR(RTData[[#This Row],[Volume]]/RTData[[#This Row],[Volume average]],1) -> 0.62008788 | X81: =_xlfn.XLOOKUP(RTData[[#This Row],[Ticker_Symbol]],TickerList!$G80:$G174,TickerList!L80:L174) -> 2.5 | Y81: =_xlfn.XLOOKUP(RTData[[#This Row],[Ticker_Symbol]],TickerList!$G80:$G174,TickerList!M80:M174) -> 0 | Z81: =_xlfn.XLOOKUP(RTData[[#This Row],[Ticker_Symbol]],TickerList!$G80:$G174,TickerList!N80:N174) -> Nov 13, 2025 | AA81: =_xlfn.XLOOKUP(RTData[[#This Row],[Ticker_Symbol]],TickerList!$G80:$G174,TickerList!O80:O174) -> 0 | AB81: 0.0001 | AC81: 0.003 | AD81: 4.32/2.59 | AE81: =_xlfn.LET(_xlpm.New1YT,RTData[[#This Row],[1YT]], _xlpm.Old1YT,IF(ISNUMBER(RTData[[#This Row],[Old1YT]]),RTData[[#This Row],[Old1YT]],VALUE(LEFT(RTData[[#This Row],[Old1YT]],FIND("/",RTData[[#This Row],[Old1YT]],1)-1))), IF(OR(RTData[[#This Row],[1YT]]=0,_xlpm.Old1YT=0),0,(_xlpm.New1YT-_xlpm.Old1YT)/_xlpm.Old1YT)) -> -0.4212963 | AF81: =TEXT(RTData[[#This Row],[1YT]],"#,#0.00")&" < "&RTData[[#This Row],[Old1YT]] -> 2.50 < 4.32/2.59
A82: {=_xlfn.SINGLE(RTData[suffix])&_FV(RTData[[#This Row],[Company Name]],"Ticker symbol",TRUE)} -> LUV | B82: =D99 -> 0.87001914 | C82: #VALUE! | D82: {=_FV(RTData[[#This Row],[Company Name]],"Currency")} -> USD | E82: {=_FV(RTData[[#This Row],[Company Name]],"Last trade time",TRUE)} -> 45966.994 | F82: {=_FV(RTData[[#This Row],[Company Name]],"Previous close",TRUE)} -> 29.67 | G82: {=_FV(RTData[[#This Row],[Company Name]],"Open")} -> 29.8 | H82: {=_FV(RTData[[#This Row],[Company Name]],"Price")} -> 31.615 | I82: {=_FV(RTData[[#This Row],[Company Name]],"Low")} -> 29.8 | J82: {=_FV(RTData[[#This Row],[Company Name]],"High")} -> 31.6499 | K82: {=IFERROR(_FV(RTData[[#This Row],[Company Name]],"P/E",TRUE),99)} -> 47.25 | L82: {=_FV(RTData[[#This Row],[Company Name]],"Change")} -> 1.945 | M82: {=_FV(RTData[[#This Row],[Company Name]],"Change (%)",TRUE)} -> 0.065554 | N82: {=_FV(RTData[[#This Row],[Company Name]],"52 week low",TRUE)} -> 23.815 | O82: {=_FV(RTData[[#This Row],[Company Name]],"52 week high",TRUE)} -> 37.96 | P82: {=_FV(RTData[[#This Row],[Company Name]],"Volume")} -> 9058688 | Q82: {=_FV(RTData[[#This Row],[Company Name]],"Volume average",TRUE)} -> 9937085 | R82: {=_FV(RTData[[#This Row],[Company Name]],"Beta")} -> 1.1803 | T82: S | U82: {=_FV(RTData[[#This Row],[Company Name]],"Exchange abbreviation",TRUE)} -> XNYS | V82: =IFERROR(RTData[[#This Row],[Volume]]/RTData[[#This Row],[Volume average]],1) -> 0.91160416 | X82: =_xlfn.XLOOKUP(RTData[[#This Row],[Ticker_Symbol]],TickerList!$G81:$G175,TickerList!L81:L175) -> 34.07368 | Y82: =_xlfn.XLOOKUP(RTData[[#This Row],[Ticker_Symbol]],TickerList!$G81:$G175,TickerList!M81:M175) -> 45903 | Z82: =_xlfn.XLOOKUP(RTData[[#This Row],[Ticker_Symbol]],TickerList!$G81:$G175,TickerList!N81:N175) -> Oct 22, 2025 | AA82: =_xlfn.XLOOKUP(RTData[[#This Row],[Ticker_Symbol]],TickerList!$G81:$G175,TickerList!O81:O175) -> 0.0238 | AB82: 0.0001 | AC82: 0.003 | AD82: 28.04 | AE82: =_xlfn.LET(_xlpm.New1YT,RTData[[#This Row],[1YT]], _xlpm.Old1YT,IF(ISNUMBER(RTData[[#This Row],[Old1YT]]),RTData[[#This Row],[Old1YT]],VALUE(LEFT(RTData[[#This Row],[Old1YT]],FIND("/",RTData[[#This Row],[Old1YT]],1)-1))), IF(OR(RTData[[#This Row],[1YT]]=0,_xlpm.Old1YT=0),0,(_xlpm.New1YT-_xlpm.Old1YT)/_xlpm.Old1YT)) -> 0.21518117 | AF82: =TEXT(RTData[[#This Row],[1YT]],"#,#0.00")&" < "&RTData[[#This Row],[Old1YT]] -> 34.07 < 28.04
A83: {=_xlfn.SINGLE(RTData[suffix])&_FV(RTData[[#This Row],[Company Name]],"Ticker symbol",TRUE)} -> MA | B83: =D99 -> 0.87001914 | C83: #VALUE! | D83: {=_FV(RTData[[#This Row],[Company Name]],"Currency")} -> USD | E83: {=_FV(RTData[[#This Row],[Company Name]],"Last trade time",TRUE)} -> 45966.998 | F83: {=_FV(RTData[[#This Row],[Company Name]],"Previous close",TRUE)} -> 552.75 | G83: {=_FV(RTData[[#This Row],[Company Name]],"Open")} -> 553 | H83: {=_FV(RTData[[#This Row],[Company Name]],"Price")} -> 553.76 | I83: {=_FV(RTData[[#This Row],[Company Name]],"Low")} -> 549.366 | J83: {=_FV(RTData[[#This Row],[Company Name]],"High")} -> 556.33 | K83: {=IFERROR(_FV(RTData[[#This Row],[Company Name]],"P/E",TRUE),99)} -> 35.4069 | L83: {=_FV(RTData[[#This Row],[Company Name]],"Change")} -> 1.01 | M83: {=_FV(RTData[[#This Row],[Company Name]],"Change (%)",TRUE)} -> 0.001827 | N83: {=_FV(RTData[[#This Row],[Company Name]],"52 week low",TRUE)} -> 465.59 | O83: {=_FV(RTData[[#This Row],[Company Name]],"52 week high",TRUE)} -> 601.77 | P83: {=_FV(RTData[[#This Row],[Company Name]],"Volume")} -> 2198524 | Q83: {=_FV(RTData[[#This Row],[Company Name]],"Volume average",TRUE)} -> 2763106 | R83: {=_FV(RTData[[#This Row],[Company Name]],"Beta")} -> 0.8654 | T83: S | U83: {=_FV(RTData[[#This Row],[Company Name]],"Exchange abbreviation",TRUE)} -> XNYS | V83: =IFERROR(RTData[[#This Row],[Volume]]/RTData[[#This Row],[Volume average]],1) -> 0.79567125 | X83: =_xlfn.XLOOKUP(RTData[[#This Row],[Ticker_Symbol]],TickerList!$G82:$G176,TickerList!L82:L176) -> 655.2057 | Y83: =_xlfn.XLOOKUP(RTData[[#This Row],[Ticker_Symbol]],TickerList!$G82:$G176,TickerList!M82:M176) -> 45939 | Z83: =_xlfn.XLOOKUP(RTData[[#This Row],[Ticker_Symbol]],TickerList!$G82:$G176,TickerList!N82:N176) -> Jan 29, 2026 | AA83: =_xlfn.XLOOKUP(RTData[[#This Row],[Ticker_Symbol]],TickerList!$G82:$G176,TickerList!O82:O176) -> 0.0055 | AB83: 0.0001 | AC83: 0.003 | AD83: 549.31 | AE83: =_xlfn.LET(_xlpm.New1YT,RTData[[#This Row],[1YT]], _xlpm.Old1YT,IF(ISNUMBER(RTData[[#This Row],[Old1YT]]),RTData[[#This Row],[Old1YT]],VALUE(LEFT(RTData[[#This Row],[Old1YT]],FIND("/",RTData[[#This Row],[Old1YT]],1)-1))), IF(OR(RTData[[#This Row],[1YT]]=0,_xlpm.Old1YT=0),0,(_xlpm.New1YT-_xlpm.Old1YT)/_xlpm.Old1YT)) -> 0.19277949 | AF83: =TEXT(RTData[[#This Row],[1YT]],"#,#0.00")&" < "&RTData[[#This Row],[Old1YT]] -> 655.21 < 549.31
A84: {=_xlfn.SINGLE(RTData[suffix])&_FV(RTData[[#This Row],[Company Name]],"Ticker symbol",TRUE)} -> NVAX | B84: =D99 -> 0.87001914 | C84: #VALUE! | D84: {=_FV(RTData[[#This Row],[Company Name]],"Currency")} -> USD | E84: {=_FV(RTData[[#This Row],[Company Name]],"Last trade time",TRUE)} -> 45966.999 | F84: {=_FV(RTData[[#This Row],[Company Name]],"Previous close",TRUE)} -> 7.51 | G84: {=_FV(RTData[[#This Row],[Company Name]],"Open")} -> 7.54 | H84: {=_FV(RTData[[#This Row],[Company Name]],"Price")} -> 7.69 | I84: {=_FV(RTData[[#This Row],[Company Name]],"Low")} -> 7.51 | J84: {=_FV(RTData[[#This Row],[Company Name]],"High")} -> 7.87 | K84: {=IFERROR(_FV(RTData[[#This Row],[Company Name]],"P/E",TRUE),99)} -> 3.2835 | L84: {=_FV(RTData[[#This Row],[Company Name]],"Change")} -> 0.18 | M84: {=_FV(RTData[[#This Row],[Company Name]],"Change (%)",TRUE)} -> 0.023968 | N84: {=_FV(RTData[[#This Row],[Company Name]],"52 week low",TRUE)} -> 5.01 | O84: {=_FV(RTData[[#This Row],[Company Name]],"52 week high",TRUE)} -> 11.55 | P84: {=_FV(RTData[[#This Row],[Company Name]],"Volume")} -> 5035610 | Q84: {=_FV(RTData[[#This Row],[Company Name]],"Volume average",TRUE)} -> 4435108 | R84: {=_FV(RTData[[#This Row],[Company Name]],"Beta")} -> 2.3062 | T84: S | U84: {=_FV(RTData[[#This Row],[Company Name]],"Exchange abbreviation",TRUE)} -> XNAS | V84: =IFERROR(RTData[[#This Row],[Volume]]/RTData[[#This Row],[Volume average]],1) -> 1.1353974 | X84: =_xlfn.XLOOKUP(RTData[[#This Row],[Ticker_Symbol]],TickerList!$G83:$G177,TickerList!L83:L177) -> 12.6125 | Y84: =_xlfn.XLOOKUP(RTData[[#This Row],[Ticker_Symbol]],TickerList!$G83:$G177,TickerList!M83:M177) -> 0 | Z84: =_xlfn.XLOOKUP(RTData[[#This Row],[Ticker_Symbol]],TickerList!$G83:$G177,TickerList!N83:N177) -> Nov 10, 2025 | AA84: =_xlfn.XLOOKUP(RTData[[#This Row],[Ticker_Symbol]],TickerList!$G83:$G177,TickerList!O83:O177) -> 0 | AB84: 0.0001 | AC84: 0.003 | AD84: 14.67/16.14/20.8 | AE84: =_xlfn.LET(_xlpm.New1YT,RTData[[#This Row],[1YT]], _xlpm.Old1YT,IF(ISNUMBER(RTData[[#This Row],[Old1YT]]),RTData[[#This Row],[Old1YT]],VALUE(LEFT(RTData[[#This Row],[Old1YT]],FIND("/",RTData[[#This Row],[Old1YT]],1)-1))), IF(OR(RTData[[#This Row],[1YT]]=0,_xlpm.Old1YT=0),0,(_xlpm.New1YT-_xlpm.Old1YT)/_xlpm.Old1YT)) -> -0.14025222 | AF84: =TEXT(RTData[[#This Row],[1YT]],"#,#0.00")&" < "&RTData[[#This Row],[Old1YT]] -> 12.61 < 14.67/16.14/20.8
A85: {=_xlfn.SINGLE(RTData[suffix])&_FV(RTData[[#This Row],[Company Name]],"Ticker symbol",TRUE)} -> NVS | B85: =D99 -> 0.87001914 | C85: #VALUE! | D85: {=_FV(RTData[[#This Row],[Company Name]],"Currency")} -> USD | E85: {=_FV(RTData[[#This Row],[Company Name]],"Last trade time",TRUE)} -> 45966.996 | F85: {=_FV(RTData[[#This Row],[Company Name]],"Previous close",TRUE)} -> 125.01 | G85: {=_FV(RTData[[#This Row],[Company Name]],"Open")} -> 124.53 | H85: {=_FV(RTData[[#This Row],[Company Name]],"Price")} -> 125.5 | I85: {=_FV(RTData[[#This Row],[Company Name]],"Low")} -> 124.47 | J85: {=_FV(RTData[[#This Row],[Company Name]],"High")} -> 125.92 | K85: {=IFERROR(_FV(RTData[[#This Row],[Company Name]],"P/E",TRUE),99)} -> 17.1636 | L85: {=_FV(RTData[[#This Row],[Company Name]],"Change")} -> 0.49 | M85: {=_FV(RTData[[#This Row],[Company Name]],"Change (%)",TRUE)} -> 0.00392 | N85: {=_FV(RTData[[#This Row],[Company Name]],"52 week low",TRUE)} -> 96.062 | O85: {=_FV(RTData[[#This Row],[Company Name]],"52 week high",TRUE)} -> 133.55 | P85: {=_FV(RTData[[#This Row],[Company Name]],"Volume")} -> 1260129 | Q85: {=_FV(RTData[[#This Row],[Company Name]],"Volume average",TRUE)} -> 1856425 | R85: {=_FV(RTData[[#This Row],[Company Name]],"Beta")} -> 0.5148 | T85: S | U85: {=_FV(RTData[[#This Row],[Company Name]],"Exchange abbreviation",TRUE)} -> XNYS | V85: =IFERROR(RTData[[#This Row],[Volume]]/RTData[[#This Row],[Volume average]],1) -> 0.67879338 | X85: =_xlfn.XLOOKUP(RTData[[#This Row],[Ticker_Symbol]],TickerList!$G84:$G178,TickerList!L84:L178) -> 127.454 | Y85: =_xlfn.XLOOKUP(RTData[[#This Row],[Ticker_Symbol]],TickerList!$G84:$G178,TickerList!M84:M178) -> 45728 | Z85: =_xlfn.XLOOKUP(RTData[[#This Row],[Ticker_Symbol]],TickerList!$G84:$G178,TickerList!N84:N178) -> Oct 28, 2025 | AA85: =_xlfn.XLOOKUP(RTData[[#This Row],[Ticker_Symbol]],TickerList!$G84:$G178,TickerList!O84:O178) -> 0.0323 | AB85: 0.0001 | AC85: 0.003 | AD85: 115.66 | AE85: =_xlfn.LET(_xlpm.New1YT,RTData[[#This Row],[1YT]], _xlpm.Old1YT,IF(ISNUMBER(RTData[[#This Row],[Old1YT]]),RTData[[#This Row],[Old1YT]],VALUE(LEFT(RTData[[#This Row],[Old1YT]],FIND("/",RTData[[#This Row],[Old1YT]],1)-1))), IF(OR(RTData[[#This Row],[1YT]]=0,_xlpm.Old1YT=0),0,(_xlpm.New1YT-_xlpm.Old1YT)/_xlpm.Old1YT)) -> 0.1019713 | AF85: =TEXT(RTData[[#This Row],[1YT]],"#,#0.00")&" < "&RTData[[#This Row],[Old1YT]] -> 127.45 < 115.66
A86: {=_xlfn.SINGLE(RTData[suffix])&_FV(RTData[[#This Row],[Company Name]],"Ticker symbol",TRUE)} -> ORA | B86: 1 | C86: #VALUE! | D86: {=_FV(RTData[[#This Row],[Company Name]],"Currency")} -> EUR | E86: {=_FV(RTData[[#This Row],[Company Name]],"Last trade time",TRUE)} -> 45966.708 | F86: {=_FV(RTData[[#This Row],[Company Name]],"Previous close",TRUE)} -> 13.715 | G86: {=_FV(RTData[[#This Row],[Company Name]],"Open")} -> 13.73 | H86: {=_FV(RTData[[#This Row],[Company Name]],"Price")} -> 13.715 | I86: {=_FV(RTData[[#This Row],[Company Name]],"Low")} -> 13.705 | J86: {=_FV(RTData[[#This Row],[Company Name]],"High")} -> 13.86 | K86: {=IFERROR(_FV(RTData[[#This Row],[Company Name]],"P/E",TRUE),99)} -> 43.3196 | L86: {=_FV(RTData[[#This Row],[Company Name]],"Change")} -> 0 | M86: {=_FV(RTData[[#This Row],[Company Name]],"Change (%)",TRUE)} -> 0 | N86: {=_FV(RTData[[#This Row],[Company Name]],"52 week low",TRUE)} -> 9.37 | O86: {=_FV(RTData[[#This Row],[Company Name]],"52 week high",TRUE)} -> 14.56 | P86: {=_FV(RTData[[#This Row],[Company Name]],"Volume")} -> 3380269 | Q86: {=_FV(RTData[[#This Row],[Company Name]],"Volume average",TRUE)} -> 3610840 | R86: {=_FV(RTData[[#This Row],[Company Name]],"Beta")} -> 0.24 | T86: S | U86: {=_FV(RTData[[#This Row],[Company Name]],"Exchange abbreviation",TRUE)} -> XPAR | V86: =IFERROR(RTData[[#This Row],[Volume]]/RTData[[#This Row],[Volume average]],1) -> 0.93614478 | X86: =_xlfn.XLOOKUP(RTData[[#This Row],[Ticker_Symbol]],TickerList!$G85:$G179,TickerList!L85:L179) -> 15.32222 | Y86: =_xlfn.XLOOKUP(RTData[[#This Row],[Ticker_Symbol]],TickerList!$G85:$G179,TickerList!M85:M179) -> 45993 | Z86: =_xlfn.XLOOKUP(RTData[[#This Row],[Ticker_Symbol]],TickerList!$G85:$G179,TickerList!N85:N179) -> 0 | AA86: =_xlfn.XLOOKUP(RTData[[#This Row],[Ticker_Symbol]],TickerList!$G85:$G179,TickerList!O85:O179) -> 0.0542 | AC86: 0.003 | AD86: 14.83/14/12.94 | AE86: =_xlfn.LET(_xlpm.New1YT,RTData[[#This Row],[1YT]], _xlpm.Old1YT,IF(ISNUMBER(RTData[[#This Row],[Old1YT]]),RTData[[#This Row],[Old1YT]],VALUE(LEFT(RTData[[#This Row],[Old1YT]],FIND("/",RTData[[#This Row],[Old1YT]],1)-1))), IF(OR(RTData[[#This Row],[1YT]]=0,_xlpm.Old1YT=0),0,(_xlpm.New1YT-_xlpm.Old1YT)/_xlpm.Old1YT)) -> 0.033190829 | AF86: =TEXT(RTData[[#This Row],[1YT]],"#,#0.00")&" < "&RTData[[#This Row],[Old1YT]] -> 15.32 < 14.83/14/12.94
