Workbook

Sheet Sheet1
A1: Ticker | B1: 1-Year Target Price | C1: Ex-Dividend Date | D1: Earnings Date | E1: Dividend Yield (%) | F1: Currency
A2: =[1]Data!A2 -> AAPL | B2: =[1]Data!B2 -> 235.52553 | C2: =[1]Data!C2 -> 2025-08-11 | D2: =[1]Data!D2 -> Oct 30, 2025 | E2: =[1]Data!E2 -> 0.0043 | F2: =[1]Data!F2 -> USD
A3: =[1]Data!A3 -> ADEA | B3: =[1]Data!B3 -> 20.66667 | C3: =[1]Data!C3 -> 2025-08-26 | D3: =[1]Data!D3 -> 0 | E3: =[1]Data!E3 -> 0.012999999 | F3: =[1]Data!F3 -> USD
A4: =[1]Data!A4 -> AET.L | B4: =[1]Data!B4 -> 95.060005 | C4: =[1]Data!C4 -> 0 | D4: =[1]Data!D4 -> 0 | E4: =[1]Data!E4 -> 0 | F4: =[1]Data!F4 -> GBp
A5: =[1]Data!A5 -> AMZN | B5: =[1]Data!B5 -> 263.18033 | C5: =[1]Data!C5 -> 0 | D5: =[1]Data!D5 -> Oct 30, 2025 | E5: =[1]Data!E5 -> 0 | F5: =[1]Data!F5 -> USD
A6: =[1]Data!A6 -> ALDNE.PA | B6: =[1]Data!B6 -> 1.53333 | C6: =[1]Data!C6 -> 0 | D6: =[1]Data!D6 -> 0 | E6: =[1]Data!E6 -> 0 | F6: =[1]Data!F6 -> EUR
A7: =[1]Data!A7 -> ASML.AS | B7: =[1]Data!B7 -> 758 | C7: =[1]Data!C7 -> 2025-07-28 | D7: =[1]Data!D7 -> 0 | E7: =[1]Data!E7 -> 0.0098 | F7: =[1]Data!F7 -> EUR
A8: =[1]Data!A8 -> AZN | B8: =[1]Data!B8 -> 87.27 | C8: =[1]Data!C8 -> 2025-08-08 | D8: =[1]Data!D8 -> Jul 29, 2025 | E8: =[1]Data!E8 -> 0.019199999 | F8: =[1]Data!F8 -> USD
A9: =[1]Data!A9 -> BLDP | B9: =[1]Data!B9 -> 2.31583 | C9: =[1]Data!C9 -> 0 | D9: =[1]Data!D9 -> Nov 4, 2025 | E9: =[1]Data!E9 -> 0 | F9: =[1]Data!F9 -> USD
A10: =[1]Data!A10 -> BMRA | B10: =[1]Data!B10 -> 0 | C10: =[1]Data!C10 -> 0 | D10: =[1]Data!D10 -> Aug 26, 2025 - Sep 1, 2025 | E10: =[1]Data!E10 -> 0 | F10: =[1]Data!F10 -> USD
A11: =[1]Data!A11 -> C | B11: =[1]Data!B11 -> 101.54762 | C11: =[1]Data!C11 -> 2025-08-04 | D11: =[1]Data!D11 -> Oct 14, 2025 | E11: =[1]Data!E11 -> 0.0252 | F11: =[1]Data!F11 -> USD
A12: =[1]Data!A12 -> CSCO | B12: =[1]Data!B12 -> 75.81476 | C12: =[1]Data!C12 -> 2025-10-03 | D12: =[1]Data!D12 -> Nov 12, 2025 | E12: =[1]Data!E12 -> 0.024500001 | F12: =[1]Data!F12 -> USD
A13: =[1]Data!A13 -> CVS | B13: =[1]Data!B13 -> 82.0725 | C13: =[1]Data!C13 -> 2025-07-22 | D13: =[1]Data!D13 -> Jul 31, 2025 | E13: =[1]Data!E13 -> 0.0361 | F13: =[1]Data!F13 -> USD
... A74: =[1]Data!A74 -> LOCK.L | B74: =[1]Data!B74 -> 0 | C74: =[1]Data!C74 -> 0 | D74: =[1]Data!D74 -> 0 | E74: =[1]Data!E74 -> 0 | F74: =[1]Data!F74 -> USD

Sheet Sheet2
A1: No Suffix | B1: Portfolio | C1: MVE, SAF | E1: =Sheet1!B1 -> 1-Year Target Price | F1: =Sheet1!C1 -> Ex-Dividend Date | G1: =Sheet1!D1 -> Earnings Date | H1: =Sheet1!E1 -> Dividend Yield (%)
A2: =IFERROR(LEFT(Sheet1!A2, FIND(".", Sheet1!A2) - 1),Sheet1!A2) -> AAPL | B2: AAPL | C2: =IF(OR(LEFT(B2,3)="MVE",LEFT(B2,3)="SAF"),RIGHT(B2, LEN(B2) - 3), IF(LEFT(B2,2)="JB",RIGHT(B2,LEN(B2)-2),B2)) -> AAPL | E2: =VALUE(_xlfn.XLOOKUP($C2,$A$2:$A$74,Sheet1!B$2:B$74)) -> 235.52553 | F2: =VALUE(_xlfn.XLOOKUP($C2,$A$2:$A$74,Sheet1!C$2:C$74)) -> 45880 | G2: =_xlfn.XLOOKUP($C2,$A$2:$A$74,Sheet1!D$2:D$74) -> Oct 30, 2025 | H2: =VALUE(_xlfn.XLOOKUP($C2,$A$2:$A$74,Sheet1!E$2:E$74)) -> 0.0043 | J2: =ISNUMBER(F2) -> TRUE | K2: =VALUE(E2) -> 235.52553
A3: =IFERROR(LEFT(Sheet1!A3, FIND(".", Sheet1!A3) - 1),Sheet1!A3) -> ADEA | B3: ADEA | C3: =IF(OR(LEFT(B3,3)="MVE",LEFT(B3,3)="SAF"),RIGHT(B3, LEN(B3) - 3), IF(LEFT(B3,2)="JB",RIGHT(B3,LEN(B3)-2),B3)) -> ADEA | E3: =VALUE(_xlfn.XLOOKUP($C3,$A$2:$A$74,Sheet1!B$2:B$74)) -> 20.66667 | F3: =VALUE(_xlfn.XLOOKUP($C3,$A$2:$A$74,Sheet1!C$2:C$74)) -> 45895 | G3: =_xlfn.XLOOKUP($C3,$A$2:$A$74,Sheet1!D$2:D$74) -> 0 | H3: =VALUE(_xlfn.XLOOKUP($C3,$A$2:$A$74,Sheet1!E$2:E$74)) -> 0.012999999
A4: =IFERROR(LEFT(Sheet1!A4, FIND(".", Sheet1!A4) - 1),Sheet1!A4) -> AET | B4: AET | C4: =IF(OR(LEFT(B4,3)="MVE",LEFT(B4,3)="SAF"),RIGHT(B4, LEN(B4) - 3), IF(LEFT(B4,2)="JB",RIGHT(B4,LEN(B4)-2),B4)) -> AET | E4: =VALUE(_xlfn.XLOOKUP($C4,$A$2:$A$74,Sheet1!B$2:B$74)) -> 95.060005 | F4: =VALUE(_xlfn.XLOOKUP($C4,$A$2:$A$74,Sheet1!C$2:C$74)) -> 0 | G4: =_xlfn.XLOOKUP($C4,$A$2:$A$74,Sheet1!D$2:D$74) -> 0 | H4: =VALUE(_xlfn.XLOOKUP($C4,$A$2:$A$74,Sheet1!E$2:E$74)) -> 0
A5: =IFERROR(LEFT(Sheet1!A5, FIND(".", Sheet1!A5) - 1),Sheet1!A5) -> AMZN | B5: AMZN | C5: =IF(OR(LEFT(B5,3)="MVE",LEFT(B5,3)="SAF"),RIGHT(B5, LEN(B5) - 3), IF(LEFT(B5,2)="JB",RIGHT(B5,LEN(B5)-2),B5)) -> AMZN | E5: =VALUE(_xlfn.XLOOKUP($C5,$A$2:$A$74,Sheet1!B$2:B$74)) -> 263.18033 | F5: =VALUE(_xlfn.XLOOKUP($C5,$A$2:$A$74,Sheet1!C$2:C$74)) -> 0 | G5: =_xlfn.XLOOKUP($C5,$A$2:$A$74,Sheet1!D$2:D$74) -> Oct 30, 2025 | H5: =VALUE(_xlfn.XLOOKUP($C5,$A$2:$A$74,Sheet1!E$2:E$74)) -> 0
A6: =IFERROR(LEFT(Sheet1!A6, FIND(".", Sheet1!A6) - 1),Sheet1!A6) -> ALDNE | B6: ALDNE | C6: =IF(OR(LEFT(B6,3)="MVE",LEFT(B6,3)="SAF"),RIGHT(B6, LEN(B6) - 3), IF(LEFT(B6,2)="JB",RIGHT(B6,LEN(B6)-2),B6)) -> ALDNE | E6: =VALUE(_xlfn.XLOOKUP($C6,$A$2:$A$74,Sheet1!B$2:B$74)) -> 1.53333 | F6: =VALUE(_xlfn.XLOOKUP($C6,$A$2:$A$74,Sheet1!C$2:C$74)) -> 0 | G6: =_xlfn.XLOOKUP($C6,$A$2:$A$74,Sheet1!D$2:D$74) -> 0 | H6: =VALUE(_xlfn.XLOOKUP($C6,$A$2:$A$74,Sheet1!E$2:E$74)) -> 0
A7: =IFERROR(LEFT(Sheet1!A7, FIND(".", Sheet1!A7) - 1),Sheet1!A7) -> ASML | B7: ASML | C7: =IF(OR(LEFT(B7,3)="MVE",LEFT(B7,3)="SAF"),RIGHT(B7, LEN(B7) - 3), IF(LEFT(B7,2)="JB",RIGHT(B7,LEN(B7)-2),B7)) -> ASML | E7: =VALUE(_xlfn.XLOOKUP($C7,$A$2:$A$74,Sheet1!B$2:B$74)) -> 758 | F7: =VALUE(_xlfn.XLOOKUP($C7,$A$2:$A$74,Sheet1!C$2:C$74)) -> 45866 | G7: =_xlfn.XLOOKUP($C7,$A$2:$A$74,Sheet1!D$2:D$74) -> 0 | H7: =VALUE(_xlfn.XLOOKUP($C7,$A$2:$A$74,Sheet1!E$2:E$74)) -> 0.0098
A8: =IFERROR(LEFT(Sheet1!A8, FIND(".", Sheet1!A8) - 1),Sheet1!A8) -> AZN | B8: AZN | C8: =IF(OR(LEFT(B8,3)="MVE",LEFT(B8,3)="SAF"),RIGHT(B8, LEN(B8) - 3), IF(LEFT(B8,2)="JB",RIGHT(B8,LEN(B8)-2),B8)) -> AZN | E8: =VALUE(_xlfn.XLOOKUP($C8,$A$2:$A$74,Sheet1!B$2:B$74)) -> 87.27 | F8: =VALUE(_xlfn.XLOOKUP($C8,$A$2:$A$74,Sheet1!C$2:C$74)) -> 45877 | G8: =_xlfn.XLOOKUP($C8,$A$2:$A$74,Sheet1!D$2:D$74) -> Jul 29, 2025 | H8: =VALUE(_xlfn.XLOOKUP($C8,$A$2:$A$74,Sheet1!E$2:E$74)) -> 0.019199999
A9: =IFERROR(LEFT(Sheet1!A9, FIND(".", Sheet1!A9) - 1),Sheet1!A9) -> BLDP | B9: BLDP | C9: =IF(OR(LEFT(B9,3)="MVE",LEFT(B9,3)="SAF"),RIGHT(B9, LEN(B9) - 3), IF(LEFT(B9,2)="JB",RIGHT(B9,LEN(B9)-2),B9)) -> BLDP | E9: =VALUE(_xlfn.XLOOKUP($C9,$A$2:$A$74,Sheet1!B$2:B$74)) -> 2.31583 | F9: =VALUE(_xlfn.XLOOKUP($C9,$A$2:$A$74,Sheet1!C$2:C$74)) -> 0 | G9: =_xlfn.XLOOKUP($C9,$A$2:$A$74,Sheet1!D$2:D$74) -> Nov 4, 2025 | H9: =VALUE(_xlfn.XLOOKUP($C9,$A$2:$A$74,Sheet1!E$2:E$74)) -> 0
A10: =IFERROR(LEFT(Sheet1!A10, FIND(".", Sheet1!A10) - 1),Sheet1!A10) -> BMRA | B10: BMRA | C10: =IF(OR(LEFT(B10,3)="MVE",LEFT(B10,3)="SAF"),RIGHT(B10, LEN(B10) - 3), IF(LEFT(B10,2)="JB",RIGHT(B10,LEN(B10)-2),B10)) -> BMRA | E10: =VALUE(_xlfn.XLOOKUP($C10,$A$2:$A$74,Sheet1!B$2:B$74)) -> 0 | F10: =VALUE(_xlfn.XLOOKUP($C10,$A$2:$A$74,Sheet1!C$2:C$74)) -> 0 | G10: =_xlfn.XLOOKUP($C10,$A$2:$A$74,Sheet1!D$2:D$74) -> Aug 26, 2025 - Sep 1, 2025 | H10: =VALUE(_xlfn.XLOOKUP($C10,$A$2:$A$74,Sheet1!E$2:E$74)) -> 0
A11: =IFERROR(LEFT(Sheet1!A11, FIND(".", Sheet1!A11) - 1),Sheet1!A11) -> C | B11: C | C11: =IF(OR(LEFT(B11,3)="MVE",LEFT(B11,3)="SAF"),RIGHT(B11, LEN(B11) - 3), IF(LEFT(B11,2)="JB",RIGHT(B11,LEN(B11)-2),B11)) -> C | E11: =VALUE(_xlfn.XLOOKUP($C11,$A$2:$A$74,Sheet1!B$2:B$74)) -> 101.54762 | F11: =VALUE(_xlfn.XLOOKUP($C11,$A$2:$A$74,Sheet1!C$2:C$74)) -> 45873 | G11: =_xlfn.XLOOKUP($C11,$A$2:$A$74,Sheet1!D$2:D$74) -> Oct 14, 2025 | H11: =VALUE(_xlfn.XLOOKUP($C11,$A$2:$A$74,Sheet1!E$2:E$74)) -> 0.0252
A12: =IFERROR(LEFT(Sheet1!A12, FIND(".", Sheet1!A12) - 1),Sheet1!A12) -> CSCO | B12: CSCO | C12: =IF(OR(LEFT(B12,3)="MVE",LEFT(B12,3)="SAF"),RIGHT(B12, LEN(B12) - 3), IF(LEFT(B12,2)="JB",RIGHT(B12,LEN(B12)-2),B12)) -> CSCO | E12: =VALUE(_xlfn.XLOOKUP($C12,$A$2:$A$74,Sheet1!B$2:B$74)) -> 75.81476 | F12: =VALUE(_xlfn.XLOOKUP($C12,$A$2:$A$74,Sheet1!C$2:C$74)) -> 45933 | G12: =_xlfn.XLOOKUP($C12,$A$2:$A$74,Sheet1!D$2:D$74) -> Nov 12, 2025 | H12: =VALUE(_xlfn.XLOOKUP($C12,$A$2:$A$74,Sheet1!E$2:E$74)) -> 0.024500001
A13: =IFERROR(LEFT(Sheet1!A13, FIND(".", Sheet1!A13) - 1),Sheet1!A13) -> CVS | B13: CVS | C13: =IF(OR(LEFT(B13,3)="MVE",LEFT(B13,3)="SAF"),RIGHT(B13, LEN(B13) - 3), IF(LEFT(B13,2)="JB",RIGHT(B13,LEN(B13)-2),B13)) -> CVS | E13: =VALUE(_xlfn.XLOOKUP($C13,$A$2:$A$74,Sheet1!B$2:B$74)) -> 82.0725 | F13: =VALUE(_xlfn.XLOOKUP($C13,$A$2:$A$74,Sheet1!C$2:C$74)) -> 45860 | G13: =_xlfn.XLOOKUP($C13,$A$2:$A$74,Sheet1!D$2:D$74) -> Jul 31, 2025 | H13: =VALUE(_xlfn.XLOOKUP($C13,$A$2:$A$74,Sheet1!E$2:E$74)) -> 0.0361
A14: =IFERROR(LEFT(Sheet1!A14, FIND(".", Sheet1!A14) - 1),Sheet1!A14) -> DDD | B14: DDD | C14: =IF(OR(LEFT(B14,3)="MVE",LEFT(B14,3)="SAF"),RIGHT(B14, LEN(B14) - 3), IF(LEFT(B14,2)="JB",RIGHT(B14,LEN(B14)-2),B14)) -> DDD | E14: =VALUE(_xlfn.XLOOKUP($C14,$A$2:$A$74,Sheet1!B$2:B$74)) -> 3.25 | F14: =VALUE(_xlfn.XLOOKUP($C14,$A$2:$A$74,Sheet1!C$2:C$74)) -> 0 | G14: =_xlfn.XLOOKUP($C14,$A$2:$A$74,Sheet1!D$2:D$74) -> Nov 10, 2025 | H14: =VALUE(_xlfn.XLOOKUP($C14,$A$2:$A$74,Sheet1!E$2:E$74)) -> 0
... A74: =IFERROR(LEFT(Sheet1!A74, FIND(".", Sheet1!A74) - 1),Sheet1!A74) -> LOCK | B74: ENI | C74: =IF(OR(LEFT(B74,3)="MVE",LEFT(B74,3)="SAF"),RIGHT(B74, LEN(B74) - 3), IF(LEFT(B74,2)="JB",RIGHT(B74,LEN(B74)-2),B74)) -> ENI | E74: =VALUE(_xlfn.XLOOKUP($C74,$A$2:$A$74,Sheet1!B$2:B$74)) -> 15.5 | F74: =VALUE(_xlfn.XLOOKUP($C74,$A$2:$A$74,Sheet1!C$2:C$74)) -> 45922 | G74: =_xlfn.XLOOKUP($C74,$A$2:$A$74,Sheet1!D$2:D$74) -> 0 | H74: =VALUE(_xlfn.XLOOKUP($C74,$A$2:$A$74,Sheet1!E$2:E$74)) -> 0.071100004
A75: =IF(ISNUMBER(SEARCH(".", Sheet1!A75)),LEFT(Sheet1!A75,LEN(Sheet1!A75)-3),Sheet1!A75) -> 0 | B75: EZJ | C75: =IF(OR(LEFT(B75,3)="MVE",LEFT(B75,3)="SAF"),RIGHT(B75, LEN(B75) - 3), IF(LEFT(B75,2)="JB",RIGHT(B75,LEN(B75)-2),B75)) -> EZJ | E75: =VALUE(_xlfn.XLOOKUP($C75,$A$2:$A$74,Sheet1!B$2:B$74)) -> 658.684 | F75: =VALUE(_xlfn.XLOOKUP($C75,$A$2:$A$74,Sheet1!C$2:C$74)) -> 45708 | G75: =_xlfn.XLOOKUP($C75,$A$2:$A$74,Sheet1!D$2:D$74) -> 0 | H75: =VALUE(_xlfn.XLOOKUP($C75,$A$2:$A$74,Sheet1!E$2:E$74)) -> 0.025799999
A76: =IF(ISNUMBER(SEARCH(".", Sheet1!A76)),LEFT(Sheet1!A76,LEN(Sheet1!A76)-3),Sheet1!A76) -> 0 | B76: F | C76: =IF(OR(LEFT(B76,3)="MVE",LEFT(B76,3)="SAF"),RIGHT(B76, LEN(B76) - 3), IF(LEFT(B76,2)="JB",RIGHT(B76,LEN(B76)-2),B76)) -> F | E76: =VALUE(_xlfn.XLOOKUP($C76,$A$2:$A$74,Sheet1!B$2:B$74)) -> 10.8 | F76: =VALUE(_xlfn.XLOOKUP($C76,$A$2:$A$74,Sheet1!C$2:C$74)) -> 45880 | G76: =_xlfn.XLOOKUP($C76,$A$2:$A$74,Sheet1!D$2:D$74) -> Oct 29, 2025 | H76: =VALUE(_xlfn.XLOOKUP($C76,$A$2:$A$74,Sheet1!E$2:E$74)) -> 0.0511
A77: =IF(ISNUMBER(SEARCH(".", Sheet1!A77)),LEFT(Sheet1!A77,LEN(Sheet1!A77)-3),Sheet1!A77) -> 0 | B77: GLE | C77: =IF(OR(LEFT(B77,3)="MVE",LEFT(B77,3)="SAF"),RIGHT(B77, LEN(B77) - 3), IF(LEFT(B77,2)="JB",RIGHT(B77,LEN(B77)-2),B77)) -> GLE | E77: =VALUE(_xlfn.XLOOKUP($C77,$A$2:$A$74,Sheet1!B$2:B$74)) -> 61.80056 | F77: =VALUE(_xlfn.XLOOKUP($C77,$A$2:$A$74,Sheet1!C$2:C$74)) -> 45937 | G77: =_xlfn.XLOOKUP($C77,$A$2:$A$74,Sheet1!D$2:D$74) -> Oct 30, 2025 | H77: =VALUE(_xlfn.XLOOKUP($C77,$A$2:$A$74,Sheet1!E$2:E$74)) -> 0.0321
A78: =IF(ISNUMBER(SEARCH(".", Sheet1!A78)),LEFT(Sheet1!A78,LEN(Sheet1!A78)-3),Sheet1!A78) -> 0 | B78: GNRC | C78: =IF(OR(LEFT(B78,3)="MVE",LEFT(B78,3)="SAF"),RIGHT(B78, LEN(B78) - 3), IF(LEFT(B78,2)="JB",RIGHT(B78,LEN(B78)-2),B78)) -> GNRC | E78: =VALUE(_xlfn.XLOOKUP($C78,$A$2:$A$74,Sheet1!B$2:B$74)) -> 204.5 | F78: =VALUE(_xlfn.XLOOKUP($C78,$A$2:$A$74,Sheet1!C$2:C$74)) -> 41435 | G78: =_xlfn.XLOOKUP($C78,$A$2:$A$74,Sheet1!D$2:D$74) -> Oct 30, 2025 | H78: =VALUE(_xlfn.XLOOKUP($C78,$A$2:$A$74,Sheet1!E$2:E$74)) -> 0
A79: =IF(ISNUMBER(SEARCH(".", Sheet1!A79)),LEFT(Sheet1!A79,LEN(Sheet1!A79)-3),Sheet1!A79) -> 0 | B79: GS | C79: =IF(OR(LEFT(B79,3)="MVE",LEFT(B79,3)="SAF"),RIGHT(B79, LEN(B79) - 3), IF(LEFT(B79,2)="JB",RIGHT(B79,LEN(B79)-2),B79)) -> GS | E79: =VALUE(_xlfn.XLOOKUP($C79,$A$2:$A$74,Sheet1!B$2:B$74)) -> 710.579 | F79: =VALUE(_xlfn.XLOOKUP($C79,$A$2:$A$74,Sheet1!C$2:C$74)) -> 45898 | G79: =_xlfn.XLOOKUP($C79,$A$2:$A$74,Sheet1!D$2:D$74) -> Oct 14, 2025 | H79: =VALUE(_xlfn.XLOOKUP($C79,$A$2:$A$74,Sheet1!E$2:E$74)) -> 0.0217
A80: =IF(ISNUMBER(SEARCH(".", Sheet1!A80)),LEFT(Sheet1!A80,LEN(Sheet1!A80)-3),Sheet1!A80) -> 0 | B80: LAZR | C80: =IF(OR(LEFT(B80,3)="MVE",LEFT(B80,3)="SAF"),RIGHT(B80, LEN(B80) - 3), IF(LEFT(B80,2)="JB",RIGHT(B80,LEN(B80)-2),B80)) -> LAZR | E80: =VALUE(_xlfn.XLOOKUP($C80,$A$2:$A$74,Sheet1!B$2:B$74)) -> 2.66667 | F80: =VALUE(_xlfn.XLOOKUP($C80,$A$2:$A$74,Sheet1!C$2:C$74)) -> 0 | G80: =_xlfn.XLOOKUP($C80,$A$2:$A$74,Sheet1!D$2:D$74) -> Aug 12, 2025 | H80: =VALUE(_xlfn.XLOOKUP($C80,$A$2:$A$74,Sheet1!E$2:E$74)) -> 0
A81: =IF(ISNUMBER(SEARCH(".", Sheet1!A81)),LEFT(Sheet1!A81,LEN(Sheet1!A81)-3),Sheet1!A81) -> 0 | B81: LUV | C81: =IF(OR(LEFT(B81,3)="MVE",LEFT(B81,3)="SAF"),RIGHT(B81, LEN(B81) - 3), IF(LEFT(B81,2)="JB",RIGHT(B81,LEN(B81)-2),B81)) -> LUV | E81: =VALUE(_xlfn.XLOOKUP($C81,$A$2:$A$74,Sheet1!B$2:B$74)) -> 32.06 | F81: =VALUE(_xlfn.XLOOKUP($C81,$A$2:$A$74,Sheet1!C$2:C$74)) -> 45903 | G81: =_xlfn.XLOOKUP($C81,$A$2:$A$74,Sheet1!D$2:D$74) -> Oct 22, 2025 | H81: =VALUE(_xlfn.XLOOKUP($C81,$A$2:$A$74,Sheet1!E$2:E$74)) -> 0.0229
A82: =IF(ISNUMBER(SEARCH(".", Sheet1!A82)),LEFT(Sheet1!A82,LEN(Sheet1!A82)-3),Sheet1!A82) -> 0 | B82: MA | C82: =IF(OR(LEFT(B82,3)="MVE",LEFT(B82,3)="SAF"),RIGHT(B82, LEN(B82) - 3), IF(LEFT(B82,2)="JB",RIGHT(B82,LEN(B82)-2),B82)) -> MA | E82: =VALUE(_xlfn.XLOOKUP($C82,$A$2:$A$74,Sheet1!B$2:B$74)) -> 644.5515 | F82: =VALUE(_xlfn.XLOOKUP($C82,$A$2:$A$74,Sheet1!C$2:C$74)) -> 45847 | G82: =_xlfn.XLOOKUP($C82,$A$2:$A$74,Sheet1!D$2:D$74) -> Oct 30, 2025 | H82: =VALUE(_xlfn.XLOOKUP($C82,$A$2:$A$74,Sheet1!E$2:E$74)) -> 0.0052
A83: =IF(ISNUMBER(SEARCH(".", Sheet1!A83)),LEFT(Sheet1!A83,LEN(Sheet1!A83)-3),Sheet1!A83) -> 0 | B83: NVAX | C83: =IF(OR(LEFT(B83,3)="MVE",LEFT(B83,3)="SAF"),RIGHT(B83, LEN(B83) - 3), IF(LEFT(B83,2)="JB",RIGHT(B83,LEN(B83)-2),B83)) -> NVAX | E83: =VALUE(_xlfn.XLOOKUP($C83,$A$2:$A$74,Sheet1!B$2:B$74)) -> 12.5 | F83: =VALUE(_xlfn.XLOOKUP($C83,$A$2:$A$74,Sheet1!C$2:C$74)) -> 0 | G83: =_xlfn.XLOOKUP($C83,$A$2:$A$74,Sheet1!D$2:D$74) -> Aug 6, 2025 | H83: =VALUE(_xlfn.XLOOKUP($C83,$A$2:$A$74,Sheet1!E$2:E$74)) -> 0
A84: =IF(ISNUMBER(SEARCH(".", Sheet1!A84)),LEFT(Sheet1!A84,LEN(Sheet1!A84)-3),Sheet1!A84) -> 0 | B84: NVS | C84: =IF(OR(LEFT(B84,3)="MVE",LEFT(B84,3)="SAF"),RIGHT(B84, LEN(B84) - 3), IF(LEFT(B84,2)="JB",RIGHT(B84,LEN(B84)-2),B84)) -> NVS | E84: =VALUE(_xlfn.XLOOKUP($C84,$A$2:$A$74,Sheet1!B$2:B$74)) -> 118.545 | F84: =VALUE(_xlfn.XLOOKUP($C84,$A$2:$A$74,Sheet1!C$2:C$74)) -> 45728 | G84: =_xlfn.XLOOKUP($C84,$A$2:$A$74,Sheet1!D$2:D$74) -> Jul 17, 2025 | H84: =VALUE(_xlfn.XLOOKUP($C84,$A$2:$A$74,Sheet1!E$2:E$74)) -> 0.0308
A85: =IF(ISNUMBER(SEARCH(".", Sheet1!A85)),LEFT(Sheet1!A85,LEN(Sheet1!A85)-3),Sheet1!A85) -> 0 | B85: ORA | C85: =IF(OR(LEFT(B85,3)="MVE",LEFT(B85,3)="SAF"),RIGHT(B85, LEN(B85) - 3), IF(LEFT(B85,2)="JB",RIGHT(B85,LEN(B85)-2),B85)) -> ORA | E85: =VALUE(_xlfn.XLOOKUP($C85,$A$2:$A$74,Sheet1!B$2:B$74)) -> 14.99444 | F85: =VALUE(_xlfn.XLOOKUP($C85,$A$2:$A$74,Sheet1!C$2:C$74)) -> 45993 | G85: =_xlfn.XLOOKUP($C85,$A$2:$A$74,Sheet1!D$2:D$74) -> 0 | H85: =VALUE(_xlfn.XLOOKUP($C85,$A$2:$A$74,Sheet1!E$2:E$74)) -> 0.055
A86: =IF(ISNUMBER(SEARCH(".", Sheet1!A86)),LEFT(Sheet1!A86,LEN(Sheet1!A86)-3),Sheet1!A86) -> 0 | B86: OXY | C86: =IF(OR(LEFT(B86,3)="MVE",LEFT(B86,3)="SAF"),RIGHT(B86, LEN(B86) - 3), IF(LEFT(B86,2)="JB",RIGHT(B86,LEN(B86)-2),B86)) -> OXY | E86: =VALUE(_xlfn.XLOOKUP($C86,$A$2:$A$74,Sheet1!B$2:B$74)) -> 50.78 | F86: =VALUE(_xlfn.XLOOKUP($C86,$A$2:$A$74,Sheet1!C$2:C$74)) -> 45910 | G86: =_xlfn.XLOOKUP($C86,$A$2:$A$74,Sheet1!D$2:D$74) -> Aug 6, 2025 | H86: =VALUE(_xlfn.XLOOKUP($C86,$A$2:$A$74,Sheet1!E$2:E$74)) -> 0.0209
... A92: =IF(ISNUMBER(SEARCH(".", Sheet1!A92)),LEFT(Sheet1!A92,LEN(Sheet1!A92)-3),Sheet1!A92) -> 0 | B92: X | C92: =IF(OR(LEFT(B92,3)="MVE",LEFT(B92,3)="SAF"),RIGHT(B92, LEN(B92) - 3), IF(LEFT(B92,2)="JB",RIGHT(B92,LEN(B92)-2),B92)) -> X | E92: =VALUE(_xlfn.XLOOKUP($C92,$A$2:$A$74,Sheet1!B$2:B$74)) -> 0 | F92: =VALUE(_xlfn.XLOOKUP($C92,$A$2:$A$74,Sheet1!C$2:C$74)) -> 0 | G92: =_xlfn.XLOOKUP($C92,$A$2:$A$74,Sheet1!D$2:D$74) -> 0 | H92: =VALUE(_xlfn.XLOOKUP($C92,$A$2:$A$74,Sheet1!E$2:E$74)) -> 0
A93: =IF(ISNUMBER(SEARCH(".", Sheet1!A94)),LEFT(Sheet1!A94,LEN(Sheet1!A94)-3),Sheet1!A94) -> 0 | B93: LOCK | C93: =IF(OR(LEFT(B93,3)="MVE",LEFT(B93,3)="SAF"),RIGHT(B93, LEN(B93) - 3), IF(LEFT(B93,2)="JB",RIGHT(B93,LEN(B93)-2),B93)) -> LOCK | E93: =VALUE(_xlfn.XLOOKUP($C93,$A$2:$A$74,Sheet1!B$2:B$74)) -> 0 | F93: =VALUE(_xlfn.XLOOKUP($C93,$A$2:$A$74,Sheet1!C$2:C$74)) -> 0 | G93: =_xlfn.XLOOKUP($C93,$A$2:$A$74,Sheet1!D$2:D$74) -> 0 | H93: =VALUE(_xlfn.XLOOKUP($C93,$A$2:$A$74,Sheet1!E$2:E$74)) -> 0
A94: =IF(ISNUMBER(SEARCH(".", Sheet1!A95)),LEFT(Sheet1!A95,LEN(Sheet1!A95)-3),Sheet1!A95) -> 0 | B94: JBASML | C94: =IF(OR(LEFT(B94,3)="MVE",LEFT(B94,3)="SAF"),RIGHT(B94, LEN(B94) - 3), IF(LEFT(B94,2)="JB",RIGHT(B94,LEN(B94)-2),B94)) -> ASML | E94: =VALUE(_xlfn.XLOOKUP($C94,$A$2:$A$74,Sheet1!B$2:B$74)) -> 758 | F94: =VALUE(_xlfn.XLOOKUP($C94,$A$2:$A$74,Sheet1!C$2:C$74)) -> 45866 | G94: =_xlfn.XLOOKUP($C94,$A$2:$A$74,Sheet1!D$2:D$74) -> 0 | H94: =VALUE(_xlfn.XLOOKUP($C94,$A$2:$A$74,Sheet1!E$2:E$74)) -> 0.0098
A95: =IF(ISNUMBER(SEARCH(".", Sheet1!A93)),LEFT(Sheet1!A93,LEN(Sheet1!A93)-3),Sheet1!A93) -> 0 | B95: JBEOAN | C95: =IF(OR(LEFT(B95,3)="MVE",LEFT(B95,3)="SAF"),RIGHT(B95, LEN(B95) - 3), IF(LEFT(B95,2)="JB",RIGHT(B95,LEN(B95)-2),B95)) -> EOAN | E95: =VALUE(_xlfn.XLOOKUP($C95,$A$2:$A$74,Sheet1!B$2:B$74)) -> 16.88824 | F95: =VALUE(_xlfn.XLOOKUP($C95,$A$2:$A$74,Sheet1!C$2:C$74)) -> 45793 | G95: =_xlfn.XLOOKUP($C95,$A$2:$A$74,Sheet1!D$2:D$74) -> 0 | H95: =VALUE(_xlfn.XLOOKUP($C95,$A$2:$A$74,Sheet1!E$2:E$74)) -> 0.036199998
